asin,title,rating,review_count,sponsored,is_prime,search_position,recent_sales,price_primary,price_rrp,category,page,recent_sales_approx,discount_pct,engagement_score,has_discount
B09NXS395V,"24K Gold Under Eye Patches - 60 Pack for Puffy Eyes, Dark Circles, Bags & Wrinkles with Collagen & Hyaluronic Acid - Eye Care Pads for Daily Skincare (Gold)",4.1,14615,False,False,1,10K+ bought in past month,9.39,9.99,Beauty Personal Care,1,10000,6.0,41000.0,True
B091NJQ29P,Good Molecules Yerba Mate Wake Up Eye Gel - Hydrating Under Eye Gel Cream with Hyaluronic Acid and Caffeine - Target Dark Circles and Puffiness - Skin Care for Face,4.2,28653,False,False,2,60K+ bought in past month,5.97,,Beauty Personal Care,1,60000,,252000.0,False
B08Z5X1L1S,"Gifts for Women Gift Basket for Women - 10 Pc Almond Milk & Honey Beauty & Personal Care Set - Home Bath Pampering Package for Relaxing - Spa Self Care Kit - Birthday, Mom, Anniversary Gift",4.6,2369,False,False,3,5K+ bought in past month,34.98,65.0,Beauty Personal Care,1,5000,46.2,23000.0,True
B08KT2Z93D,"eos Shea Better Body Lotion Vanilla Cashmere, 24-Hour Moisture Skin Care, Lightweight & Non-Greasy, Natural Shea, Vegan, Vanilla Body Lotion, 16 fl oz",4.7,65741,False,False,4,100K+ bought in past month,9.97,10.99,Beauty Personal Care,1,100000,9.3,470000.0,True
B0CMV2DCXT,"CHMI Under Eye Patches (50 Pairs) - 24K Gold Eye Patches for Puffy Eyes, Dark Circles, EyeBags and Wrinkles, Collagen Skin Care Products, Beauty & Personal Care",4.5,1021,False,False,5,5K+ bought in past month,9.99,,Beauty Personal Care,1,5000,,22500.0,False
B0CTK5ZTNK,"Under Eye Patches, 40 Pairs Eye Mask for Dark Circles, Puffy Eyes, Undereye Bags,Wrinkles,Eye Mask Patches with 24K Gold, Hyaluronic Acid,Rose & Aloe Vera, Eye Treatment Skin Care for Men & Women Gift",4.5,5192,False,False,6,10K+ bought in past month,9.99,12.99,Beauty Personal Care,1,10000,23.1,45000.0,True
B0CNV5SG4S,"Sleeping lip mask, Nourish & Hydrate Lip Mask With Vitamin C, Antioxidants, Lip Balm, Lip Skin Care, Improve Lip Color, Reduce Lip Lines",4.6,969,False,False,7,300+ bought in past month,4.99,6.99,Beauty Personal Care,1,300,28.6,1380.0,True
B0C7W6GW8P,"e.l.f. Squeeze Me Lip Balm, Moisturizing Lip Balm for A Sheer Tint of Color, Infused with Hyaluronic Acid, Vegan & Cruelty-Free",4.5,19260,False,False,8,10K+ bought in past month,5.0,,Beauty Personal Care,1,10000,,45000.0,False
B0CPCYP629,"eos 24H Moisture Travel Body Lotion- Vanilla Cashmere, Travel Size Essential, Toiletries, Mini Body Lotion For Dry Skin, 2.5 fl oz",4.8,3099,False,False,9,20K+ bought in past month,3.99,,Beauty Personal Care,1,20000,,96000.0,False
B0DMTDN158,"The Ordinary Glycolic Acid 7% Exfoliating Toner, Brightening and Smoothing Daily Toner for More Even-Looking Skin Tone",4.7,44753,False,False,10,40K+ bought in past month,7.65,9.0,Beauty Personal Care,1,40000,15.0,188000.0,True
B0FD8W456T,"Vaseline Glazed and Glisten Sunlit Glow Body Gel Oil Vanilla Cocoa Shimmering with Ultra-Hydrating Lipids and 100% Pure Cocoa Butter, 6.8 Oz",4.5,1255,False,False,11,10K+ bought in past month,8.97,,Beauty Personal Care,1,10000,,45000.0,False
B0FJSQ3F1V,"grace & stella Under Eye Brightener with Rose Quartz Rollerball - Centella Asiatica & Caffeine Under Eye Serum for Dark Circles & Puffiness - Travel Essentials, Gifts for Women, Vegan (15ml/0.51floz)",4.3,600,False,False,12,20K+ bought in past month,12.95,,Beauty Personal Care,1,20000,,86000.0,False
B0C4FY8FXW,"grace & stella Award Winning Under Eye Mask - Reduce Dark Circles, Puffy Eyes, Undereye Bags, Wrinkles - Gel Under Eye Patches - Small Birthday Gifts - Vegan Cruelty-Free (Pink, 6 Pairs)",4.3,44199,False,False,13,3K+ bought in past month,9.94,13.0,Beauty Personal Care,1,3000,23.5,12900.0,True
B07PR467S5,"Tree Hut Coco Colada Shea Sugar Scrub, 18 oz, Ultra Hydrating and Exfoliating Scrub for Nourishing Essential Body Care",4.8,151171,False,False,14,9K+ bought in past month,8.94,,Beauty Personal Care,1,9000,,43200.0,False
B0CDH47BN9,"Pimple Patches for Face, Hydrocolloid Acne Patches, Cute Star Zit Covers, Colorful Spot Stickers with Tea Tree, Salicylic Acid & Cica Oil| 3 Sizes (10mm, 12mm & 14mm) |200 Count",4.5,8548,False,False,15,10K+ bought in past month,6.64,9.99,Beauty Personal Care,1,10000,33.5,45000.0,True
B088PRW7NQ,"TsMADDTs 6 pcs Tweezers Set for Women, Eyebrow Tweezers with Curved Scissor for Ingrown Hair, Hair Plucking Daily Beauty Tools with Leather Travel Case",4.5,16273,False,False,16,3K+ bought in past month,6.49,7.99,Beauty Personal Care,1,3000,18.8,13500.0,True
B0BVK4CLXC,"GRIN Tongue Cleaner, 32 Count, Disposable Tongue Cleaner, Hygienic Scraper, Recycled Plastic, Clean Tongue, Promote Fresh Breath, Includes Safe Fold- Back Tooth Pick",4.7,3263,False,False,17,10K+ bought in past month,3.47,,Beauty Personal Care,1,10000,,47000.0,False
B016RFJDL8,"EcoTools Dry Body Brush, Cruelty-Free Bristles Exfoliate & Smooth Skin, Dry Brushing Removes Flaky Skin, May Help Improve Circulation & Tone, Eco-Friendly Skincare Tool, Vegan & Cruelty-Free, 1 Count",4.7,12295,False,False,18,10K+ bought in past month,5.49,,Beauty Personal Care,1,10000,,47000.0,False
B0DBLV6YNX,"TWEEZIA Stainless Steel Tweezer Set - 4 Precision Tweezers with Mirror & Leather Case - Ideal Eyebrow Kit, Ingrown Hair Tweezers, Splinter Removal Kit or Pointed Tweezers for Beauty and Personal Care",3.7,1099,False,False,19,1K+ bought in past month,14.95,,Beauty Personal Care,1,1000,,3700.0,False
B0DPHQRLJC,"eos Cashmere Body Wash – Vanilla Cashmere, Moisturizing Body Wash, Creamy Gel Formula, with Shea Butter, Glycerin, Vitamin E, pH Balanced, Sensitive Skin, Vegan, 16 fl oz",4.8,14386,False,False,20,70K+ bought in past month,9.98,11.99,Beauty Personal Care,1,70000,16.8,336000.0,True
B0F3NYDCQQ,"medicube Salmon DNA PDRN Trial Kit | Glass Glow Mini Skincare Set with Toner, Serum & Sheet Mask for Hydrating, Firming, Moisturizing |Gift & Travel Essentials for Women & Girls | Korean Skincare",4.6,1016,False,False,21,2K+ bought in past month,14.9,,Beauty Personal Care,1,2000,,9200.0,False
B0DDC3QGJL,KAHI Wrinkle Bounce Multi Balm Stick | PDRN Collagen Wrinkle Stick | Korean Skin Care |All-in-One Hydrating Lip Balm Eye Cream Neck Cream Make Up Base & Face Mist Moisture Balm,4.2,16377,False,False,22,50K+ bought in past month,22.99,,Beauty Personal Care,1,50000,,210000.0,False
B091MBD3Q3,"GuruNanda Tongue Scraper for Adults (2 Pack) with Travel Case, 420 Medical-Grade 100% Stainless Steel Tongue Cleaner, Aids in Fresh Breath & Oral Care",4.7,14493,False,False,23,20K+ bought in past month,4.97,,Beauty Personal Care,1,20000,,94000.0,False
B0CRRZNL11,"eos Cashmere Lip Butter - Vanilla Cashmere, Plumping Peptides, Smoothing, eos Lip Butter, Shea Butter, Lip Mask, Lip Moisturizer, Soft Lips, 0.35 fl oz",4.6,3393,False,False,24,10K+ bought in past month,6.97,,Beauty Personal Care,1,10000,,46000.0,False
B0FZWP44NM,"Tree Hut Mini Vanilla Everything Shower Gift Set, Exfoliating Sugar Scrub, Foaming Gel Wash & Whipped Body Butter, Hydrating & Moisturizing Self-Care Gift Set for Smooth Skin",4.1,125,False,False,25,2K+ bought in past month,25.0,,Beauty Personal Care,1,2000,,8200.0,False
B002LC9OES,"Mario Badescu Facial Spray with Aloe, Herbs and Rose Water for All Skin Types, Face Mist that Hydrates, Rejuvenates & Clarifies",4.5,84021,False,False,26,7K+ bought in past month,8.0,,Beauty Personal Care,1,7000,,31500.0,False
B0DBF65JYY,"medicube PDRN Pink Peptide Serum with Salmon DNA | Pink Glow Serum with Peptides & Niacinamide for Hydration & Firm-Looking Skin | Uneven Tone Care | Korean Skincare, 1.01 fl. Oz",4.6,10387,False,False,27,80K+ bought in past month,18.9,21.8,Beauty Personal Care,1,80000,13.3,368000.0,True
B0DNTY74V9,"Dove Himalayan Salt & Rose Oil Body Scrub Exfoliates and Deeply Nourishes for Smooth, Radiant Skin 15 oz",4.7,7846,False,False,28,10K+ bought in past month,7.97,,Beauty Personal Care,1,10000,,47000.0,False
B0D415V33S,"CHMI Under Eye Patches (100 Pairs) - 24K Gold Eye Patches for Puffy Eyes, Dark Circles, Eye Bags and Wrinkles, Collagen Skin Care Products, Beauty & Personal Care",4.6,211,False,False,29,600+ bought in past month,17.99,,Beauty Personal Care,1,600,,2760.0,False
B0B3SCM1L6,"Tower 28 SOS Daily Rescue Facial Spray - Hypochlorous Acid Spray to Help Reduce Redness, Calm Irritation + Alleviate Flare-Ups - Purifying Travel Size Face Toner - Everyday Skin Care Essential (1 oz)",4.6,4344,False,False,30,10K+ bought in past month,12.0,,Beauty Personal Care,1,10000,,46000.0,False
B09X35Q53M,"XHJRI Ice Cube Roller Massager for Face, Eyes and Neck Naturally Conditioning and Skin Care,De-Puff Eye Bags,Reduce Migraine Pain,Reusable Massage Silicone Ice Mold (Pink)",4.4,4134,False,False,31,3K+ bought in past month,5.99,,Beauty Personal Care,1,3000,,13200.0,False
B0DSQNRZLL,"Burt's Bees Gifts Ideas, Tips and Toes Kit, 6 Travel Size Products - Pomegranate Moisturizing Lip Balm, 2 Hand Creams, Foot Cream, Cuticle Cream, and Hand Salve",4.7,18322,False,False,32,4K+ bought in past month,12.59,14.99,Beauty Personal Care,1,4000,16.0,18800.0,True
B09541P9WH,"Amazon Basics Double-Tipped Cotton Swabs for Personal Hygiene and Baby Care, 100% Cotton, Versatile, Baby Safe, 500 Count",4.7,71667,False,False,33,100K+ bought in past month,2.84,,Beauty Personal Care,1,100000,,470000.0,False
B07KY49QSD,"Naisture 15 Min Pamper Me Kit Korean Spa Skincare Gift Set for Women-Head to Toe with Hair, Face, Eye, Hand, & Foot Masks (7 pcs)",4.7,650,False,False,34,1K+ bought in past month,16.99,,Beauty Personal Care,1,1000,,4700.0,False
B088R6QXPC,"12 Pack, 2 oz Small Clear Glass Bottles w/Lid & 3 Funnels - 60ml Boston Shot Bottles for Health, Immunity, Potion, Wellness, Sample, Ginger, Juice - Mini Personal Care & Beauty Travel Bottle",4.7,18205,False,False,35,20K+ bought in past month,9.99,14.99,Beauty Personal Care,1,20000,33.4,94000.0,True
B07Y91BMSK,"NIVEA Lip Care, Fruity Tinted Lip Balm Variety Pack, Cherry, Strawberry, Blackberry and Watermelon Flavors, 3-in-1 Moisture, Repair and Color, 0.17 Oz Stick, Pack of 4",4.6,22271,False,False,36,2K+ bought in past month,10.42,,Beauty Personal Care,1,2000,,9200.0,False
B09R1KX4C2,"BAIMEI IcyMe Ice Roller for Face and Gua Sha Facial Tool Set, Ice Face Roller Reduces Puffiness Relieves Migraines Skin Care Tools, Self Care Gift for Women - Pink",4.5,7771,False,False,37,8K+ bought in past month,7.99,11.99,Beauty Personal Care,1,8000,33.4,36000.0,True
B08DG3C22G,Under Eye Patches (20 Pairs) - Eye Patches For Puffy Eyes And Dark Circles - Under Eye Mask For Beauty & Personal Care - Under Eye Mask Amino Acid & Collagen For Dark Circles And Puffiness by Celor,4.2,22332,False,False,38,6K+ bought in past month,9.97,14.99,Beauty Personal Care,1,6000,33.5,25200.0,True
B0D8W1YVBX,"EQQUALBERRY Vitamin Illuminating Serum | Niacinamide 4% + Brightening Vitamin C Face Serum with Hyaluronic Acid & Vitamin E | Dark Spot, Uneven Tone Care | Korean Skincare, 1.01 fl.oz",4.4,8033,False,False,39,100K+ bought in past month,19.99,24.99,Beauty Personal Care,1,100000,20.0,440000.0,True
B0FSWNJ2KH,"Gift Baskets for Women Birthday Gifts for Women Unique Get Well Gift for Woman Luxury Self Care Gifts for Woman Get Better Soon Care Package Set for Her Spa Kit Box for Best Friends, Girlfriend, Mom",4.6,155,False,False,40,200+ bought in past month,25.99,,Beauty Personal Care,1,200,,920.0,False
B0FPDYXWJC,"15 PACK Skincare Set with Facial Masks, Under Eye Patches, Face Mist, Lip Mask, Headband, Skin Care for Women, Travel Kit & Birtuday Gifts for Teens Girls, Thank You Gift for Mom, Teacher Gifts",4.6,13,False,False,41,200+ bought in past month,9.99,11.99,Beauty Personal Care,1,200,16.7,920.0,True
B0B45LL4DD,"Beauty of Joseon Revive Eye Serum with Retinal Niacinamide Correction for Puffy Eye Bags Fine Lines Dark Circles Wrinkles, Korean Skin Care 30ml, 1 fl.oz",4.3,16789,False,False,42,40K+ bought in past month,16.99,,Beauty Personal Care,1,40000,,172000.0,False
B004EDWMBO,"Burt's Bees Gifts Ideas - Essential Everyday Beauty Set, 5 Travel Size Products - Deep Cleansing Cream, Hand Salve, Body Lotion, Foot Cream and Lip Balm",4.7,45996,False,False,43,1K+ bought in past month,12.99,,Beauty Personal Care,1,1000,,4700.0,False
B0DC17H49K,"Kitsch Dermaplane Razor for Women Face – Face Razors for Women & Men, Eye Brow Razors & Face Shaver – Exfoliating Facial Razor & Dermaplaner as Skin Care Tool for Smoother Skin - Terracotta, 6 pcs",4.4,33452,False,False,44,6K+ bought in past month,4.99,,Beauty Personal Care,1,6000,,26400.0,False
B0BKZSMPB7,"Manicure kit Personal Care Mens Grooming Kit, 30 in 1 Professional Nails Kit Pedicure Kit, Nail Clippers for Men and Beauty Tool Portable Set, with Luxurious Travel Case (Black)",4.4,1858,False,False,45,900+ bought in past month,14.99,,Beauty Personal Care,1,900,,3960.0,False
B0B2TKJVDH,"eos Natural Shea Lip Balm- Birthday Cake, eos lip balm, All-Day Moisture, Lip Care, Shea Butter, Moisturizing, Dry Lip Care, 0.14 oz",4.7,7025,False,False,46,20K+ bought in past month,3.59,,Beauty Personal Care,1,20000,,94000.0,False
B0787GLBMV,"Schick Hydro Silk Touch-Up Dermaplaning Tool with Precision Cover, 3ct | Dermaplane Razor, Face Razors for Women, Peach Fuzz Remover",4.5,199356,False,False,47,50K+ bought in past month,5.94,7.49,Beauty Personal Care,1,50000,20.7,225000.0,True
B07LHBLVYJ,Vaseline Lip Therapy Cocoa Butter Twin Pack,4.6,3349,False,False,48,10K+ bought in past month,2.99,,Beauty Personal Care,1,10000,,46000.0,False
B0F19YY96Z,Summer Fridays Jet Lag Under Eye Patches - Hydrating & Depuffing Hydrogel Eye Masks with Caffeine & Peptides to Soothe & Refresh the Undereye Area (6 Pairs),4.6,175,True,False,49,10K+ bought in past month,24.0,,Beauty Personal Care,1,10000,,46000.0,False
B07YF5S2ZC,"Estée Lauder Perfectly Clean Multi-Action Foaming Face Wash Cleanser/Purifying Face Mask, 5.0 fl oz.",4.8,2829,True,False,50,1K+ bought in past month,27.2,32.0,Beauty Personal Care,1,1000,15.0,4800.0,True
B00949CTQQ,"Paula's Choice SKIN PERFECTING 2% BHA Liquid Exfoliant with Salicylic Acid, Facial Polish for Enlarged Pores, Wrinkles & Fine Lines, Suitable for Blackhead-Prone Skin, Fragrance-Free",4.5,113292,True,False,51,40K+ bought in past month,37.0,,Beauty Personal Care,1,40000,,180000.0,False
B0748G11ZG,"BULLDOG Mens Skincare and Grooming Face Moisturizer Original, 3.3 Fluid Ounce",4.6,1496,True,False,52,1K+ bought in past month,11.63,,Beauty Personal Care,1,1000,,4600.0,False
B0DB9ML24P,Estée Lauder Advanced Night Cleansing Gelée Foaming Face Wash Cleanser with 15 Amino Acids | Deep Pore Cleanser,4.7,601,True,False,53,400+ bought in past month,10.2,12.0,Beauty Personal Care,1,400,15.0,1880.0,True
B09318THFK,"City Beauty Restoring Hand Treatment - Moisturizing Hand Cream - Dry Hand Relief - Solution for Wrinkled, Crepey Hands & Dark Spots - Wash-Resistant - Anti-Aging Cruelty-Free Skin Care",4.0,180,True,False,1,50+ bought in past month,68.0,,Beauty Personal Care,2,50,,200.0,False
B08Y73331D,Shiseido Vital Perfection LiftDefine Radiance Serum - Lifting & Firming Face Serum - Visibly Improves Dullness & Loss of Firmness,4.5,159,True,False,2,50+ bought in past month,91.2,150.0,Beauty Personal Care,2,50,39.2,225.0,True
B07HZWXGJ7,"Paula's Choice CLEAR Oil-Free Face Moisturizer, Lightweight Facial Cream for Acne-Prone Skin, Hyaluronic Acid, Pore-Minimizing Niacinamide, Soothing Antioxidants, Calms Redness, Fragrance- Free",4.5,1923,True,False,3,2K+ bought in past month,39.0,,Beauty Personal Care,2,2000,,9000.0,False
B0CXZJC7J9,City Beauty Concentrated Youth Serum - Anti-Aging Face Serum - Firm & Smooth - Light-Activated Wrinkle Solution With Advanced Enzymes - Visibly Smooths Fine Lines & Wrinkles,4.2,10,True,False,4,,90.0,,Beauty Personal Care,2,,,,False
B0CG1H8YRS,"TIRTIR Milk Skin Rice Toner - Deep Moisturizing, Hydrating and Refreshing for face, Niacinamide, Ceramide, Rice Bran Extract, Nature-Oriented Ingredients, Korean Skin Care, Vegan, 150ml / 5.07 fl.oz.",4.6,7204,False,False,5,10K+ bought in past month,17.5,25.0,Beauty Personal Care,2,10000,30.0,46000.0,True
B01N1LL62W,"CeraVe Foaming Facial Cleanser, Daily Face Wash for Oily Skin, Hyaluronic Acid + Ceramides + Niacinamide, Fragrance Free & Paraben Free, Non-Drying Oil Control Face Wash, 16 Fluid Ounces",4.8,74591,False,False,6,50K+ bought in past month,15.97,18.99,Beauty Personal Care,2,50000,15.9,240000.0,True
B0B9GHVLDK,"PrettyCare 4 Pack Amber Glass Oil Roller Bottles for Essential Oils 10ml, Roll On Bottles with Stainless Steel Roller Ball Leak-Proof Perfume Travel Refillable Bottle Empty, Beauty & Personal Care",4.6,14199,False,False,7,3K+ bought in past month,6.26,7.99,Beauty Personal Care,2,3000,21.7,13800.0,True
B08Y73331D,Shiseido Vital Perfection LiftDefine Radiance Serum - Lifting & Firming Face Serum - Visibly Improves Dullness & Loss of Firmness,4.5,159,True,False,8,50+ bought in past month,91.2,150.0,Beauty Personal Care,2,50,39.2,225.0,True
B09318THFK,"City Beauty Restoring Hand Treatment - Moisturizing Hand Cream - Dry Hand Relief - Solution for Wrinkled, Crepey Hands & Dark Spots - Wash-Resistant - Anti-Aging Cruelty-Free Skin Care",4.0,180,True,False,9,50+ bought in past month,68.0,,Beauty Personal Care,2,50,,200.0,False
B00949CTQQ,"Paula's Choice SKIN PERFECTING 2% BHA Liquid Exfoliant with Salicylic Acid, Facial Polish for Enlarged Pores, Wrinkles & Fine Lines, Suitable for Blackhead-Prone Skin, Fragrance-Free",4.5,113292,True,False,10,40K+ bought in past month,37.0,,Beauty Personal Care,2,40000,,180000.0,False
B0F23Z22CG,"Salt & Stone Body Lotion for Women & Men | Neroli & Basil | Hydrates, Nourishes & Softens Skin | Restores Dry Skin | Fast-Absorbing | Cruelty-Free & Vegan | 3.4 fl oz",4.2,1959,True,False,11,300+ bought in past month,20.0,,Beauty Personal Care,2,300,,1260.0,False
B07HZWXGJ7,"Paula's Choice CLEAR Oil-Free Face Moisturizer, Lightweight Facial Cream for Acne-Prone Skin, Hyaluronic Acid, Pore-Minimizing Niacinamide, Soothing Antioxidants, Calms Redness, Fragrance- Free",4.5,1923,True,False,12,2K+ bought in past month,39.0,,Beauty Personal Care,2,2000,,9000.0,False
B0CB7JBXN8,"Set of 4, 1 oz Clear Eye Dropper Bottles with 1 Stainless Steel Funnels & 4 Labels - Black Caps 30ml Thick Glass Tincture Bottles - Leakproof Essential Oils Bottles for Health, Personal Care & Beauty",4.6,1165,False,False,13,700+ bought in past month,5.99,7.99,Beauty Personal Care,2,700,25.0,3220.0,True
B07CWKHWJ1,"Sky Organics Organic Cotton Rounds for Sensitive Skin, 100% Pure GOTS Certified Organic for Beauty & Personal Care, 100 ct.",4.6,3916,False,False,14,300+ bought in past month,7.99,,Beauty Personal Care,2,300,,1380.0,False
B09BCGVPZX,MR.GREEN Manicure Sets Pedicure Kits Stainless Steel Nail Clipper Personal Care Tools with PU Leather Case (Green),4.7,1643,False,False,15,1K+ bought in past month,39.9,,Beauty Personal Care,2,1000,,4700.0,False
B0F23Z22CG,"Salt & Stone Body Lotion for Women & Men | Neroli & Basil | Hydrates, Nourishes & Softens Skin | Restores Dry Skin | Fast-Absorbing | Cruelty-Free & Vegan | 3.4 fl oz",4.2,1959,True,False,16,300+ bought in past month,20.0,,Beauty Personal Care,2,300,,1260.0,False
B00949CTQQ,"Paula's Choice SKIN PERFECTING 2% BHA Liquid Exfoliant with Salicylic Acid, Facial Polish for Enlarged Pores, Wrinkles & Fine Lines, Suitable for Blackhead-Prone Skin, Fragrance-Free",4.5,113292,True,False,17,40K+ bought in past month,37.0,,Beauty Personal Care,2,40000,,180000.0,False
B08GSRNC6D,"Caldera + Lab The Good | Men's Organic Moisturizing Face Serum for Dry, Sensitive, & Normal Skin – Vegan, Natural & Antioxidant Packed Skincare Facial Oil",4.4,1055,True,False,18,1K+ bought in past month,110.0,,Beauty Personal Care,2,1000,,4400.0,False
B0BJ11JNKM,Nécessaire The Body Lotion Fragrance-Free - Multi-Peptide Moisturizer - Firming Body Lotion for Women + Men. 2.5% Niacinamide. Non-Comedogenic + Hypoallergenic for Sensitive Skin– 200 ml/6.8 fl oz,4.5,1287,True,False,19,1K+ bought in past month,30.0,,Beauty Personal Care,2,1000,,4500.0,False
B01IEXB0D0,"Patchology Under Eye Gel Patches – Natural Eye Masks for Puffy Eyes, Dark Circles & Eye Bags, Soothing Skincare Treatment for All Skin Types, Beauty & Personal Care Essentials (5 Pairs)",4.3,1833,False,False,20,1K+ bought in past month,,,Beauty Personal Care,2,1000,,4300.0,False
B0D7HGYK4C,"Gift Basket for Women - 8 Pc Rose & Jasmine Beauty & Personal Care Set - Home Bath Pampering Package for Relaxing - Spa Self Care Kit - Thank You, Birthday, Mom, Anniversary, Christmas Gift",4.6,2526,False,False,21,,29.44,30.99,Beauty Personal Care,2,,5.0,,True
B00AHAWWO0,"Crest 3D Whitestrips Professional Effects – Teeth Whitening Kit, 22 Treatments (20 + 2 Bonus), Each with 1 Upper/1Lower, 44 Strips – Crest 3DWhite Teeth Whitening Strips",4.6,102791,False,False,22,80K+ bought in past month,45.99,,Beauty Personal Care,2,80000,,368000.0,False
B0FFGM7B1M,"DEMIKI Body Lotion Moisturizer Skin Care with Squalane and Amino Acids - Japanese Body Lotion for Women, Beauty & Personal Care Body Cream, Perfume Moisturizer Skincare for Dry Skin 7.12fl.oz",4.8,72,False,False,23,,28.41,29.91,Beauty Personal Care,2,,5.0,,True
B0F19YY96Z,Summer Fridays Jet Lag Under Eye Patches - Hydrating & Depuffing Hydrogel Eye Masks with Caffeine & Peptides to Soothe & Refresh the Undereye Area (6 Pairs),4.6,175,True,False,24,10K+ bought in past month,24.0,,Beauty Personal Care,2,10000,,46000.0,False
B0DB39T22H,"Living Proof Perfect Hair Day Shampoo Hydrating Shampoo – Long-Lasting Hydration, Shine, Gentle Cleansing, Luxurious Lather, Uplifting Fragrance",4.6,273,True,False,25,700+ bought in past month,36.0,,Beauty Personal Care,2,700,,3220.0,False
B092MYHH9W,"City Beauty MicroBiome Night Mask - Nourishing Overnight Face Mask - Prebiotic & Probiotic Blend - Solution for Dull, Uneven Skin Tone, Large Pores, & Wrinkles - Anti-Aging Cruelty-Free Skin Care",4.4,38,True,False,26,,65.0,,Beauty Personal Care,2,,,,False
B07F4641MC,"Honest Beauty Deep Hydration Face Cream for Dry Skin, Hydrates and Supports Natural Moisture Barrier, Hypoallergenic, Gentle Sensitive, 1.7 fl oz",4.4,1692,True,False,27,2K+ bought in past month,27.6,29.99,Beauty Personal Care,2,2000,8.0,8800.0,True
B0D56F9JGD,"AOZITA 4 Pack, 2 oz Dropper Bottles with 1 Funnel & 4 Labels - 60ml Thick Dark Blue Glass Tincture Bottles with Eye Droppers - Leakproof Essential Oils Bottle for Health, Personal Care & Beauty",4.7,351,False,False,28,500+ bought in past month,6.99,8.99,Beauty Personal Care,2,500,22.2,2350.0,True
B0BD3JZT3S,"Premium Luxury Gold Women Facial Skin Care Set (4Pcs) Beauty & Personal Care, Nourishing And Moisturizing, Calming Korea Cosmetic for Yedam Yun Bit",3.9,47,False,False,29,,45.99,,Beauty Personal Care,2,,,,False
B0F4KFRH37,"33 pcs Valentines Day Gifts for Women, Orange Facial Kit, Skin Care Gift Set, Self-Care Kit, Spa & Bath & Body Basket Gift, Beauty Bag, Face Gel Mask, Pampering Kit, Birthday Gift, Mother Day",4.5,251,False,False,30,100+ bought in past month,45.99,,Beauty Personal Care,2,100,,450.0,False
B0FP2Z5YJL,"4.1inch round-headed stainless steel small scissors, suitable for trimming facial hair, nose hair, eyebrows, eyelashes, beards, personal care and salon beauty salons (black)",4.5,37,False,False,31,200+ bought in past month,8.99,9.99,Beauty Personal Care,2,200,10.0,900.0,True
B0FJF5G3WG,300pcs Pointed Cotton Swabs - Disposable Double Pointy Precision Tip Cotton Buds With Bamboo Sticks For Ear Wax Removal Makeup Lip Eyeshadow Applicators Micro Nail Tool Beauty & Personal Care,4.2,14,False,False,32,100+ bought in past month,5.49,6.49,Beauty Personal Care,2,100,15.4,420.0,True
B07C5NBXTD,"Sooryehan Hyobidam Fermented Skincare Gift Set with Wild Ginseng - Premium Korean Anti-Aging Skin Care Kit for Intense Hydration, 13.53 fl oz (Full Size Toner & Emulsion + Mini Cream, Eye Cream, Mask)",4.5,839,False,False,33,300+ bought in past month,95.0,,Beauty Personal Care,2,300,,1350.0,False
B0DS8SRVNL,"TheTongueBuddy™ Effective Tongue Scraper for Adults - Ergonomic Tongue Cleaner Promotes Fresher Breath, Travel-Friendly Beauty and Personal Care Essential (Smoke White)",4.4,159,False,False,34,,9.99,,Beauty Personal Care,2,,,,False
B0CRKKV5XN,"THE JOLIE FILTERED SHOWERHEAD with Shower Filter System- High Pressure Showerhead, Hair and Skincare Accessory to Improve Beauty and Personal Care Routine (New Modern Chrome- Retail Packaging)",4.1,1877,False,False,35,500+ bought in past month,169.0,,Beauty Personal Care,2,500,,2050.0,False
B0BM4CX6F2,"The Jolie Filtered SHOWERHEAD with Shower Water Filter System- High Pressure Showerhead, Hair and Skincare Accessory to Improve Beauty and Personal Care Routine (New Brushed Steel)",4.1,1877,False,False,36,500+ bought in past month,169.0,,Beauty Personal Care,2,500,,2050.0,False
B0CR8CXDNH,"Personal Care Professional Beauty Tools (pink) Small scissors Facial hair removal and ear, nose and eyebrow, beard trimming Stainless steel fine straight head scissors",4.2,610,False,False,37,200+ bought in past month,8.49,8.99,Beauty Personal Care,2,200,5.6,840.0,True
B07ZX9B41T,"PrettyCare 4 Pack 1oz Dropper Bottle for Essential Oils, 30 ml Frosted Clear Glass Leak Proof Essential Oils Bottles with Labels, Funnels- Empty Tincture Bottles for Personal Care & Beauty",4.7,12976,False,False,38,,8.99,9.49,Beauty Personal Care,2,,5.3,,True
B0BG9S46G1,"800 Count Bamboo Cotton Swabs - Natural Organic Cotton Buds with Double Tips, Hypoallergenic, Biodegradable Swabs for Ear Cleaning, Beauty & Personal Care, Makeup, Pet Care, Crafts",4.6,1078,False,False,39,,7.99,,Beauty Personal Care,2,,,,False
B0BZSCDXDH,FOREO Glow Addict Advanced Collection 2.0 UFO-Activated Facial Mask - Hydrating Facial - Beauty & Personal Care - Vitamin C & Vitamin E - For All Skin Types & Dull Skin - Antiaging - 6 pcs in Pack,4.8,49,False,False,40,50+ bought in past month,13.19,24.99,Beauty Personal Care,2,50,47.2,240.0,True
B0CYSQMBDS,"Valentines Day Gifts Basket Christmas Gifts for Women Spa Set Lily & Peony Home Spa Set, Beauty Personal Care Set Jojoba Oil, Spa Self Care Kit, Bath Body For Thank You, Birthday Gifts",4.6,819,False,False,41,50+ bought in past month,32.98,,Beauty Personal Care,2,50,,230.0,False
B0CBL5NSP6,"First Aid Beauty - Facial Radiance Pads with Glycolic & Lactic Acids, Daily Exfoliating Pads with AHA, Visibly Smaller Pores, Help Tone & Brighten Skin, One-Step Makeup Prep, Compostable, 28",4.6,3197,False,False,42,10K+ bought in past month,,,Beauty Personal Care,2,10000,,46000.0,False
B01I8G5WUU,"Sky Organics - Zinc Oxide Powder, 16 oz - Non-Nano & Uncoated - Make Your Own Lotion, Deodorant, Cream, Soap - DIY Essentials - Resealable Bag - Natural, Vegan & Cruelty Free - Beauty & Personal Care",4.8,2656,False,False,43,1K+ bought in past month,21.99,26.99,Beauty Personal Care,2,1000,18.5,4800.0,True
B00407DVNC,"Vaseline Original Petroleum Jelly Variety Pack, 2 Sizes (7.5 Oz & 1.75 Oz) – Hypoallergenic Skin Protectant, Unscented Healing Ointment for Beauty & Personal Care",4.7,8459,False,False,44,5K+ bought in past month,12.99,,Beauty Personal Care,2,5000,,23500.0,False
B0BZS93D1G,FOREO H2Overdose Advanced Collection 2.0 UFO-Activated Facial Mask - Hydrating Facial - Beauty & Personal Care - Hyaluronic Acid & Vitamin E - For All Skin Types - Dry skin & Flaky Skin - 6 pcs,4.8,52,False,False,45,50+ bought in past month,13.19,24.99,Beauty Personal Care,2,50,47.2,240.0,True
B0FRFJF3NJ,"2 Pcs Eyebrow Scissors for Women, Professional Grooming Mini Scissors with Stainless Steel Straight Tip, 3.5 Inch Pink Small Scissors, Beauty Kit for Personal Care with PU Case, Gradient Blue",4.6,244,False,False,46,50+ bought in past month,9.99,,Beauty Personal Care,2,50,,230.0,False
B09PTDKXJN,"WELCOS Frudia Reproust Essential Blending Lip Butter Greenery | Korean Skin Care & Personal Care Products | Lip Oil Moisturizer, Lip Balm Beauty & Personal Care for Dry & Chapped Lips 0.35 fl. oz.",4.2,75,False,False,47,,6.99,,Beauty Personal Care,2,,,,False
B01N1ZJ278,Timeless Skin Care Hydrating Eye Cream - Skin Care Cream for Eyes with Hyaluronic Acid - Hydrating Beauty Product for Personal Care - 0.5 oz (Pack of 1),4.1,354,False,False,48,50+ bought in past month,16.48,,Beauty Personal Care,2,50,,205.0,False
B0DZBJYLTG,"CHMI Under Eye Patches (200 Pairs) - 24K Gold Eye Patches for Puffy Eyes, Dark Circles, EyeBags and Wrinkles, Collagen Skin Care Products, Beauty & Personal Care",4.5,1021,False,False,49,300+ bought in past month,29.99,,Beauty Personal Care,2,300,,1350.0,False
B0CGY4ZHN8,"THE JOLIE FILTERED SHOWERHEAD with Shower Filter System- High Pressure Showerhead, Hair and Skincare Accessory to Improve Beauty and Personal Care Routine (Gold)",4.1,1877,False,False,50,300+ bought in past month,169.0,,Beauty Personal Care,2,300,,1230.0,False
B0DBHD9K1R,"20Pairs/40Pcs 24K Gold Eye Patches, Collagen Eye Masks for Dark Circles and Eye Bags, Smooth Wrinkles & Puffy Eyes, Moisturizing Skin, Skincare Eye Treatment, Beauty & Personal Care",4.4,269,False,False,51,,7.99,9.99,Beauty Personal Care,2,,20.0,,True
B0150GNRKI,"Indigo Wild Zum Face Nourishing Face Oil - Hydrating Face Moisturizer - Skin Oil Made with Shea Butter & Meadowfoam Seed Oil - Beauty & Personal Care - Lavender, Geranium & Rosemary Scent - 2 fl oz",4.6,314,False,False,52,50+ bought in past month,22.0,,Beauty Personal Care,2,50,,230.0,False
B09KNRGPJB,"Vaseline Original Healing Jelly, 2-Size Variety Bundle – #1 Dermatologist Recommended Skin Protectant, Healing Ointment for Beauty & Personal Care",4.8,691,False,False,53,200+ bought in past month,16.97,,Beauty Personal Care,2,200,,960.0,False
B07CWJG62J,"Sky Organics Jumbo Cotton Balls for Sensitive Skin, 100% Pure Organic Cotton Sustainably Grown, Chlorine Free, Hypoallergenic, Ultra-Soft and Absorbent for Beauty,Personal Care, 100 ct",4.5,5341,False,False,54,200+ bought in past month,7.99,,Beauty Personal Care,2,200,,900.0,False
B0CL9RV66B,"Skincare Face Mask Mixing Bowl Set,Makeup Skin Care Products for Clay Mask,Home DIY Beauty & Personal Care Tools Kit Wood Bowl,Spatula,Spoon,Brush,Facial Headband,Wrist Washband",4.6,88,False,False,55,,12.99,,Beauty Personal Care,2,,,,False
B0DNM9HFQW,"36 Pairs Under Eye Patches & Lip Mask for Puffy Eyes and Dark Circles - Crystal Lip Care Gel Pads Mask Bulk Collagen Skin Care Products, Beauty & Personal Care",4.2,14,False,False,56,,13.98,,Beauty Personal Care,2,,,,False
B005NQRPFO,"PMD Beauty Personal Microderm Classic - At-Home Use, Facial Exfoliator Tool, Microdermabrasion Machine Kit for Face and Body Skincare",4.0,2916,False,False,57,50+ bought in past month,159.0,,Beauty Personal Care,2,50,,200.0,False
B0BWQ1DC3P,SCENT BEAUTY STETSON Personal Care Deep Clean Face & Beard Wash Men's Face Wash & Clarifying Soap - 5 oz - 3 Pack - Original,4.8,56,False,False,58,,15.49,,Beauty Personal Care,2,,,,False
B0BGYWV3LM,Innerest Original Derma Beauty Collagen Face Masks Skincare 12 PK Soothing Aloe Face Mask Skin Care Sheet Masks Set for Beauty & Personal Care Korean Face Mask,4.4,63,False,False,59,,16.45,,Beauty Personal Care,2,,,,False
B0G43HBSXH,"1 Pack Foot Scraper Tool, Pedicure Tool to Remove Dead Skin and Calluses, Foot File, Personal Care and Beauty Gadgets, Pink",,,False,False,60,,2.47,,Beauty Personal Care,2,,,,False
B009DOWEBW,"Island Soap and Candle Works Shea Butter Body Cream for Men and Women - Body Moisturizer for Dry Skin - Beauty and Personal Care - Hawaiian Gifts - Hawaiian Sunrise, 3 Fl oz. Bottle",4.5,310,False,False,61,,15.99,,Beauty Personal Care,2,,,,False
B0BGYW8MMF,Innerest Original Derma Beauty Collagen Face Masks 24 PK Face Mask Skin Care Collagen Essence Sheet Masks Assortment Set for Beauty & Personal Care Korean Face Mask,4.4,21,False,False,62,,24.45,,Beauty Personal Care,2,,,,False
B07T52PX6X,Organic Maple Leaf Elastin Complex Facial Serum - Rich in Vitamin C Serum - Face Serum Skin Care - Anti Aging Serum - Beauty & Personal Care Serum for Face - Facial Skin Care Products by VeOrganics,4.0,102,False,False,63,,40.99,,Beauty Personal Care,2,,,,False
B0CNJSQMQP,"4 Pack, 100ml Dropper Bottles with 2pcs Glass Pipettes(1ml) - Essential Oils Bottles for Health, Personal Care & Beauty - 3.4oz Thick Dark Amber Glass Tincture Bottle with Eye Droppers, Leakproof",4.7,1912,False,False,64,100+ bought in past month,9.99,12.99,Beauty Personal Care,2,100,23.1,470.0,True
B0F98WBJW4,"Bottle Covers for Travel, Leak Proofing, Travel Size Container Silicone toiletry sleeves, Leak Locks Travel Accessories for Shampoo Wash Body Bottles and other beauty and personal care(8pcs)",4.3,781,False,False,65,,9.99,,Beauty Personal Care,2,,,,False
B0F19YY96Z,Summer Fridays Jet Lag Under Eye Patches - Hydrating & Depuffing Hydrogel Eye Masks with Caffeine & Peptides to Soothe & Refresh the Undereye Area (6 Pairs),4.6,175,True,False,66,10K+ bought in past month,24.0,,Beauty Personal Care,2,10000,,46000.0,False
B07YF5S2ZC,"Estée Lauder Perfectly Clean Multi-Action Foaming Face Wash Cleanser/Purifying Face Mask, 5.0 fl oz.",4.8,2829,True,False,67,1K+ bought in past month,27.2,32.0,Beauty Personal Care,2,1000,15.0,4800.0,True
B00HBISPME,"Towelettes - Natural Face, Eyelash & Eyelid Cleanser - Wipes for Demodex, Blepharitis, Mgd and Red Irritated Eye Lid - Tea Tree Oil Extract.",4.3,4915,True,False,68,4K+ bought in past month,41.75,,Beauty Personal Care,2,4000,,17200.0,False
B0FCYBJK6T,"Ufree 3-in-1 Beard Trimmer for Men, Valentine Gifts for Men, IPX6 Waterproof Men's Electric Razor Shaver for Mustache, Professional Hair Trimmer Clippers, Type-C Body Grooming Kit",4.4,1147,True,False,69,10K+ bought in past month,19.98,29.99,Beauty Personal Care,2,10000,33.4,44000.0,True
B0DB9ML24P,Estée Lauder Advanced Night Cleansing Gelée Foaming Face Wash Cleanser with 15 Amino Acids | Deep Pore Cleanser,4.7,601,True,False,70,400+ bought in past month,10.2,12.0,Beauty Personal Care,2,400,15.0,1880.0,True
B08Y73331D,Shiseido Vital Perfection LiftDefine Radiance Serum - Lifting & Firming Face Serum - Visibly Improves Dullness & Loss of Firmness,4.5,159,True,False,1,50+ bought in past month,91.2,150.0,Beauty Personal Care,3,50,39.2,225.0,True
B07BVYZL88,"LUMIFY Eye Drops for Red Eyes, Redness Reliever for Brighter Looking Eyes, Works in 1 Minute & Lasts Up to 8 Hours, Eye Drops, 0.25 Fl Oz (7.5mL)",4.8,68151,True,False,2,,19.56,21.99,Beauty Personal Care,3,,11.1,,True
B00949CTQQ,"Paula's Choice SKIN PERFECTING 2% BHA Liquid Exfoliant with Salicylic Acid, Facial Polish for Enlarged Pores, Wrinkles & Fine Lines, Suitable for Blackhead-Prone Skin, Fragrance-Free",4.5,113292,True,False,3,40K+ bought in past month,37.0,,Beauty Personal Care,3,40000,,180000.0,False
B0FMTQ8TMC,"Caldera + Lab Hair Care System for Men – Shampoo, Conditioner & Leave-In Scalp Serum | Clean, Sulfate-Free Set | Fuller-Looking, Stronger Hair | Gift-Ready",4.5,54,True,False,4,,167.0,,Beauty Personal Care,3,,,,False
B0DZTCQBQN,"Facial Care Epilators Safe Handheld Spring Roller Female Mustache Hair Removal Beauty Cleaning Reusable Epilator Tool,Random",3.2,12,False,False,5,,2.91,,Beauty Personal Care,3,,,,False
B0D6R6CPGZ,"LANGMANNI 4pcs Matte Lipstick with Lipliners Durable Makeup Set,Long-Lasting Non-Stick Cup Not Fade Waterproof Pigmented Velvet Lipgloss Kit Beauty Cosmetics Makeup Gift for Girls(#3+4+6+12)",4.1,6906,False,False,6,50+ bought in past month,8.99,,Beauty Personal Care,3,50,,205.0,False
B0F5WXLC7G,Gua Sha Facial Tools Guasha for Face Metal Gua Sha Tighten Skin Massage Guasha Beauty Tool for Body Eyes Massager Skin Care with Box (White),5.0,1,False,False,7,,3.59,,Beauty Personal Care,3,,,,False
B08Y73331D,Shiseido Vital Perfection LiftDefine Radiance Serum - Lifting & Firming Face Serum - Visibly Improves Dullness & Loss of Firmness,4.5,159,True,False,8,50+ bought in past month,91.2,150.0,Beauty Personal Care,3,50,39.2,225.0,True
B0DJWRHCWG,"Beverly Hills MD Lift & Firm Sculpting Cream- Tighten & Tone Skin, Anti-Aging Lotion for Smooth, Moisturized Complexion- Lift and Smooth Face, Neck, Décolleté w/Silk Peptides, + Aloe Vera, Vitamin E",4.2,793,True,False,9,300+ bought in past month,60.0,,Beauty Personal Care,3,300,,1260.0,False
B07GB3NVN1,"Native Deodorant Contains Naturally Derived Ingredients, 72 Hour Odor Control | Deodorant for Women and Men, Aluminum Free with Baking Soda, Coconut Oil and Shea Butter | Coconut & Vanilla",4.4,130808,True,False,10,30K+ bought in past month,13.97,,Beauty Personal Care,3,30000,,132000.0,False
B00949CTQQ,"Paula's Choice SKIN PERFECTING 2% BHA Liquid Exfoliant with Salicylic Acid, Facial Polish for Enlarged Pores, Wrinkles & Fine Lines, Suitable for Blackhead-Prone Skin, Fragrance-Free",4.5,113292,True,False,11,40K+ bought in past month,37.0,,Beauty Personal Care,3,40000,,180000.0,False
B08GSRNC6D,"Caldera + Lab The Good | Men's Organic Moisturizing Face Serum for Dry, Sensitive, & Normal Skin – Vegan, Natural & Antioxidant Packed Skincare Facial Oil",4.4,1055,True,False,12,1K+ bought in past month,110.0,,Beauty Personal Care,3,1000,,4400.0,False
B0DZCGDGFS,"2PCS Silicone Facial Cleanser Tool,Silicone Face Manual Beauty Tools Facial Cleanser Soft Bristle Cleaning Tool Double-Sided Massage",4.2,12,False,False,13,,2.46,,Beauty Personal Care,3,,,,False
B0CBS9L5WD,Nicole Miller 10 PC Full-Size 3.5ml Each Multicolor Lip Gloss Set - Vibrant Shades for Alluring Beauty,4.4,3094,False,False,14,50+ bought in past month,13.99,,Beauty Personal Care,3,50,,220.0,False
B0CT63YSTC,AICHUN BEAUTY Rice Scrub Face Body Cream Deep Cleaning Detox Exfoliation Smoothing Moisturizing Skin 200ml / 3.76fl.oz,4.2,5,False,False,15,,12.99,13.99,Beauty Personal Care,3,,7.1,,True
B0DJWRHCWG,"Beverly Hills MD Lift & Firm Sculpting Cream- Tighten & Tone Skin, Anti-Aging Lotion for Smooth, Moisturized Complexion- Lift and Smooth Face, Neck, Décolleté w/Silk Peptides, + Aloe Vera, Vitamin E",4.2,793,True,False,16,300+ bought in past month,60.0,,Beauty Personal Care,3,300,,1260.0,False
B0DPGRP888,"Salt & Stone Body Lotion for Women & Men | Saffron & Cedar | Hydrates, Nourishes & Softens Skin | Restores Dry Skin | Fast-Absorbing | Cruelty-Free & Vegan | 3.4 fl oz",4.2,1959,True,False,17,1K+ bought in past month,20.0,,Beauty Personal Care,3,1000,,4200.0,False
B07GB3NVN1,"Native Deodorant Contains Naturally Derived Ingredients, 72 Hour Odor Control | Deodorant for Women and Men, Aluminum Free with Baking Soda, Coconut Oil and Shea Butter | Coconut & Vanilla",4.4,130808,True,False,18,30K+ bought in past month,13.97,,Beauty Personal Care,3,30000,,132000.0,False
B08GSRNC6D,"Caldera + Lab The Good | Men's Organic Moisturizing Face Serum for Dry, Sensitive, & Normal Skin – Vegan, Natural & Antioxidant Packed Skincare Facial Oil",4.4,1055,True,False,19,1K+ bought in past month,110.0,,Beauty Personal Care,3,1000,,4400.0,False
B0DPMWZ7ZM,Facial Massage Roller for Daily Skincare Handheld Face Massager Flower Rollers for Relaxation Jawline Shaping Beauty Routine,3.4,3,False,False,20,,5.51,,Beauty Personal Care,3,,,,False
B0DCCH9RD4,"MCoBeauty - Luscious Butter Lip Balm - Moisturising Shimmer with Shea Butter and Vitamin E - Helps Lips Feel Soft, Smooth and Glossy All Day - Lip Balm Tinted - Coconut Scent",4.0,41,False,False,21,,11.99,,Beauty Personal Care,3,,,,False
B0CLHKQMLT,MCoBeauty - Magic Cleanse Multi-Purpose Facial Wand - Dual-Sided Silicone Cleansing Brush & Skincare Applicator for Deep Exfoliation - Stocking Stuffers for Teen Girls and Women,5.0,1,False,False,22,,9.01,,Beauty Personal Care,3,,,,False
B0DPQGLX5P,Reusable Silicone Facial Ice Roller for Puffiness Relief and Face Contouring - Leakproof Ice Mold for Skincare and Massage,3.9,10,False,False,23,,4.7,,Beauty Personal Care,3,,,,False
B0BJ11JNKM,Nécessaire The Body Lotion Fragrance-Free - Multi-Peptide Moisturizer - Firming Body Lotion for Women + Men. 2.5% Niacinamide. Non-Comedogenic + Hypoallergenic for Sensitive Skin– 200 ml/6.8 fl oz,4.5,1287,True,False,24,1K+ bought in past month,30.0,,Beauty Personal Care,3,1000,,4500.0,False
B078JRKLT8,"Brickell Men's Revitalizing Anti-Aging Cream For Men, Natural and Organic Anti Wrinkle Night Face Cream To Reduce Fine Lines and Wrinkles, 2 Ounce, Unscented",4.4,8286,True,False,25,1K+ bought in past month,34.0,40.0,Beauty Personal Care,3,1000,15.0,4400.0,True
B08Q8QLT9M,"BIOEFFECT EGF Serum | Epidermal Growth Factor + Hyaluronic Acid | Age-Defying Face Treatment for Fine Lines & Wrinkles, Hydration & Firmness, 20 mL / 0.68 oz",4.6,226,True,False,26,100+ bought in past month,190.0,,Beauty Personal Care,3,100,,460.0,False
B0BBSPCH3J,"Rael Blackhead Remover, Miracle Patch Melting Pack, Nose Strips for Blackheads, Pore Cleansing and Soothing Sheets, 3 Step Kit, Sebum Removing Cotton Swabs",4.0,455,True,False,27,400+ bought in past month,17.94,,Beauty Personal Care,3,400,,1600.0,False
B0FGZFKW3N,"Charlotte Tilbury Hydration Revival Skincare Discovery Set - Travel Size Skincare Kit with Magic Hydration Revival Cleanser, Glow Toner and Magic Water Cream",4.6,52,False,False,28,,48.0,,Beauty Personal Care,3,,,,False
B09HR996R5,FLOWER BEAUTY By Drew Barrymore Perfect Pout Moisturizing Lipstick - Soothes Lips + Hydrates - Creamy Lip Tint + Natural Looking Shine + Buildable Color - Cruelty-Free + Vegan (Peony),4.3,88,False,False,29,,6.23,10.99,Beauty Personal Care,3,,43.3,,True
B0DSFTP2NJ,"Face Scrubber, 8 PCS Silicone Face Scrubber Exfoliator for Women, Face Cleansing Brush Blackhead Acne Pore Pad for Deep Cleaning Skin Care",4.2,6,False,False,30,,4.32,,Beauty Personal Care,3,,,,False
B0D7QTQD91,"The Original Makeup Eraser, 7-Day Set, Erase All Makeup with Just Water, Including Waterproof Mascara, Eyeliner, Foundation, Lipstick, Sunscreen, and More! 7ct",4.6,3264,False,False,31,50+ bought in past month,25.0,,Beauty Personal Care,3,50,,230.0,False
B0F3CSWH4H,"1PC Silicone Face Scrubber, Women's Octopus Face Scrubber for Face for Deep Exfoliating Massage Cleansing Brush Beauty Tools (Light Purple)",3.8,12,False,False,32,,1.23,,Beauty Personal Care,3,,,,False
B0DSVL4XG7,"Lip Scrub Brush,Lip Scrubber Exfoliator,Double-Sided Silicone Exfoliating Tool,Gentle Lip Exfoliator Scrubber Brush for Smooth,Soft,Bright,and Healthy Lips(6 PCS)",4.5,9667,False,False,33,,8.99,,Beauty Personal Care,3,,,,False
B0DX74N9JX,"20PCS Makeup Brush Set for Blending, Contouring, Eyebrow Soft Face and Eye Cosmetics Brushes Beauty Tools for Women(Pink)",4.1,66,False,False,34,300+ bought in past month,2.99,,Beauty Personal Care,3,300,,1230.0,False
B0D3X8H1D1,"Silicone Scalp Massager, Scalp Scrubber for Hair Growth with Soft Bristles, Scalp Exfoliator Brush Dandruff Removal Shampoo Brush for Wet Dry Scalp Care (Light Purple)",4.7,711,False,False,35,,7.99,,Beauty Personal Care,3,,,,False
B0FL9Z6P5K,Bliss x Julep Makeup Kit - Hydrating Skincare & Makeup Set - Includes Julep Eyeshadow Stick & Bliss Glow Serum Skincare,4.7,32,False,False,36,,70.0,,Beauty Personal Care,3,,,,False
B0F2SZCJMV,"Silicone Facial Cleansing Brush - Soft Gentle Exfoliating & Massaging Face Scrubber for Deep Cleaning, Waterproof Beauty Tool (1PC)",4.5,6,False,False,37,,2.46,,Beauty Personal Care,3,,,,False
B0CYZK48HW,"Wooden Eyeliner Pencil, Smooth texture Soft Makeup Pencil Eyeliner (#303, 1 Count/Pack of 1)",4.3,105,False,False,38,,3.99,6.99,Beauty Personal Care,3,,42.9,,True
B0F93KLJ51,"Portable Facial Hair Removal Spring Roller for Women Painless Epilator for Face Travel-Friendly, Ramdom Color",2.7,11,False,False,39,,2.61,,Beauty Personal Care,3,,,,False
B0F3HQ4RYY,"50 Count Compressed Facial Sponges, Pink Cellulose Natural Cosmetic Spa Sponges for Facial Cleansing, Exfoliating Mask",4.2,240,False,False,40,,7.84,,Beauty Personal Care,3,,,,False
B0CJW79TMQ,"Hydrating Lip Oil – Double Pleasure – Moisturizing & Softening Lip Glow Oil with Silicone Applicator, 0.14 oz (Adrenaline Shot)",4.2,119,False,False,41,,9.99,,Beauty Personal Care,3,,,,False
B0G1YMKHGD,"New Lymphatic Contour Face Brush, Lymphatic Drainage Massager for Face，Stay B",5.0,4,False,False,42,,3.71,4.47,Beauty Personal Care,3,,17.0,,True
B0CDTVC7ZX,"Manual Facial Cleansing Brush, Face Washing Tools,Headbands, Wrist Band ，Facial Mask Brush and Powder Puff（Pink",4.5,24,False,False,43,,9.99,,Beauty Personal Care,3,,,,False
B0DDDQ216S,theBalm Lip Oil - Berry Fast,4.0,6,False,False,44,,6.38,,Beauty Personal Care,3,,,,False
B0CG1KW8DX,"7Pc Puffy Spa Headband and Wristband Set for Washing Face, Skincare With Scrunchies, Powder Puffs, Sponge, Makeup Removal - Terry Cloth for Mask - Purple",4.6,266,False,False,45,,8.99,,Beauty Personal Care,3,,,,False
B0FHKBRRDJ,"Eyelash Curlers Heart Curling Effect Eyelash Curler No Flesh Pinching Beauty Curl Portable Beauty Assist Tool Gifts (Rose Red, Rose Red)",4.4,12,False,False,46,,1.76,,Beauty Personal Care,3,,,,False
B0DYV1YRJX,"3 Pieces Face Wash Headband and Wristband Set, Makeup Skincare Headbands Spa Headband Towel for Women Skin Care Bath Wrist Bands for Washing Face (Pink)",3.8,8,False,False,47,,4.33,,Beauty Personal Care,3,,,,False
B0DNDYJ9Q8,3-sets Spa Headbands for Washing Face Facial Skincare Terry Cloth Headband Combo Pack Puffy Makeup Headbands for Face Washing Mask Skin Head Band Taro Purple 10,4.6,203,False,False,48,,5.23,,Beauty Personal Care,3,,,,False
B0D6CJX1QZ,"MCoBeauty - Super Soft Cosmetic Skincare Headband & Wristband Set - Plush Skin Care Accessories for Makeup & Cleansing, Keeps Hair Secure and Arms Dry During Routines - Stocking Stuffers",4.8,36,False,False,49,,8.29,,Beauty Personal Care,3,,,,False
B0DPQDRKNZ,Portable Mini Model Retractable Beauty 4-in-1 Cosmetic Brush Set Multi-functional Makeup Tanning,3.8,20,False,False,50,,3.59,,Beauty Personal Care,3,,,,False
B0DQTLWMTW,"Generic Portable Facial Hair Removal Spring Roller for Women, Painless Epilator for Face, Compact, Travel-Friendly",3.0,9,False,False,51,,1.77,,Beauty Personal Care,3,,,,False
B0FND6P7XC,"6 Pcs Lip Scrub Brush, Silicone Lip Brush Tool",5.0,2,False,False,52,,3.59,,Beauty Personal Care,3,,,,False
B0DRSJB3FT,1pcs Black Silicone Pore Scrubber - Lip Exfoliator Brush,5.0,1,False,False,53,,1.59,,Beauty Personal Care,3,,,,False
B0BQZBPPX9,"Spa Headband Wrist Towels Scrunchies/Wristband Set for Washing Face, Skincare Headbands for Women Terry Towel Cloth Fabric Puffy Sponge Facial Headband Hair Bands Wristbands for Makeup, Shower Pink",4.5,493,False,False,54,,7.86,9.91,Beauty Personal Care,3,,20.7,,True
B0DNQ8KYFN,6-sets Spa Headbands for Washing Face Facial Skincare Terry Cloth Flower Bands Claw Clip Puffy Makeup Headbands for Face Washing Mask Skin Head Band Bright Purple 3,4.3,49,False,False,55,,5.23,,Beauty Personal Care,3,,,,False
B0DPHF7KX4,"Generic Facial Mask Brush, Silicone, 1 Pack, Blue",3.9,28,False,False,56,,1.07,,Beauty Personal Care,3,,,,False
B0DPHL51J5,"5 mirror box makeup brush sets Portable multi-function powder brush powder blusher beauty tool, 1 pack,red",3.0,11,False,False,57,,2.39,,Beauty Personal Care,3,,,,False
B0DJ5CQ42Z,13Pcs Makeup Brush Set Soft Fluffy Professional Cosmetic Foundation Powder Eyeshadow Kabuki Blending Make Up Brush Beauty Tool With Bag Makeup Sponge Beauty Gift For Makeup Beginner,3.8,604,False,False,58,500+ bought in past month,2.39,,Beauty Personal Care,3,500,,1900.0,False
B0DRNBL39Z,"5PCS Makeup Brush Set for Eyeshadow, Foundation, Makeup, Travel Portable All-in-One Makeup Brush and Mirror Set",3.3,8,False,False,59,,1.91,,Beauty Personal Care,3,,,,False
B0F3CCM23D,Double-Headed Facial Cleansing Brush Soft Hair Silicone Cleanser for Home Use Manual Scrub Deep Cleansing(pink),3.8,21,False,False,60,,3.19,,Beauty Personal Care,3,,,,False
B0DMVY4PLG,Silicone Apple Scrub Pad with Suction Cup Silicone Scrub Pad Beauty Tool Scrub Pad Makeup Brush Cleaning Pad Pink,4.6,29,False,False,61,,1.58,1.59,Beauty Personal Care,3,,0.6,,True
B0DHSXXGC8,"Silicone Foldable Makeup Brush Cleaner, Brush Scrubber Bowl, Portable Washing Tool Cosmetic Brush Cleaner (Pink)",4.5,218,False,False,62,50+ bought in past month,2.65,,Beauty Personal Care,3,50,,225.0,False
B0DPMX18FJ,"3 pcs Silicone Face Mask Applicators, Flexible Facial Mud Mask Applicator, Hairless Moisturizers Applicator Tools, Soft Face Mask Brushes for Mud, Clay, Charcoal Mixed Mask",4.1,7,False,False,63,,2.39,,Beauty Personal Care,3,,,,False
B0DK1SVMP5,"Spa Headband Set - 5 Pcs Purple Puffy Sponge Headbands, Face Wash Skincare Makeup Hair Accessories With Bow Tie Band, Clips, Wristband for Women Girls Facial",4.3,25,False,False,64,,6.54,,Beauty Personal Care,3,,,,False
B0DRTG22H8,Folding Silicone Scrubbing Bowl Mask Brush Powder Puff Cleaning Bowl Makeup Brush Beauty Tools Scrubbing Pad (Pink),4.2,4,False,False,65,,2.58,,Beauty Personal Care,3,,,,False
B07YF5S2ZC,"Estée Lauder Perfectly Clean Multi-Action Foaming Face Wash Cleanser/Purifying Face Mask, 5.0 fl oz.",4.8,2829,True,False,66,1K+ bought in past month,27.2,32.0,Beauty Personal Care,3,1000,15.0,4800.0,True
B0DB9ML24P,Estée Lauder Advanced Night Cleansing Gelée Foaming Face Wash Cleanser with 15 Amino Acids | Deep Pore Cleanser,4.7,601,True,False,67,400+ bought in past month,10.2,12.0,Beauty Personal Care,3,400,15.0,1880.0,True
B0FCYBJK6T,"Ufree 3-in-1 Beard Trimmer for Men, Valentine Gifts for Men, IPX6 Waterproof Men's Electric Razor Shaver for Mustache, Professional Hair Trimmer Clippers, Type-C Body Grooming Kit",4.4,1147,True,False,68,10K+ bought in past month,19.98,29.99,Beauty Personal Care,3,10000,33.4,44000.0,True
B0748G11ZG,"BULLDOG Mens Skincare and Grooming Face Moisturizer Original, 3.3 Fluid Ounce",4.6,1496,True,False,69,1K+ bought in past month,11.63,,Beauty Personal Care,3,1000,,4600.0,False
B00949CTQQ,"Paula's Choice SKIN PERFECTING 2% BHA Liquid Exfoliant with Salicylic Acid, Facial Polish for Enlarged Pores, Wrinkles & Fine Lines, Suitable for Blackhead-Prone Skin, Fragrance-Free",4.5,113292,True,False,70,40K+ bought in past month,37.0,,Beauty Personal Care,3,40000,,180000.0,False
B08Y73331D,Shiseido Vital Perfection LiftDefine Radiance Serum - Lifting & Firming Face Serum - Visibly Improves Dullness & Loss of Firmness,4.5,159,True,False,1,50+ bought in past month,91.2,150.0,Beauty Personal Care,4,50,39.2,225.0,True
B00HBISPME,"Towelettes - Natural Face, Eyelash & Eyelid Cleanser - Wipes for Demodex, Blepharitis, Mgd and Red Irritated Eye Lid - Tea Tree Oil Extract.",4.3,4915,True,False,2,4K+ bought in past month,41.75,,Beauty Personal Care,4,4000,,17200.0,False
B07HZWXGJ7,"Paula's Choice CLEAR Oil-Free Face Moisturizer, Lightweight Facial Cream for Acne-Prone Skin, Hyaluronic Acid, Pore-Minimizing Niacinamide, Soothing Antioxidants, Calms Redness, Fragrance- Free",4.5,1923,True,False,3,2K+ bought in past month,39.0,,Beauty Personal Care,4,2000,,9000.0,False
B07P7QRCWB,"Tom's of Maine Whole Care Natural Toothpaste with Fluoride, Spearmint, 4 Ounce (Pack of 3), (Packaging May Vary)",4.7,6065,True,False,4,5K+ bought in past month,14.41,17.97,Beauty Personal Care,4,5000,19.8,23500.0,True
B01GSAYMM2,"BAR5F Cotton Coil, 40 Feet Long | 100% Pure for Salons, Professional Beauty, Personal Care | Packaged in Quick Dispenser Resealable Bag",4.4,2305,False,False,5,100+ bought in past month,18.0,,Beauty Personal Care,4,100,,440.0,False
B0D2KGF9F5,"8Pcs Purple Washable Eyebrow Stencils with 8 Styles Reusable Eyebrow Stencil, Eyebrow Template, Eyebrow Shaping Kit with Handle and Strap for Women's Beauty and Personal Care",3.4,12,False,False,6,,6.99,,Beauty Personal Care,4,,,,False
B08DLGTMVH,"PMD Beauty Personal Microderm Elite Pro - At-Home Use, Facial Exfoliator Tool, Microdermabrasion Machine Kit for Face and Body Skincare",3.9,256,False,False,7,,299.0,,Beauty Personal Care,4,,,,False
B0B8BNQ7LK,"Tessco for you 20 Pack 3.4 oz Glass Dropper Bottles, 100 ml Glass Tincture Bottles with Eye Droppers with Funnel, Labels & Pipette for Essential Oil, Health, Personal Care & Beauty(Amber)",4.6,378,False,False,8,100+ bought in past month,26.99,,Beauty Personal Care,4,100,,460.0,False
B0DLNP77SF,"EKIND 200 Pcs Premium Stretchable Cosmetic Cotton Pads, Combination of Open & Unopened Holes, Moisturizing Facial Makeup Cotton, for Women's Beauty and Personal Care",4.8,18,False,False,9,,9.99,,Beauty Personal Care,4,,,,False
B0D7N2ZZCK,"JLO BEAUTY Starter Skin Care Kit, 3 Piece Facial Set with Face Wash, Serum & Face Moisturizer, Daily Skin Care Routine For Women, Includes 5 Oz Facial Cleanser, 1.5 Oz Serum, 1.7 Oz Moisturizer Cream",4.2,1932,False,False,10,,201.0,,Beauty Personal Care,4,,,,False
B0CRQCL76B,"Orchid Hair Clamps, Lily of The Valley Clips,Flower Metal Hairpin, Lily Flower Jaw Clamp Hair Styling Hair Accessories for Thick Thin Hair, Women Beauty and Personal Care",4.7,5,False,False,11,,6.66,,Beauty Personal Care,4,,,,False
B0994QSFXQ,Sanrio My Melody & Kuromi Square Handheld Stand Mirrors Skin Beauty & Personal Care Tools (Happy) Purple,4.6,45,False,False,12,,6.99,,Beauty Personal Care,4,,,,False
B0F26768Q1,2Pcs Brown Glass Essential Oil Roller Bottles Refillable Roll on Bottles Empty Deodorant Bottle Containers Rollerball Beauty Personal Care Fragrance Cosmetics Tools (50ML),3.8,42,False,False,13,,6.59,,Beauty Personal Care,4,,,,False
B07ZNK3ZDJ,"12 pcs, 1 oz Amber Dropper Bottles w/ 3 Stainless Steel Funnels & 1 Long Glass Dropper - 30ml Glass Bottles with Eye Droppers, Leakproof Essential Oils Bottle for Health, Personal Care & Beauty",4.8,14757,False,False,14,1K+ bought in past month,9.99,12.99,Beauty Personal Care,4,1000,23.1,4800.0,True
B0D95Y56S4,"Precision and Flattened Tip 450pcs Cotton Swabs For Makeup,Beauty Tools & Personal Care",4.5,153,False,False,15,50+ bought in past month,9.99,,Beauty Personal Care,4,50,,225.0,False
B0DW62GSNR,"Attain Cosmetics LED Nail Lamp - Portable, High-Performance, Cures All Gels - Beauty & Personal Care",2.8,5,False,False,16,,59.0,,Beauty Personal Care,4,,,,False
B0BJ11JNKM,Nécessaire The Body Lotion Fragrance-Free - Multi-Peptide Moisturizer - Firming Body Lotion for Women + Men. 2.5% Niacinamide. Non-Comedogenic + Hypoallergenic for Sensitive Skin– 200 ml/6.8 fl oz,4.5,1287,True,False,17,1K+ bought in past month,30.0,,Beauty Personal Care,4,1000,,4500.0,False
B0BS4HST6J,"OneSkin PREP Facial Cleanser to Exfoliate and Support Skin Balance, Dermatologist Tested & Safe for Sensitive Skin",4.4,154,True,False,18,400+ bought in past month,45.0,,Beauty Personal Care,4,400,,1760.0,False
B092MYHH9W,"City Beauty MicroBiome Night Mask - Nourishing Overnight Face Mask - Prebiotic & Probiotic Blend - Solution for Dull, Uneven Skin Tone, Large Pores, & Wrinkles - Anti-Aging Cruelty-Free Skin Care",4.4,38,True,False,19,,65.0,,Beauty Personal Care,4,,,,False
B0CS6PZHG3,"Salt & Stone Body Lotion for Women & Men | Bergamot & Hinoki | Hydrates, Nourishes & Softens Skin | Restores Dry Skin | Fast-Absorbing | Cruelty-Free & Vegan | 3.4 fl oz",4.2,1959,True,False,20,1K+ bought in past month,20.0,,Beauty Personal Care,4,1000,,4200.0,False
B07MD6HJT4,"Vaseline Petroleum Jelly Value-Size 2-Pack – Dermatologist Recommended Skin Protectant, Healing Ointment for Beauty & Personal Care, 13 Oz Ea",4.8,3859,False,False,21,50+ bought in past month,17.99,,Beauty Personal Care,4,50,,240.0,False
B0D2HYCG5N,5Pcs Pink 20ml/ 0.67oz Card Type Spray Bottles Refillable Perfume Atomizer Container Portable Fine Mist Spray Bottle Travel Bottle Refillable Cosmetic Spray Bottles for Women Beauty and Personal Care,3.6,32,False,False,22,,6.99,,Beauty Personal Care,4,,,,False
B0B2L7K3VK,EXCEART Cotton Ball Strips for Beauty and Personal Care 1 Pack Disposable Cotton Pads for Makeup Removal and Salon Use 200G Soft Absorbent Rounds,4.5,7,False,False,23,,17.89,,Beauty Personal Care,4,,,,False
B0DGLFZMT3,"3 Pack Clear Plastic Oval Deodorant Containers - 15ml Twist-Up Lip Balm Tubes for DIY Lipstick, Crayon, Chapstick, and Aromatherapy-BPA Free,Empty Reusable Tubes with Caps for Beauty and Personal Care",4.5,2,False,False,24,,9.96,,Beauty Personal Care,4,,,,False
B00KJ95HR8,"Liz Earle Instant Boost Skin Tonic Face Toner - Hydrating Facial Toner for Dry Skin Enriched with Aloe Vera, Soothing Calendula & Vitamin E to Refresh and Revitalize Complexion (200 ml)",4.6,107,True,False,25,,29.99,,Beauty Personal Care,4,,,,False
B0D6CT3NZB,"Beauty Pie Triple Hyaluronic Acid Deep Moisture Miracle Cream 50ml – Hydrating Face Moisturizer for Plumping, Firming & Anti-Aging",4.1,45,True,False,26,100+ bought in past month,46.4,58.0,Beauty Personal Care,4,100,20.0,410.0,True
B09318THFK,"City Beauty Restoring Hand Treatment - Moisturizing Hand Cream - Dry Hand Relief - Solution for Wrinkled, Crepey Hands & Dark Spots - Wash-Resistant - Anti-Aging Cruelty-Free Skin Care",4.0,180,True,False,27,50+ bought in past month,68.0,,Beauty Personal Care,4,50,,200.0,False
B0BGWGP2HY,"goop Beauty Sleep Milk Serum | Intense Face Exfoliator to Smooth Uneven Texture, Wrinkles, & Pores | Glycolic Acid & Hyaluronic Serum | Dark Spot Corrector | 1 fl oz",4.3,68,True,False,28,,105.0,,Beauty Personal Care,4,,,,False
B0CPTSFSDV,"1Pc White DIY Nail Art Rhinestones Jewelry Picking Wax Pencil Pen Picker Dotting Tool Useful Processed Tweezers,Pencil sharpener and Triangular Plate Nail Art Beauty and Personal Care",4.0,2,False,False,29,,5.99,,Beauty Personal Care,4,,,,False
B001DJ6J5W,"REDMOND Clay - Bentonite Clay of 1000 Uses, Soothing Facial Mask, 10 Ounce (1 Pack)",4.6,1750,False,False,30,200+ bought in past month,14.99,,Beauty Personal Care,4,200,,920.0,False
B0F8B64C8X,"Essential Oil Roller Bottles, 4PCS (10ml & 5ml) Glass Perfume Roller Bottles with Funnel Opener and Dropper Beauty and Personal Care Tools (White-brown cover, 4 Packs)",5.0,1,False,False,31,,5.99,,Beauty Personal Care,4,,,,False
B0BGYZ1B1S,Innerest Original Derma Beauty Collagen Face Masks 36 PK Vegan Ultra Moisturizing Face Masks Skincare Sheet Masks Set for Beauty & Personal Care Korean Face Mask (Hyaluron),4.7,20,False,False,32,,31.99,,Beauty Personal Care,4,,,,False
B01IAI8LYK,"Q-tips Cotton Swabs 30 Count 10-Pack – Travel-Size with Soft Tips, Makeup Tools, Beauty, Personal Care & Household Essentials",5.0,32,False,False,33,200+ bought in past month,20.04,,Beauty Personal Care,4,200,,1000.0,False
B098R1SZ77,"ARSUK Small Scissors for Grooming Facial Hair Curved Blades, Travel Scissors for Cuticles, Eyebrows, Eyelashes, and Manicure, Beauty and Personal Care Tool for Men and Women, Stainless Steel Blades",4.2,454,False,False,34,,6.25,,Beauty Personal Care,4,,,,False
B0D2D8BMBB,"3 Pcs White Pearl Hair Bands for Women Girls, Pearl Bead Elastic Band Hair Elastic Hair Bands Ties for Women Ponytail Holder and Beauty and Personal Care",4.4,4,False,False,35,,5.99,,Beauty Personal Care,4,,,,False
B0CPBY5XG8,Radio Bombay Pocket Perfume by DS & Durga for Unisex - 0.29 oz Perfume Oil,3.6,12,False,False,36,,54.52,,Beauty Personal Care,4,,,,False
B0CKXSMRFC,"10Pcs Dot Tattoos,Fake Mole,Fake Mole Stickers,Tattoo Stickers,Korean Style Temporary Tattoos,Black Dot Beauty Stickers Beauty and Personal Care, Body Art Tear Stickers",3.4,12,False,False,37,,5.99,,Beauty Personal Care,4,,,,False
B0D5644GDT,"AOZITA 4 Pack, 4 oz Dropper Bottles with 1 Funnel & 4 Labels - Essential Oils Bottles for Health, Personal Care & Beauty - 120ml Thick Clear Glass Tincture Bottles with Eye Droppers, Leakproof",4.7,943,False,False,38,50+ bought in past month,9.99,12.99,Beauty Personal Care,4,50,23.1,235.0,True
B0BD45DJSB,"Premium Luxury Gold Women Facial Skin Care Set (7Pcs) Beauty & Personal Care, Nourishing And Moisturizing, Calming Korea Cosmetic for Yedam Yun Bit",3.7,2,False,False,39,,53.0,,Beauty Personal Care,4,,,,False
B0D2Y8J7ZX,Silver 3layer Halo Crown Headband Goddess Headpiece Multi-layer Hair Crown DIY Metal Base Hair Hoops Accessories for Women Beauty and Personal Care,4.8,4,False,False,40,,6.98,,Beauty Personal Care,4,,,,False
B0CZSRVH5M,"1 Set White Tattoo Tip Markers Skin Marker Pen Tattoo with Paper Ruler,for Eyebrow Lips Skin，Beauty and Personal Care，Easy to Use Eyebrow Color Beauty and Personal Care,Eyes,Makeup",3.5,15,False,False,41,,6.99,,Beauty Personal Care,4,,,,False
B01LYAVE03,PMD Beauty Personal Microderm Man - At-Home Microdermabrasion Machine with Kit for Face & Body - Exfoliating Crystals and Vacuum Suction for Bold and Striking Skin,3.8,124,False,False,42,,90.0,175.0,Beauty Personal Care,4,,48.6,,True
B0BSBN878Q,1000 ct (2000 Tips) Bamboo Cotton Swabs - Biodegradable Double Tips Cotton Buds - Natural Organic Cotton Swabs - Pure Cotton Buds For Ear Beauty & Personal Care,4.7,662,False,False,43,900+ bought in past month,9.99,,Beauty Personal Care,4,900,,4230.0,False
B0DWXFZV2P,"2Pcs Brown 30ml Glass Essential Oil Roller Bottles Refillable Roll on Bottles Empty Deodorant Bottle Containers Rollerball Beauty and Personal Care Tools, Fragrance Cosmetics, Roller",3.5,4,False,False,44,,5.99,,Beauty Personal Care,4,,,,False
B0CB7JLZR9,"4 Pcs, 2 oz Clear Eye Dropper Bottles with 1 Stainless Steel Funnels & 4 Labels - Black Caps 60ml Thick Glass Tincture Bottles - Leakproof Essential Oils Bottles for Health, Personal Care & Beauty",4.7,978,False,False,45,1K+ bought in past month,6.99,8.99,Beauty Personal Care,4,1000,22.2,4700.0,True
B0CLV3YDWG,"Winado Professional Facial Steamer with Touch Screen, Esthetician Steamer Humidifier Face Spa Mist Steam for Home Beauty Salon, Personal Skin Care Deep Cleaning, White",4.4,264,False,False,46,,59.55,65.99,Beauty Personal Care,4,,9.8,,True
B09L16RL5P,Uomo Born In Roma by Valentino for Men - 5.07 oz EDT Spray,4.8,256,False,False,47,100+ bought in past month,147.06,164.41,Beauty Personal Care,4,100,10.6,480.0,True
B0F2DV7T2F,"4.7-inch professional nose hair scissors, round-headed stainless steel small scissors, suitable for trimming facial hair, ear hair, eyebrows, bathroom, personal care and beauty (silver)",4.5,147,False,False,48,,8.99,9.99,Beauty Personal Care,4,,10.0,,True
B0G1162H5H,"2Pcs Yellow Women Girl Bow Satin Ribbon Ponytail Scarf Hair Tie Rope Scrunchies Elastic Band Hair Scrunchies Bands Elastics and Ties Beauty and Personal Care Hair Care, Hair Accessories",5.0,2,False,False,49,,5.88,,Beauty Personal Care,4,,,,False
B0GK74Z54Q,"200 Count Double Tipped Cotton Swabs | Premium Pure Cotton with Sturdy Burr-Free Wooden Sticks | Multi-Use for Beauty Touch-Ups, Household Cleaning, Pet Grooming & Personal Care",5.0,1,False,False,50,,4.99,,Beauty Personal Care,4,,,,False
B0FHLZHDG3,"Time Keeper LED Face Mask – Lightweight, Flexible, and Multi-Wavelength Red, Blue, & Infrared (NIR) LED Contour Technology Wearable Facial Beauty Device for Personal Use and Skincare Routines",3.5,10,False,False,51,,199.0,,Beauty Personal Care,4,,,,False
B0D9YPJLYX,"Generic Scar Removal Sheets - Silicone Scar Tape Roll | Professional Scar Sheet Waterproof | Scar Reducing Beauty And Personal Care For Scratch Scars, Birthmarks, White Spots, Refer to description",3.3,3,False,False,52,,9.79,,Beauty Personal Care,4,,,,False
B0DHZDG4PG,2Pcs 50ml Glass Essential Oil Roller Bottles Refillable Roll on Bottles Empty Deodorant Bottle Containers Rollerball Bottles Beauty and Personal Care Tools for Fragrance Cosmetics (Gold),,,False,False,53,,7.99,,Beauty Personal Care,4,,,,False
B0CGPGRXHC,"Victoria's Secret PINK Personal Care Beauty Gift Set, Lotion and Lip Oil",4.7,88,False,False,54,,39.99,,Beauty Personal Care,4,,,,False
B0D44WMD62,"1Pc Red Hawaiian Flower Hair Clip for Women Girls,Fashion Bohemian Flowers Hair Accessory for Dancer,Bridal Wedding Beach Party,Clips and Barrettes Ornaments Small in Size,Beauty and Personal Care",,,False,False,55,,6.99,,Beauty Personal Care,4,,,,False
B0D8TXKQYP,"White Transparent Shaving Box for Shaver Razor, Razor Protector Plastic Box Cover Container Storage System Razor and Brush Stands for Manual Razor Beauty and Personal Care",,,False,False,56,,5.99,,Beauty Personal Care,4,,,,False
B09FPPWWB5,Stainless Steel Professional (Eyebrow) Tweezers with Scissor Handle Slanted Tip Personal Daily Beauty Care Tools Trimming Nose Hair Plucker Clip Nipper,3.3,25,False,False,57,,7.99,9.02,Beauty Personal Care,4,,11.4,,True
B0FQWQ8K7B,"TrekTote 15 Piece Set Women’s Travel & Hygiene Kit with Clear Toiletry Bag, Personal Care Essentials, Single Kit or Bulk Case Packs",4.3,611,False,False,58,,749.99,899.99,Beauty Personal Care,4,,16.7,,True
B0G922ZY64,Nail Extension Forms | 120 Piece Clear UV Gel Mold with Scale | Double-Ended Oval Nail Forms | for Finger Toes Beauty Personal Care Home Professional,,,False,False,59,,8.43,,Beauty Personal Care,4,,,,False
B084G7LKZZ,"Moérie Hair Growth Shampoo, Conditioner, Spray and Mask for Men and Women, Hair Loss Solution with Biotin and Rosemary, Thickening Hair Regrowth Set with Serum Level Care for Thinning Hair, 8 Set",4.1,3186,False,False,60,100+ bought in past month,149.95,,Beauty Personal Care,4,100,,410.0,False
B08Y73331D,Shiseido Vital Perfection LiftDefine Radiance Serum - Lifting & Firming Face Serum - Visibly Improves Dullness & Loss of Firmness,4.5,159,True,False,1,50+ bought in past month,91.2,150.0,Beauty Personal Care,6,50,39.2,225.0,True
B07HZWXGJ7,"Paula's Choice CLEAR Oil-Free Face Moisturizer, Lightweight Facial Cream for Acne-Prone Skin, Hyaluronic Acid, Pore-Minimizing Niacinamide, Soothing Antioxidants, Calms Redness, Fragrance- Free",4.5,1923,True,False,2,2K+ bought in past month,39.0,,Beauty Personal Care,6,2000,,9000.0,False
B0CXZJC7J9,City Beauty Concentrated Youth Serum - Anti-Aging Face Serum - Firm & Smooth - Light-Activated Wrinkle Solution With Advanced Enzymes - Visibly Smooths Fine Lines & Wrinkles,4.2,10,True,False,3,,90.0,,Beauty Personal Care,6,,,,False
B0BS4HST6J,"OneSkin PREP Facial Cleanser to Exfoliate and Support Skin Balance, Dermatologist Tested & Safe for Sensitive Skin",4.4,154,True,False,4,400+ bought in past month,45.0,,Beauty Personal Care,6,400,,1760.0,False
B0D3M55F78,"Jowxsx Transparent Mini PVC Makeup Bag Small Clear Plastic Cosmetic Organizer Bag Pouch with Snap Closure Cosmetic Bags for Beauty and Personal Care Vacation Travel, Bathroom Organizing(S)",2.9,5,False,False,5,,5.49,,Beauty Personal Care,6,,,,False
B0G5P5CNJR,Black Large Bow Barrettes Silky Satin Hair Clip Long Ribbon Bowknot Pins for Women and Girls French Bow Hair Clip Cute Fashion Hairs Accessories for Beauty and Personal Care,,,False,False,6,,2.48,,Beauty Personal Care,6,,,,False
B0FQK24CTV,"First Aid Beauty Smooth + Fresh Body Kit - Skin Care Gift Set with KP Bump Eraser Body Scrub, Whole Body Deodorant & Ingrown Hair Pads - Travel Friendly Skincare Set",4.8,5,False,False,7,50+ bought in past month,35.0,,Beauty Personal Care,6,50,,240.0,False
B07X8K9TW5,Skincare: The ultimate no-nonsense guide,4.8,12659,False,False,8,,0.0,8.99,Beauty Personal Care,6,,100.0,,True
1743797699,Your Best Skin: The Science of Skincare,4.7,59,False,False,9,,15.59,22.99,Beauty Personal Care,6,,32.2,,True
1645670384,"Natural Homemade Skin Care: 60 Cleansers, Toners, Moisturizers and More Made from Whole Food Ingredients",4.7,314,False,False,10,,19.9,21.99,Beauty Personal Care,6,,9.5,,True
B0CTCQX2BZ,PRONAIL - Cool Breeze Astringent - Refreshing and Toning - 16Oz,,,False,False,11,,24.75,,Beauty Personal Care,6,,,,False
B0FB9P9SHH,"Living Your Best Skin: A Science-Based, Easy-to-Understand Guide to Effective Skincare for Beginners.",,,False,False,12,,7.99,,Beauty Personal Care,6,,,,False
1950665674,"Plant-Powered Beauty, Updated Edition: The Essential Guide to Using Natural Ingredients for Health, Wellness, and Personal Skincare (with 50-plus Recipes)",4.6,414,False,False,13,,20.63,22.95,Beauty Personal Care,6,,10.1,,True
B08Y73331D,Shiseido Vital Perfection LiftDefine Radiance Serum - Lifting & Firming Face Serum - Visibly Improves Dullness & Loss of Firmness,4.5,159,True,False,14,50+ bought in past month,91.2,150.0,Beauty Personal Care,6,50,39.2,225.0,True
B0F23Z22CG,"Salt & Stone Body Lotion for Women & Men | Neroli & Basil | Hydrates, Nourishes & Softens Skin | Restores Dry Skin | Fast-Absorbing | Cruelty-Free & Vegan | 3.4 fl oz",4.2,1959,True,False,15,300+ bought in past month,20.0,,Beauty Personal Care,6,300,,1260.0,False
B0DJWRHCWG,"Beverly Hills MD Lift & Firm Sculpting Cream- Tighten & Tone Skin, Anti-Aging Lotion for Smooth, Moisturized Complexion- Lift and Smooth Face, Neck, Décolleté w/Silk Peptides, + Aloe Vera, Vitamin E",4.2,793,True,False,16,300+ bought in past month,60.0,,Beauty Personal Care,6,300,,1260.0,False
B0DFKYV726,"Honest Beauty Ageless Firm and Smooth Cream, Powered by Vegan Collagen Elastin Polypeptides, Firmer Smoother Looking Skin, Fragrance Free, EWG Verified, Cruelty-Free, 1.7 fl oz",4.4,460,True,False,17,1K+ bought in past month,29.99,,Beauty Personal Care,6,1000,,4400.0,False
B0B5HQ3P3Q,"IMAGE Skincare, PREVENTION+ Daily Tinted Moisturizer SPF 30 Sunscreen, No White Cast, 3.2oz",4.5,1971,True,False,18,700+ bought in past month,50.0,,Beauty Personal Care,6,700,,3150.0,False
0785838309,"The Complete Guide to Self Care: Best Practices for a Healthier and Happier You (Volume 3) (Everyday Wellbeing, 3)",4.7,320,False,False,19,,8.16,16.99,Beauty Personal Care,6,,52.0,,True
B0F6VLQJ98,"Hide & Drink, Double Nail Clipper Case, Beauty & Personal Care, Commuter and Nomad, Grooming Case, Home & Travel Essentials, Manicure Kit Storage, Full Grain Leather, Handmade (Charcoal Black)",4.0,156,False,False,20,,29.99,,Beauty Personal Care,6,,,,False
B0D9593THQ,"Paper Stick Thick Cotton Swabs with Precision and Flattened Tip 375pcs,Excellent Beauty Tools for Effective Makeup and Personal Care",4.8,1397,False,False,21,,8.99,9.99,Beauty Personal Care,6,,10.0,,True
B0FMFP26MK,"Sakura Skin Care Set - 6 PCS Cherry Blossom Skin Care Kit with Cleanser, Toner, Serum, Lotion, Eye Cream & Face Cream - Moisturizes Skin & Boosts Collagen - Korean Skin Care Set for Teen Girls & Women",4.8,66,False,False,22,100+ bought in past month,24.88,,Beauty Personal Care,6,100,,480.0,False
B0DM2M67WR,Valentines Day Gifts Box for Women - Perfect Birthday Spa Gift Baskets for Women - Best Friend Birthday Box Care Package - Get Well Soon Self Care Set - Advent Calendar Alternative,4.8,97,False,False,23,,19.75,,Beauty Personal Care,6,,,,False
B0BMTSGWS7,"3 in 1 Diamond Microdermabrasion Machine, Professional Beauty Facial Care Equipment Microdermabrasion Device with Vacuum Spray Skin Care for Salon Personal Home Use,108a",4.5,73,False,False,24,,99.98,,Beauty Personal Care,6,,,,False
B01A74442I,"Cliganic Organic Jojoba Oil, 100% Pure (4oz) | Moisturizing for Face, Hair, Skin & Nails | Natural Cold Pressed Hexane Free | Base Carrier Oil",4.7,84653,False,False,25,40K+ bought in past month,9.98,12.99,Beauty Personal Care,6,40000,23.2,188000.0,True
B0CS6QYHRM,"Salt & Stone Body Lotion for Women & Men | Black Rose & Oud | Hydrates, Nourishes & Softens Skin | Restores Dry Skin | Fast-Absorbing | Cruelty-Free & Vegan | 3.4 fl oz",4.2,1959,True,False,26,600+ bought in past month,20.0,,Beauty Personal Care,6,600,,2520.0,False
B0BGWGP2HY,"goop Beauty Sleep Milk Serum | Intense Face Exfoliator to Smooth Uneven Texture, Wrinkles, & Pores | Glycolic Acid & Hyaluronic Serum | Dark Spot Corrector | 1 fl oz",4.3,68,True,False,27,,105.0,,Beauty Personal Care,6,,,,False
B0DS2FNDZG,"Rose Bath and Body Gift Set, 4-Piece Personal Care Collection, Shower Gel, Body Lotion, Body Mist, Exfoliating Scrub,Personal Portable Body Care Travel Set",4.6,87,False,False,28,,19.99,,Beauty Personal Care,6,,,,False
B0DC17H49K,"Kitsch Dermaplane Razor for Women Face – Face Razors for Women & Men, Eye Brow Razors & Face Shaver – Exfoliating Facial Razor & Dermaplaner as Skin Care Tool for Smoother Skin - Terracotta, 6 pcs",4.4,33452,False,False,29,6K+ bought in past month,4.99,,Beauty Personal Care,6,6000,,26400.0,False
B0FHHZ2494,Ageless Beauty: Science-Backed Skincare Secrets for Women Over 30 to Defy Aging Naturally (Women's Health and Beauty),,,False,False,30,,0.0,,Beauty Personal Care,6,,,,False
B00LKPM39A,"Q-Tips Cotton Swabs 625 Count 2-Pack – Original Cotton Swabs with Soft Tips, Makeup Tools, Beauty, Personal Care & Household Essentials",4.8,5514,False,False,31,100+ bought in past month,11.97,,Beauty Personal Care,6,100,,480.0,False
B00KJ95HR8,"Liz Earle Instant Boost Skin Tonic Face Toner - Hydrating Facial Toner for Dry Skin Enriched with Aloe Vera, Soothing Calendula & Vitamin E to Refresh and Revitalize Complexion (200 ml)",4.6,107,True,False,32,,29.99,,Beauty Personal Care,6,,,,False
B092MYHH9W,"City Beauty MicroBiome Night Mask - Nourishing Overnight Face Mask - Prebiotic & Probiotic Blend - Solution for Dull, Uneven Skin Tone, Large Pores, & Wrinkles - Anti-Aging Cruelty-Free Skin Care",4.4,38,True,False,33,,65.0,,Beauty Personal Care,6,,,,False
B08GSRNC6D,"Caldera + Lab The Good | Men's Organic Moisturizing Face Serum for Dry, Sensitive, & Normal Skin – Vegan, Natural & Antioxidant Packed Skincare Facial Oil",4.4,1055,True,False,34,1K+ bought in past month,110.0,,Beauty Personal Care,6,1000,,4400.0,False
B0DFKYV726,"Honest Beauty Ageless Firm and Smooth Cream, Powered by Vegan Collagen Elastin Polypeptides, Firmer Smoother Looking Skin, Fragrance Free, EWG Verified, Cruelty-Free, 1.7 fl oz",4.4,460,True,False,35,1K+ bought in past month,29.99,,Beauty Personal Care,6,1000,,4400.0,False
B0GLGX4KSW,"Nail Care Kit,Manicure Pedicure Set,Nail Clippers and Beauty Tool Portable SetWith Case for Home Travel Personal Care(Pink+16set)",,,False,False,36,,7.85,,Beauty Personal Care,6,,,,False
B0001TJX2Q,"Home Health Original Castor Oil, Promotes Healthy Hair And Skin, Natural Skin Moisturizer - Pure, Cold Pressed, Non-GMO, Hexane-Free, Solvent-Free, Paraben-Free, Vegan - 32 fl oz",4.7,10066,False,False,37,2K+ bought in past month,23.91,24.48,Beauty Personal Care,6,2000,2.3,9400.0,True
B0GBZ916VV,"TrekTote 15 Piece Set Men’s Travel & Hygiene Kit with Clear Toiletry Bag, Grooming & Personal Care Essentials, Single Kit or Bulk Case Packs",3.9,24,False,False,38,,,,Beauty Personal Care,6,,,,False
B0FGK1XVSV,"BYOMA Universal Skincare Heroes (5-Piece Kit) - Skincare Gift Set with Jelly Cleanser, Milky Toner, Hydrating Serum, Gel Cream & SPF 50 - Skin Barrier Repair Gift Set with Makeup Bag",4.8,554,False,False,39,1K+ bought in past month,25.0,,Beauty Personal Care,6,1000,,4800.0,False
B09318THFK,"City Beauty Restoring Hand Treatment - Moisturizing Hand Cream - Dry Hand Relief - Solution for Wrinkled, Crepey Hands & Dark Spots - Wash-Resistant - Anti-Aging Cruelty-Free Skin Care",4.0,180,True,False,40,50+ bought in past month,68.0,,Beauty Personal Care,6,50,,200.0,False
B00949CTQQ,"Paula's Choice SKIN PERFECTING 2% BHA Liquid Exfoliant with Salicylic Acid, Facial Polish for Enlarged Pores, Wrinkles & Fine Lines, Suitable for Blackhead-Prone Skin, Fragrance-Free",4.5,113292,True,False,41,40K+ bought in past month,37.0,,Beauty Personal Care,6,40000,,180000.0,False
B0BTR6YRWB,"ATTITUDE Liquid Hand Soap, EWG Verified, Plant and Mineral-Based, Vegan Personal Care Products, Bergamot and Ylang Ylang, 67.6 Fl Oz",4.3,404,False,False,42,100+ bought in past month,33.65,35.99,Beauty Personal Care,6,100,6.5,430.0,True
B0GDSTR6KK,6PCS Nail Clipper Set Stainless Steel Nail Pliers Manicure Nail Exfoliating Tools Personal Care Beauty Complete Manicure Portable Household,,,False,False,43,,2.97,,Beauty Personal Care,6,,,,False
B08Q7LYHSZ,"Pyunkang Yul PKY Calming Moisture Barrier Cream Instantly Soothes Sensitive Skin, Hyaluronic Acid & Ceramide for Hydration, Vegan, Korean Skincare (1.69 Fl. Oz, 50ml)",4.4,8791,False,False,44,3K+ bought in past month,13.99,15.99,Beauty Personal Care,6,3000,12.5,13200.0,True
B0D6QDTCMQ,Natura - Ekos Patauá Hair Anti-Breakage Re-Strengthening Conditioner - Hair Loss - Fortify Roots & Strands - Vegan Hair Care - Brazilian Beauty Secrets - Personal & Self Care - 10.1 fl oz (300ml),4.5,53,False,False,45,,27.99,,Beauty Personal Care,6,,,,False
B0D944RTFW,"2Pcs Pink Cordless Portable Hair Straightener and Travel Hair Straightener Brush Set with Carrying Case, Hair Straightening Irons and Hot-Air Hair Brushes Set for Beauty and Personal Care",3.3,9,False,False,46,,48.89,,Beauty Personal Care,6,,,,False
B09BST7MMP,"Good Molecules Gentle Retinol Cream - Retinol Night Cream to Minimize Appearance of Fine Lines & Wrinkles, Skin Tightening Recipe with Bakuchiol, Anti-Aging Skin Care For Face",4.6,8439,False,False,47,20K+ bought in past month,7.97,,Beauty Personal Care,6,20000,,92000.0,False
B0FQ64Q86H,"6Pcs Sakura Skincare Kit, The Skin Care Set Includes Facial Cleanser, Toner, Lotion, Essence, Eye Cream And Face Cream, Beauty Skin Care Travel Present Set For Teenage Girls Women",5.0,4,False,False,48,,16.85,,Beauty Personal Care,6,,,,False
B0FLHWX1BP,"Nail Printer Nail Art Machine, Portable 3D Digital Printer for Nail Art, DIY Nail Printer Control Through Mobile App with Design Gallery,10s Fast Printing, for Beauty & Personal Care",3.9,6,False,False,49,,493.99,,Beauty Personal Care,6,,,,False
B0DXRJYY7X,"eos 24H Moisture Super Balm - Marshmallow Fluff, Lip mask, Moisturizing, Lip Treatment, Limited-Edition Skincare, 0.35 fl oz",4.7,3058,False,False,50,10K+ bought in past month,4.49,5.99,Beauty Personal Care,6,10000,25.0,47000.0,True
B0D46ZL24F,"1Pc Red Hawaiian Flower Hair Clip for Women Girls,Beach Party Hair Clips and Barrettes,Fashion Bohemian Flowers Hair Accessory for Dancer Bridal Wedding,Hair Care,Beauty and Personal Care",4.0,3,False,False,51,,6.99,,Beauty Personal Care,6,,,,False
B0CSR7L43F,"JLO BEAUTY Hydrating Face Moisturizer Cream, Hyaluronic Acid & Peptide Infused Skin Care, Moisturizer Face Cream for Women, Day & Night Formula to Visibly Smooth Fine Lines, That Blockbuster, 1.7 Oz",4.6,282,False,False,52,500+ bought in past month,59.0,,Beauty Personal Care,6,500,,2300.0,False
B01DPSDHGW,Natura - Ekos Murumuru Restoring Conditioner - Anti-Damage - Hair Detangler & Moisturizer - Combat Dryness - Vegan Hair Care - Brazilian Beauty Secrets - Personal & Self Care - 10.1 fl oz (300ml),4.4,188,False,False,53,,24.99,28.0,Beauty Personal Care,6,,10.8,,True
B08RLZ28QK,"Beauty of Joseon Ginseng Essence Water Hydrating Face Toner for Dry, Dull Skin. Korean Moisturizing Skin Care for Men and Women 150ml, 5 fl.oz",4.6,6153,False,False,54,5K+ bought in past month,17.99,,Beauty Personal Care,6,5000,,23000.0,False
0738761869,Mindful Beauty: Holistic Habits to Feel and Look Your Best,4.4,32,False,False,55,,18.26,,Beauty Personal Care,6,,,,False
B084BTV8FY,"Thymes Moisturizing Hand Lotion for Dry Skin - Moisturizer for Beauty and Personal Care - Luxury Hand Lotion for Women & Men with Shea Butter & Vitamin E (Lemon Leaf, 9 fl oz)",4.5,397,False,False,56,100+ bought in past month,16.0,,Beauty Personal Care,6,100,,450.0,False
B0C1TGGKH8,"Dove Nourishing Body Care, Face, Hand, and Body Beauty Cream for Normal to Dry Skin Lotion for Women with 24-Hour Moisturization, 4-Pack, 2.53 Oz Each Jar",4.7,4283,False,False,57,100+ bought in past month,,,Beauty Personal Care,6,100,,470.0,False
B0DSQNRZLL,"Burt's Bees Gifts Ideas, Tips and Toes Kit, 6 Travel Size Products - Pomegranate Moisturizing Lip Balm, 2 Hand Creams, Foot Cream, Cuticle Cream, and Hand Salve",4.7,18322,False,False,58,4K+ bought in past month,12.59,14.99,Beauty Personal Care,6,4000,16.0,18800.0,True
B0FHY1BLHV,"Global Beauty Care Vitamin C Glow Skincare Set - Complete Face Care Routine, Facial Cleanser, Serum, Eye Cream & Face Cream, with Niacinimade, AHA's & Vitamin E For Radiant Smooth Skin, 4-Piece Set",4.5,52,False,False,59,50+ bought in past month,14.99,16.99,Beauty Personal Care,6,50,11.8,225.0,True
B0036B3C0A,Timeless Skin Care Matrixyl 3000 Serum - Personal Care Face Serum Supports Hydration - with Hyaluronic Acid - Fragrance-Free - for Skin Care - 1 oz,4.4,1484,False,False,60,300+ bought in past month,24.99,,Beauty Personal Care,6,300,,1320.0,False
B0FLFD9WNZ,"Global Beauty Care Smooth & Lift Collagen Facial Cleanser – Peptides, Hyaluronic Acid & Squalane, 3-Pack (3x 2.5 fl oz)",4.3,38,False,False,61,,14.99,,Beauty Personal Care,6,,,,False
B0CZSM4JRY,"1Pc Blue yelash Curler Professional Lash Curler Makeup Curling Eyelash Curler with Comb Clip Women Beauty Tool Nice and Professional,Eyelash Curler,Beauty and Personal Care,Makeup Brushes and Tools",3.0,5,False,False,62,,4.99,,Beauty Personal Care,6,,,,False
B01EXQ582Q,Brazilian Bum Bum Cream,4.6,54117,False,False,63,4K+ bought in past month,24.0,,Beauty Personal Care,6,4000,,18400.0,False
B0GF3RDVQ8,"Global Beauty Care Vitamin C Toner Pads - Exfoliating Toner Pads for Face with Glycolic Acid, Lemon & Honey, Dual Textured Facial Pads, 120ct (2-Pack)",3.9,24,False,False,64,,19.99,24.99,Beauty Personal Care,6,,20.0,,True
B07LHBLVYJ,Vaseline Lip Therapy Cocoa Butter Twin Pack,4.6,3349,False,False,65,10K+ bought in past month,2.99,,Beauty Personal Care,6,10000,,46000.0,False
B0F19YY96Z,Summer Fridays Jet Lag Under Eye Patches - Hydrating & Depuffing Hydrogel Eye Masks with Caffeine & Peptides to Soothe & Refresh the Undereye Area (6 Pairs),4.6,175,True,False,66,10K+ bought in past month,24.0,,Beauty Personal Care,6,10000,,46000.0,False
B0C8133HWZ,"Birthday Gifts for Women Friendship, Ocean Relaxing Spa Gifts Basket Set for Women, Self Care Gifts Unique Happy Birthday Gift Idea for Mom Her Best Friends Sister Wife Girlfriend Coworker Teacher",4.8,761,True,False,67,100+ bought in past month,29.99,,Beauty Personal Care,6,100,,480.0,False
B0FCYBJK6T,"Ufree 3-in-1 Beard Trimmer for Men, Valentine Gifts for Men, IPX6 Waterproof Men's Electric Razor Shaver for Mustache, Professional Hair Trimmer Clippers, Type-C Body Grooming Kit",4.4,1147,True,False,68,10K+ bought in past month,19.98,29.99,Beauty Personal Care,6,10000,33.4,44000.0,True
B094YPJMDK,"Jergens Original Scent Dry Skin Body Lotion, Hand and Body Moisturizer, Cherry Almond Essence, Dermatologist Tested, 21 Oz, Pack of 3",4.8,1864,True,False,69,3K+ bought in past month,22.41,26.22,Beauty Personal Care,6,3000,14.5,14400.0,True
B0BZQ9F7T3,"Summer Fridays Tinted Lip Butter Balm - Conditioning Vegan Lip Balm for Instant Moisture, Shine & Hydration - Sheer-Tinted, Soothing Skincare - Cherry (.5 Oz)",4.7,8711,True,False,70,3K+ bought in past month,24.0,,Beauty Personal Care,6,3000,,14100.0,False
B0FLHWX1BP,"Nail Printer Nail Art Machine, Portable 3D Digital Printer for Nail Art, DIY Nail Printer Control Through Mobile App with Design Gallery,10s Fast Printing, for Beauty & Personal Care",3.9,6,False,False,1,,493.99,,Beauty Personal Care,7,,,,False
B0DXRJYY7X,"eos 24H Moisture Super Balm - Marshmallow Fluff, Lip mask, Moisturizing, Lip Treatment, Limited-Edition Skincare, 0.35 fl oz",4.7,3058,False,False,2,10K+ bought in past month,4.49,5.99,Beauty Personal Care,7,10000,25.0,47000.0,True
B0CSR7L43F,"JLO BEAUTY Hydrating Face Moisturizer Cream, Hyaluronic Acid & Peptide Infused Skin Care, Moisturizer Face Cream for Women, Day & Night Formula to Visibly Smooth Fine Lines, That Blockbuster, 1.7 Oz",4.6,282,False,False,3,500+ bought in past month,59.0,,Beauty Personal Care,7,500,,2300.0,False
B01DPSDHGW,Natura - Ekos Murumuru Restoring Conditioner - Anti-Damage - Hair Detangler & Moisturizer - Combat Dryness - Vegan Hair Care - Brazilian Beauty Secrets - Personal & Self Care - 10.1 fl oz (300ml),4.4,188,False,False,4,,24.99,28.0,Beauty Personal Care,7,,10.8,,True
B084BTV8FY,"Thymes Moisturizing Hand Lotion for Dry Skin - Moisturizer for Beauty and Personal Care - Luxury Hand Lotion for Women & Men with Shea Butter & Vitamin E (Lemon Leaf, 9 fl oz)",4.5,397,False,False,5,100+ bought in past month,16.0,,Beauty Personal Care,7,100,,450.0,False
B0C1TGGKH8,"Dove Nourishing Body Care, Face, Hand, and Body Beauty Cream for Normal to Dry Skin Lotion for Women with 24-Hour Moisturization, 4-Pack, 2.53 Oz Each Jar",4.7,4283,False,False,6,100+ bought in past month,,,Beauty Personal Care,7,100,,470.0,False
B0DSQNRZLL,"Burt's Bees Gifts Ideas, Tips and Toes Kit, 6 Travel Size Products - Pomegranate Moisturizing Lip Balm, 2 Hand Creams, Foot Cream, Cuticle Cream, and Hand Salve",4.7,18322,False,False,7,4K+ bought in past month,12.59,14.99,Beauty Personal Care,7,4000,16.0,18800.0,True
B0FHY1BLHV,"Global Beauty Care Vitamin C Glow Skincare Set - Complete Face Care Routine, Facial Cleanser, Serum, Eye Cream & Face Cream, with Niacinimade, AHA's & Vitamin E For Radiant Smooth Skin, 4-Piece Set",4.5,52,False,False,8,50+ bought in past month,14.99,16.99,Beauty Personal Care,7,50,11.8,225.0,True
B0036B3C0A,Timeless Skin Care Matrixyl 3000 Serum - Personal Care Face Serum Supports Hydration - with Hyaluronic Acid - Fragrance-Free - for Skin Care - 1 oz,4.4,1484,False,False,9,300+ bought in past month,24.99,,Beauty Personal Care,7,300,,1320.0,False
B0F23Z22CG,"Salt & Stone Body Lotion for Women & Men | Neroli & Basil | Hydrates, Nourishes & Softens Skin | Restores Dry Skin | Fast-Absorbing | Cruelty-Free & Vegan | 3.4 fl oz",4.2,1959,True,False,10,300+ bought in past month,20.0,,Beauty Personal Care,7,300,,1260.0,False
B0DJWRHCWG,"Beverly Hills MD Lift & Firm Sculpting Cream- Tighten & Tone Skin, Anti-Aging Lotion for Smooth, Moisturized Complexion- Lift and Smooth Face, Neck, Décolleté w/Silk Peptides, + Aloe Vera, Vitamin E",4.2,793,True,False,11,300+ bought in past month,60.0,,Beauty Personal Care,7,300,,1260.0,False
B08Y73331D,Shiseido Vital Perfection LiftDefine Radiance Serum - Lifting & Firming Face Serum - Visibly Improves Dullness & Loss of Firmness,4.5,159,True,False,12,50+ bought in past month,91.2,150.0,Beauty Personal Care,7,50,39.2,225.0,True
B0B5HQ3P3Q,"IMAGE Skincare, PREVENTION+ Daily Tinted Moisturizer SPF 30 Sunscreen, No White Cast, 3.2oz",4.5,1971,True,False,13,700+ bought in past month,50.0,,Beauty Personal Care,7,700,,3150.0,False
B07GB3NVN1,"Native Deodorant Contains Naturally Derived Ingredients, 72 Hour Odor Control | Deodorant for Women and Men, Aluminum Free with Baking Soda, Coconut Oil and Shea Butter | Coconut & Vanilla",4.4,130808,True,False,14,30K+ bought in past month,13.97,,Beauty Personal Care,7,30000,,132000.0,False
B0FLFD9WNZ,"Global Beauty Care Smooth & Lift Collagen Facial Cleanser – Peptides, Hyaluronic Acid & Squalane, 3-Pack (3x 2.5 fl oz)",4.3,38,False,False,15,,14.99,,Beauty Personal Care,7,,,,False
B0CZSM4JRY,"1Pc Blue yelash Curler Professional Lash Curler Makeup Curling Eyelash Curler with Comb Clip Women Beauty Tool Nice and Professional,Eyelash Curler,Beauty and Personal Care,Makeup Brushes and Tools",3.0,5,False,False,16,,4.99,,Beauty Personal Care,7,,,,False
B01EXQ582Q,Brazilian Bum Bum Cream,4.6,54117,False,False,17,4K+ bought in past month,24.0,,Beauty Personal Care,7,4000,,18400.0,False
B0GF3RDVQ8,"Global Beauty Care Vitamin C Toner Pads - Exfoliating Toner Pads for Face with Glycolic Acid, Lemon & Honey, Dual Textured Facial Pads, 120ct (2-Pack)",3.9,24,False,False,18,,19.99,24.99,Beauty Personal Care,7,,20.0,,True
B07LHBLVYJ,Vaseline Lip Therapy Cocoa Butter Twin Pack,4.6,3349,False,False,19,10K+ bought in past month,2.99,,Beauty Personal Care,7,10000,,46000.0,False
B0BK2SC18T,"GuruNanda Teeth Whitening Strips - 7-Day Treatment with Non-Slip, Dry Strip Technology - Whitening Designed with Care for a Brighter Smile",4.4,17686,False,False,20,60K+ bought in past month,9.97,,Beauty Personal Care,7,60000,,264000.0,False
B0BNTNQVY6,"CITYGOO Retinol Eye Stick With Collagen, Hyaluronic Acid For Dark Circle, Under Eye Cream Anti Aging, For Puffiness and Bags Reduces Fine Lines (Retinol Eye Stick, 1pcs)",4.2,4787,False,False,21,4K+ bought in past month,13.93,17.97,Beauty Personal Care,7,4000,22.5,16800.0,True
B001DPMETG,"Garnier Clearly Brighter Anti-Puff Eye Roller, Dark Circles Under Eye Treatment with Caffeine and Vitamin C, 0.5 Fl Oz (15mL), 1 Count (Packaging May Vary)",4.3,15249,False,False,22,5K+ bought in past month,12.99,15.22,Beauty Personal Care,7,5000,14.7,21500.0,True
B0DNTZMKPR,"Dove Vanilla Sugar & Shea Butter Body Scrub Exfoliates and Deeply Nourishes for Smooth, Radiant Skin 15 oz",4.7,1623,False,False,23,9K+ bought in past month,7.97,,Beauty Personal Care,7,9000,,42300.0,False
B09B94RL1R,"Amazon Echo Dot (newest model) - Vibrant sounding speaker, Designed for Alexa+, Great for bedrooms, dining rooms and offices, Glacier White",4.7,185568,False,False,1,5K+ bought in past month,49.99,,Electronics,1,5000,,23500.0,False
B0F2GYMC8H,Meta Quest 3S 128GB | VR Headset — Thirty-Three Percent More Memory — 2X Graphical Processing Power — Virtual Reality Without Wires — Access to 40+ Games with a 3-Month Trial of Meta Horizon+ Included,4.6,4244,True,False,2,9K+ bought in past month,,,Electronics,1,9000,,41400.0,False
B0DGHMNQ5Z,"Apple AirPods 4 Wireless Earbuds, Bluetooth Headphones, Personalized Spatial Audio, Sweat and Water Resistant, USB-C Charging Case, H2 Chip, Up to 30 Hours of Battery Life, Effortless Setup for iPhone",4.5,43623,False,False,3,10K+ bought in past month,99.0,129.0,Electronics,1,10000,23.3,45000.0,True
B0CZPHPJLN,"Beats Solo 4 - Wireless On-Ear Bluetooth Headphones, Up to 50-Hour Battery Life, Ultra-Lightweight Comfort, Powerful and Balanced Sound, Apple & Android Compatible - Slate Blue",4.6,24324,False,False,4,5K+ bought in past month,129.95,199.95,Electronics,1,5000,35.0,23000.0,True
B0D8BCJ1PV,"[1200 ANSI & Audio by dbx-tv] Alvar Projector with WiFi 6 and Bluetooth, 30W Speakers, Built in NetfIix App & DoIby Audio Outdoor Proyector, Auto Focus & Keystone Native 1080P Smart Projector, Black",4.4,491,True,False,5,50+ bought in past month,169.99,246.49,Electronics,1,50,31.0,220.0,True
B09X1XN3FZ,"Aura Carver HD WiFi Digital Picture Frame, 10.1”, Add Photos with Aura App, Free Unlimited Storage - Wirecutter’s Pick for Best Digital Photo Frame 2022 - Gravel",4.7,18690,True,False,6,4K+ bought in past month,149.0,,Electronics,1,4000,,18800.0,False
B0DSPKQ4J3,"Telescope, Telescope for Adults High Powered, 90mm Aperture 800mm Professional Refractor Telescopes for Adults Astronomy Beginners with AZ Mount Stainless Tripod, Carry Bag and Moon Filter",4.4,358,True,False,7,200+ bought in past month,169.99,199.99,Electronics,1,200,15.0,880.0,True
B0B9QY41T8,"Lume Cube Studio Panel 2-Point Lighting Kit | Edge Lit LED Bicolor Light Panels 3200k - 5600k | Rechargeable Lithium Battery, Adjustable Color, Brightness, 70"" Stands, Wireless Remote Included",4.5,94,True,False,8,100+ bought in past month,349.99,,Electronics,1,100,,450.0,False
B0C8PWSW7T,"Beats Studio Pro - Premium Wireless Over-Ear Headphones- Up to 40-Hour Battery Life, Active Noise Cancelling, USB-C Lossless Audio, Apple & Android Compatible - Navy",4.5,26206,False,False,9,3K+ bought in past month,169.95,179.95,Electronics,1,3000,5.6,13500.0,True
B098RKWHHZ,Nintendo Switch – OLED Model w/White Joy-Con,4.7,39630,False,False,10,900+ bought in past month,361.98,399.99,Electronics,1,900,9.5,4230.0,True
B09WNK39JN,"Amazon Echo Pop (newest model), Our smallest speaker, Designed for Alexa+, Fits in any room, Charcoal",4.7,104309,False,False,11,6K+ bought in past month,39.99,,Electronics,1,6000,,28200.0,False
B09B94RL1R,"Amazon Echo Dot (newest model) - Vibrant sounding speaker, Designed for Alexa+, Great for bedrooms, dining rooms and offices, Glacier White",4.7,185568,False,False,12,5K+ bought in past month,49.99,,Electronics,1,5000,,23500.0,False
B0CQN2PKQR,"Digital Picture Frame, 15.6 Inch Large Frameo Digital Photo Frame WiFi, 32GB, 1920 * 1080 IPS HD Touch Screen, Tabletop&Wall-Mounted, Share Picture Video, Birthday, Wedding, for Mom",4.6,3009,False,False,13,3K+ bought in past month,99.99,169.99,Electronics,1,3000,41.2,13800.0,True
B01N7ENHO6,"Skylight Frame – WiFi Digital Picture Frame Customer Support, Touch Screen Digital Photo Frame with Easy Setup, Photo Gifts for Parents and Grandparents - 10 Inch Black",4.7,26729,False,False,14,4K+ bought in past month,139.99,159.0,Electronics,1,4000,12.0,18800.0,True
B0C5DPSW5Y,"Amazon Echo Show 15 (newest model), Full HD 15.6"" kitchen hub for home organization, with built-in Fire TV, Designed for Alexa+",4.4,4768,False,False,15,5K+ bought in past month,299.99,,Electronics,1,5000,,22000.0,False
B0CQMRKRV5,"Amazon Fire TV Stick HD (newest model), free and live TV, Alexa Voice Remote, smart home controls, HD streaming",4.7,60956,False,False,16,10K+ bought in past month,34.99,,Electronics,1,10000,,47000.0,False
B0DDK1WM9K,Meta Quest 3S 128GB — Get Batman: Arkham Shadow and a 3-Month Trial of Meta Horizon+ Included — All-in-One Headset,4.6,7237,False,False,17,100+ bought in past month,,,Electronics,1,100,,460.0,False
B0B28G5Y4R,"HAPPRUN Native 1080P Bluetooth Mini Projector, Full HD Portable Outdoor Movie Projector with Built-in Speaker, Compatible with Smartphone, HDMI, USB, AV, Fire Stick, PS5 for Home, Bedroom, Outdoor Use",4.4,13358,False,False,18,7K+ bought in past month,84.99,109.99,Electronics,1,7000,22.7,30800.0,True
B0DZDBDCFH,"Apple 2025 MacBook Air 15-inch Laptop with M4 chip: Built for Apple Intelligence, 15.3-inch Liquid Retina Display, 16GB Unified Memory, 256GB SSD Storage, 12MP Center Stage Camera, Touch ID; Midnight",4.8,2441,False,False,19,2K+ bought in past month,999.0,1199.0,Electronics,1,2000,16.7,9600.0,True
B083SH697H,"32GB FRAMEO 10.1 Inch Smart WiFi Digital Photo Frame 1280x800 IPS LCD Touch Screen, Auto-Rotate Portrait and Landscape, Built in 32GB Memory, Share Moments Instantly via Frameo App from Anywhere",4.6,9080,False,False,20,5K+ bought in past month,59.99,69.98,Electronics,1,5000,14.3,23000.0,True
B0D8BCJ1PV,"[1200 ANSI & Audio by dbx-tv] Alvar Projector with WiFi 6 and Bluetooth, 30W Speakers, Built in NetfIix App & DoIby Audio Outdoor Proyector, Auto Focus & Keystone Native 1080P Smart Projector, Black",4.4,491,True,False,21,50+ bought in past month,169.99,246.49,Electronics,1,50,31.0,220.0,True
B0FC5FJZ9Z,Nintendo Switch 2 + Mario Kart World Bundle,4.7,2815,False,False,22,10K+ bought in past month,499.0,,Electronics,1,10000,,47000.0,False
B09ZXR98LJ,"Donner DED-80 Electronic Drum Set with 4 Quiet Mesh Pads, 180+ Sounds, 2 Pedals, Throne, Headphones, Sticks, and Melodics Lessons",4.5,1753,False,False,23,800+ bought in past month,238.99,279.99,Electronics,1,800,14.6,3600.0,True
B0BHZT5S12,"Amazon Fire HD 10 tablet, built for relaxation, 10.1"" vibrant Full HD screen, octa-core processor, 3 GB RAM, 32 GB, Black",4.5,40763,False,False,24,1K+ bought in past month,,,Electronics,1,1000,,4500.0,False
B0CL61F39H,PlayStation 5 Disc Edition Console (slim),4.7,5161,False,False,25,1K+ bought in past month,538.99,,Electronics,1,1000,,4700.0,False
B0D1XJ1XFS,"Telescope,Telescope for Adults High Powered, 90mm Aperture 900mm Professional Refractor Telescopes for Kids & Beginners, Magnification 450X,for Planet Observation with Stainless Tripod & Phone Adapter",4.3,403,True,False,26,300+ bought in past month,239.98,,Electronics,1,300,,1290.0,False
B0FLY2M2YN,"4K Video Camera Camcorder UHD 64MP Vlogging Camera for YouTube 18x Digital Zoom 3"" 270° Rotation IPS Touchscreen Video Camcorder with Night Vision, Remote Control, 32GB Card, 2 Batteries",4.4,489,True,False,27,1K+ bought in past month,89.99,109.99,Electronics,1,1000,18.2,4400.0,True
B0D17LQ4PR,"Dangbei DBOX02 Laser Projector 4K GTV, 2450 ISO Lumens, Netflix Officially Licensed, Blu-ray 3D, Home Theater Projector with WiFi and Bluetooth, HDR10+, 200-inch Picture, 2x12W DTS:, Dolby Audio",4.4,379,True,False,28,,999.0,1899.0,Electronics,1,,47.4,,True
B0FK4HYCR5,"4K Video Camera Camcorder 64MP Vlogging Camera for YouTube 3.0"" Touch Screen 18X Digital Zoom IR Night Vision with External Stereo Microphone,Remote,Lens Hood,Handheld Stabilizer,32G Card &2 Batteries",4.3,539,True,False,29,,99.99,129.99,Electronics,1,,23.1,,True
B0BX3BD8BD,"aosu 2K Solar Camera Outdoor Wireless, Cameras for Home Security, WiFi Camera for Home Surveillance with Spotlight Color Night Vision, PIR/AI Motion Detection, 2-Way Talk, IP66 Waterproof",4.4,3031,True,False,30,300+ bought in past month,44.98,54.99,Electronics,1,300,18.2,1320.0,True
B00IHVQ2FQ,"Alesis DRP100 - Audio-Isolation Electronic Drums Headphones for Monitoring, Practice or Stage Use with 1/4"" Adapter and Protective Bag",4.1,2710,False,False,1,100+ bought in past month,59.0,,Electronics,10,100,,410.0,False
B0G6YJZBFR,"Electric Rat Trap Indoor for Home - Electronic Rat Trap with High-Power Shock & Removable Plate, Safe and Effective Big Rats Zapper for Garage, Basement, Indoor Use 1PC",4.6,32,False,False,2,200+ bought in past month,36.09,40.84,Electronics,10,200,11.6,920.0,True
B07PBD5P78,ASURION 3 Year Portable Electronic Accident Protection Plan ($400 - $449.99),4.3,711,False,False,3,,57.99,,Electronics,10,,,,False
B0BZT8CMW3,"Educational Insights MathShark- Electronic Math Games, Addition, Subtraction, Division, and Multiplication Game, Handheld Games for Kids, Interactive STEM Learning Tools for Ages 6+",4.1,264,False,False,4,100+ bought in past month,25.49,35.99,Electronics,10,100,29.2,410.0,True
B07P97VVNR,Asurion 4 Year Equipment Protection Plan for Electronic Adapters - $1000 - $1249.99,4.1,306,False,False,5,,149.99,,Electronics,10,,,,False
B0FR8WVS49,"PROHEAR 022 Upgraded Electronic Shooting Earmuffs with Gel Cooling Ear Cushions - 29dB SNR Noise Reduction for Hunting & Gun Range, 5X Sound Amplification, 4 Omnidirectional Mics, HD Speakers,Black",4.6,99,False,False,6,100+ bought in past month,52.99,56.99,Electronics,10,100,7.0,460.0,True
B0DXQJ6JR7,"ISOtunes Sport ADVANCE BT 2.0 Shooting Ear Protection for Gun Range - Bluetooth Hearing Protection for Shooters, 26 dB Noise Reduction (NRR) Bluetooth Ear Protection, Electronic Shooting Ear Buds",4.1,272,False,False,7,200+ bought in past month,149.99,203.99,Electronics,10,200,26.5,820.0,True
B01JTKER4Q,"CRC 05103-Case 5103 Quick Dry Electronic Cleaner, 11 oz, 12 Pack",4.8,120,False,False,8,300+ bought in past month,86.09,,Electronics,10,300,,1440.0,False
B0016DUM44,"Schlage BE365 CAM 505 Camelot Keypad Deadbolt, Electronic Keyless Entry Lock, Bright Brass",4.3,19714,False,False,9,500+ bought in past month,123.58,,Electronics,10,500,,2150.0,False
B00QFWWZQO,"AC Infinity AIRPLATE T7, Quiet Cooling Fan System 12"" with Thermostat Control, for Home Theater AV Cabinets",4.7,1330,False,False,10,100+ bought in past month,89.99,,Electronics,10,100,,470.0,False
B07P6YXLTT,ASURION 3 Year Portable Electronic Accident Protection Plan ($450 - $499.99),4.5,1075,False,False,11,,60.99,,Electronics,10,,,,False
B099RBCJ31,"Top 1 Touch Electronic Chess - Strategy Game for Kids & Adults, Portable Travel Set, Perfect Birthday",4.0,175,False,False,12,50+ bought in past month,47.99,,Electronics,10,50,,200.0,False
B08MDQ973T,"2200 pcs Electronic Component Assortment Kit, Capacitors, Resistors, Transistors, Inductors, Diodes, Potentiometer, IC, LED and PCB",4.7,312,False,False,13,50+ bought in past month,59.99,,Electronics,10,50,,235.0,False
B09XPFX5ZJ,Electronics Science KIT | 60 Projects | STEM Activity KIT | Ages 10+ | Electric Hobby KIT,4.5,1474,False,False,14,,42.5,,Electronics,10,,,,False
B0G1RK9FBP,"Smart Lock, Fingerprint Keyless Entry Door Lock App Control, Electronic Touchscreen Keypad, Auto Locking, IP54 Weatherproof, Easy Install Digital Deadbolt for Front Door",4.5,52,False,False,15,200+ bought in past month,45.98,69.99,Electronics,10,200,34.3,900.0,True
B008PEKYA4,Snap Circuits Light Electronics Exploration Kit | Over 175 Exciting STEM Projects | Full Color Project Manual | 55+ Snap Circuits Parts | STEM Educational Toys for Kids 8+,4.8,4186,False,False,16,200+ bought in past month,87.64,110.49,Electronics,10,200,20.7,960.0,True
B0D8BCJ1PV,"[1200 ANSI & Audio by dbx-tv] Alvar Projector with WiFi 6 and Bluetooth, 30W Speakers, Built in NetfIix App & DoIby Audio Outdoor Proyector, Auto Focus & Keystone Native 1080P Smart Projector, Black",4.4,491,True,False,1,50+ bought in past month,169.99,246.49,Electronics,11,50,31.0,220.0,True
B015H31W60,HP 26A Black Toner Cartridge Printers | Works with LaserJet Pro M402 Series; LaserJet Pro MFP M426 Series | CF226A,4.6,2006,True,False,2,2K+ bought in past month,,,Electronics,11,2000,,9200.0,False
B0CZ9HD4K7,"Compressed Air Duster, New Upgrade 300000RPM Electric Air Duster, Powerful Replace Compressed Air Can - No Canned Air, Jet Dry Blower Portable Air Blower for Computer Clean, Keyboard, Home. (Black)",4.3,740,False,False,3,100+ bought in past month,37.89,,Electronics,11,100,,430.0,False
B0CX1D7BYF,"16"" Screen Magnifier for Mobile Phone,3D HD Cell Phone Magnifying Projector Screen Enlarger for Movies, Videos, and Gaming,Foldable Phone Stand with Screen Amplifier,Supports All Smartphones (Black)",3.8,179,False,False,4,,29.99,,Electronics,11,,,,False
B00R661UOQ,Luckies - Smartphone Projector Portable Projector For Home Cinema Mobile Phone Accessories Mini Projection & Pocket Projection Home Gadgets For Men Phone Brown,2.6,790,False,False,5,,30.0,,Electronics,11,,,,False
B0DH257B9X,"Wireless Earbuds with Bluetooth 5.3, Bass Stereo Sound, 48 Hours Playtime, Water Resistant, Hands-Free Calls",3.7,3,False,False,6,,99.99,,Electronics,11,,,,False
B0C8TNQFMR,"Compound Trinocular Microscope, 40X-5000X Magnification, Research Grade Professional Microscope with USB Camera and Mechanical Stage, Microscope for Adults",4.0,142,False,False,7,,239.99,,Electronics,11,,,,False
B0CSSWLDYN,"Keyboard Cleaner Laptop Cleaning Kit - All in One Computer Tech Cleaning Brush, Multi-Function Pc Accessories with Airpod Cleaning Kit, Electronic Laptop Screen Cleaner for MacBook, iPhone, Gaming",4.6,686,False,False,8,500+ bought in past month,9.99,11.99,Electronics,11,500,16.7,2300.0,True
B0DWWJG8WG,RYR Wireless Gaming Headset BlaGreen,3.0,414,False,False,9,,,,Electronics,11,,,,False
B0GGHQ2PM8,LZ6 5 3 Wirreless Earphone BIIuetuoth 5.0 Neckband Headset Earbuds with Speaker Headphone Waterproof Sport Headset with Microphone New 2026 High for Reliable Electronic Component,,,False,False,10,,,,Electronics,11,,,,False
B0F2JHDRK9,"Turtlebox Ranger: Loud! Outdoor Portable Bluetooth 5.4 Speaker | Rugged, Waterproof, Ultra-Portable | Plays to 105db, Deep Bass, Shockproof, Unlimited Pairing for Full Stereo Experience, River Rock",4.6,864,True,False,11,400+ bought in past month,250.0,,Electronics,11,400,,1840.0,False
B07RQVVVQG,"weBoost Home Complete | Powerful Multi-Carrier Cell Phone Signal Booster for 5G & 4G LTE | Simultaneous support for all U.S. Carriers - Verizon, AT&T, T-Mobile & more (model# 470145), DIY",4.1,3244,True,False,12,,999.99,,Electronics,11,,,,False
B0D8BCJ1PV,"[1200 ANSI & Audio by dbx-tv] Alvar Projector with WiFi 6 and Bluetooth, 30W Speakers, Built in NetfIix App & DoIby Audio Outdoor Proyector, Auto Focus & Keystone Native 1080P Smart Projector, Black",4.4,491,True,False,13,50+ bought in past month,169.99,246.49,Electronics,11,50,31.0,220.0,True
B0F2GYMC8H,Meta Quest 3S 128GB | VR Headset — Thirty-Three Percent More Memory — 2X Graphical Processing Power — Virtual Reality Without Wires — Access to 40+ Games with a 3-Month Trial of Meta Horizon+ Included,4.6,4244,True,False,14,9K+ bought in past month,,,Electronics,11,9000,,41400.0,False
B0F2JHDRK9,"Turtlebox Ranger: Loud! Outdoor Portable Bluetooth 5.4 Speaker | Rugged, Waterproof, Ultra-Portable | Plays to 105db, Deep Bass, Shockproof, Unlimited Pairing for Full Stereo Experience, River Rock",4.6,864,True,False,15,400+ bought in past month,250.0,,Electronics,11,400,,1840.0,False
B0FKFT7W9Z,"64GB Uhale 15.6"" Digital Picture Frame, Large WiFi Electronic Photo Frames 1920 x 1080 IPS FHD Touch Screen, Share Photos and Videos Anywhere, Support SD/USB, Best Gifts for Parents and Grandparents",4.5,1186,True,False,16,300+ bought in past month,99.99,109.99,Electronics,11,300,9.1,1350.0,True
B0F8B93ZBM,"64GB 15.6"" Frameo Digital Picture Frame WiFi, Large Electronic Photo Frames 1920 x 1080 IPS FHD Touch Screen, Send Photos from Your Phone from Anywhere, Best Gifts for Parents and Grandparents",4.6,1074,True,False,17,2K+ bought in past month,99.99,129.99,Electronics,11,2000,23.1,9200.0,True
B0C2P8KJKL,"Hagibis Switch Video Capture Card Portable Switch Dock for Nintendo Switch/iPhone 16 15 Pro Max Live Streaming Gaming USB 3.0 1080P 60Hz Video Recorder, Quest 3 with 4K HDMI(White MS2130 Chip)",3.5,29,False,False,18,,,,Electronics,11,,,,False
B0FF4GB282,"Electronic Organizer Travel Case, All-in-One Portable Cable Organizer Bag for Storage, Cord Organizer Tech Accessories for Cables, Chargers, Power Bank, Flash Drive, SD Card",4.4,60,False,False,19,200+ bought in past month,6.99,,Electronics,11,200,,880.0,False
B0F846HL5Z,"Portable Bluetooth Headset Box Headset EVA Scratch-Proof Protection Box for Sony Edifier W820NB,Colorful",1.5,4,False,False,20,,14.84,,Electronics,11,,,,False
B0DPMH4L31,"Outdoor Projector Screen with Stand - 120 inch Portable Projector Screens Indoor Outdoor Projector Screen 16:9 4K HD Outdoor Movie Screen with Carry Bag,Enioy Home Theater Projection Screen",4.6,597,False,False,21,300+ bought in past month,,,Electronics,11,300,,1380.0,False
B0GHNDVT5L,BIIuetuoth Earphone Fingerprint Touch BIIuetuoth 5.0 Earbuds Ergonomic Long Battreriy Life Waterproof Noise CanCeIIing for Sports New 2026 High for Reliable Electronic Component,,,False,False,22,,,,Electronics,11,,,,False
B0F52H5D1P,"Science Kits for Kids - STEM Kits for Kid, Electronics Exploration Kit, Over 440 Projects, 16 Circuit Parts, STEM Toy Educational Gifts for Kids Boys Girls Ages 3 4 5 6 7 8 9 10 11 12",4.5,74,False,False,23,100+ bought in past month,39.99,59.99,Electronics,11,100,33.3,450.0,True
B006BJMK9S,3-Yr Elect Under $500 Audio/Video/Mobile/Photo/HTIB/Ereaders (DOP),,,False,False,24,,34.65,,Electronics,11,,,,False
B0FJG6HJ1G,"8 Inches Black Reusable Cable Ties,Multi-purpose Adjustable Cord Straps, Cable Organizer,Cord Wrap and Hook Loop Cords Management,Adjustable Cord Ties for Organizing Home, Office, Data Centers,56 PCS",4.8,158,False,False,25,400+ bought in past month,5.99,,Electronics,11,400,,1920.0,False
B0CLYZP2Z8,"Varta Longlife AA Batteries (100 Pack), Alkaline Double A Battery",4.6,1178,True,False,26,1K+ bought in past month,23.99,,Electronics,11,1000,,4600.0,False
B0F2GYMC8H,Meta Quest 3S 128GB | VR Headset — Thirty-Three Percent More Memory — 2X Graphical Processing Power — Virtual Reality Without Wires — Access to 40+ Games with a 3-Month Trial of Meta Horizon+ Included,4.6,4244,True,False,27,9K+ bought in past month,,,Electronics,11,9000,,41400.0,False
B0D8BCJ1PV,"[1200 ANSI & Audio by dbx-tv] Alvar Projector with WiFi 6 and Bluetooth, 30W Speakers, Built in NetfIix App & DoIby Audio Outdoor Proyector, Auto Focus & Keystone Native 1080P Smart Projector, Black",4.4,491,True,False,28,50+ bought in past month,169.99,246.49,Electronics,11,50,31.0,220.0,True
B0797QRD73,LiCB 10 Pack CR2450 Battery 3V Lithium CR 2450,4.6,24349,True,False,29,6K+ bought in past month,8.99,,Electronics,11,6000,,27600.0,False
B0D8VXLRC9,"2-Pack Replacement Battery for Ring Doorbell - 7200mAh Rechargeable Camera Batteries with Charger Station for Ring Video Doorbell 2/3/3 Plus/4, Spotlight Cam, Stick Up Cam",4.4,2196,True,False,30,8K+ bought in past month,29.69,42.99,Electronics,11,8000,30.9,35200.0,True
B0B9QY41T8,"Lume Cube Studio Panel 2-Point Lighting Kit | Edge Lit LED Bicolor Light Panels 3200k - 5600k | Rechargeable Lithium Battery, Adjustable Color, Brightness, 70"" Stands, Wireless Remote Included",4.5,94,True,False,31,100+ bought in past month,349.99,,Electronics,11,100,,450.0,False
B0F2JHDRK9,"Turtlebox Ranger: Loud! Outdoor Portable Bluetooth 5.4 Speaker | Rugged, Waterproof, Ultra-Portable | Plays to 105db, Deep Bass, Shockproof, Unlimited Pairing for Full Stereo Experience, River Rock",4.6,864,True,False,32,400+ bought in past month,250.0,,Electronics,11,400,,1840.0,False
B0BFDNNQZ7,"Gtheos 2.4GHz Wireless Gaming Headset for PC, PS4, PS5, Mac, Nintendo Switch, Bluetooth 5.2 Gaming Headphones with Noise Canceling Microphone, Stereo Sound, ONLY 3.5mm Wired Mode for Xbox Series-Black",4.3,12797,False,False,1,3K+ bought in past month,28.48,49.99,Electronics,12,3000,43.0,12900.0,True
B0DNMMGDLV,"KMF-1 Guitar Pedal, 77 Effects Guitar Multi Effects Pedal with 50 Preset, 42 Drum Rhythm, 18 Amp/Cab, Upgraded Color Screen, Aux In, Guitar Tuner Looper Expression Wah Volume Distortion Pedal",4.4,289,False,False,2,400+ bought in past month,109.99,,Electronics,12,400,,1760.0,False
B077P3PVPV,Dinosaur Electronics FAN50PLUS Universal Igniter Board with Fan Control,4.7,1131,False,False,3,100+ bought in past month,119.91,133.6,Electronics,12,100,10.2,470.0,True
B08MDQ973T,"2200 pcs Electronic Component Assortment Kit, Capacitors, Resistors, Transistors, Inductors, Diodes, Potentiometer, IC, LED and PCB",4.7,312,False,False,4,50+ bought in past month,59.99,,Electronics,12,50,,235.0,False
B07P6YXLTT,ASURION 3 Year Portable Electronic Accident Protection Plan ($450 - $499.99),4.5,1075,False,False,5,,60.99,,Electronics,12,,,,False
B0C89LQTBZ,"BANIGIPA Bluetooth Headset with Boom Microphone, Open Ear Headphones w/Noise Canceling Mic, Wireless Headset for Phone Laptop PC Computer, Light and Comfortable for Office Meeting Home Working-10 Hrs",3.8,690,False,False,6,,28.49,29.99,Electronics,12,,5.0,,True
B0CCJMTZHJ,"VOYEE Switch Controller, LED Star Wireless Pro Controllers Compatible with Switch/Lite/OLED, Multi-Platform Windows PC with 9 Colors Colorful RGB Lights/Programmable/Vibration/Turbo/Wakeup",4.4,4008,False,False,7,1K+ bought in past month,19.99,21.99,Electronics,12,1000,9.1,4400.0,True
B08FBJJBQ5,"ACR ResQFlare Electronic Distress E-Flare and Flag, USCG Approved Replacement for Pyrotechnic Flares - ACR 3966",4.7,694,False,False,8,200+ bought in past month,79.95,,Electronics,12,200,,940.0,False
B07J4HXTWT,"Amazon Basics Electronic Keypad Deadbolt Door Lock with Touch-Control Keyless Entry Door Lock, Keyed Entry Option, Traditional, Oil Bronze, 1-Pack",4.1,11471,False,False,9,100+ bought in past month,37.79,,Electronics,12,100,,410.0,False
B0F5WB851K,"Programmable DC Electronic Load 120W, 0~150V, 0~20A, 0.1~999.9 ohm,Support CC(Constant Current), CV(Constant Voltage), CR (Constant Resistance), CP(Constant Power) Mode",4.1,14,False,False,10,,89.99,,Electronics,12,,,,False
B08TBF4S42,"NUBWO Wireless Gaming Headset with Mic for Ps5 Ps4 PC, Zero Interference, 100-Hour Battery All-Day Play, 23ms Sync​ for Fortnite & Call of Duty/FPS Gamers, Triple Mode All Devices Compatible - Orange",4.3,19684,False,False,11,3K+ bought in past month,28.49,49.99,Electronics,12,3000,43.0,12900.0,True
B0C1GTXY5S,"Gaming Headset with Microphone for Pc, Xbox One Series X/s, Ps4, Ps5, Switch, Stereo Wired Noise Cancelling Over-Ear Headphones with Mic, RGB, for Computer, Laptop, Mac, Nintendo (Blue)",4.3,3466,False,False,12,2K+ bought in past month,19.99,,Electronics,12,2000,,8600.0,False
B0CLLJC6QC,"Wireless Gaming Headset, 7.1 Surround Sound, 2.4Ghz USB Gaming Headphones Bluetooth 5.4, 100-Hr Noise Canceling Mic RGB Light, Wireless Headset for PC PS5 PS4 Mac Switch, ONLY Wired Mode Suit for Xbox",4.3,2335,False,False,13,1K+ bought in past month,35.99,49.99,Electronics,12,1000,28.0,4300.0,True
B08F811YS8,ASURION 3 Year Portable Electronic Accident Protection Plan ($900 - $999.99),3.8,67,False,False,14,,99.99,,Electronics,12,,,,False
B0F1ZW5BGT,"Newmen GM611 Mechanical Keyboard,Rainbow LED Backlit Gaming Wired Keyboards Compact Mini 61 Keys Portable 60 Percent Mechanical Keyboard with Black Keycaps,for Windows Laptop PC Linear Red Switches",4.6,226,False,False,15,400+ bought in past month,17.99,,Electronics,12,400,,1840.0,False
B08JMHSWQL,ASURION 3 Year Portable Electronic Accident Protection Plan ($100 - $124.99),4.4,6173,False,False,16,,21.99,,Electronics,12,,,,False
B08ZCQWGTG,"BENGOO Pro Gaming Headset for PS4 PS5 PC Xbox One Controller, Noise Cancelling Over Ear Headphones with Mic, LED Light, Bass Surround, Soft Memory Earmuffs for Laptop Mac - White",4.3,121205,False,False,1,100+ bought in past month,27.54,33.99,Electronics,13,100,19.0,430.0,True
B0DNMMGDLV,"KMF-1 Guitar Pedal, 77 Effects Guitar Multi Effects Pedal with 50 Preset, 42 Drum Rhythm, 18 Amp/Cab, Upgraded Color Screen, Aux In, Guitar Tuner Looper Expression Wah Volume Distortion Pedal",4.4,289,False,False,2,400+ bought in past month,109.99,,Electronics,13,400,,1760.0,False
B0DBLHVGV7,"S30 Gaming Headset with Microphone,198g Lightweight Design, Wired Gaming Headphones for Xbox, Xbox Series X|S, PS5, PS4, Switch, PC, Noise Cancelling Mic, Soft Earmuffs (Black)",4.2,1388,False,False,3,2K+ bought in past month,19.99,,Electronics,13,2000,,8400.0,False
B08FBJJBQ5,"ACR ResQFlare Electronic Distress E-Flare and Flag, USCG Approved Replacement for Pyrotechnic Flares - ACR 3966",4.7,694,False,False,4,200+ bought in past month,79.95,,Electronics,13,200,,940.0,False
B08F811YS8,ASURION 3 Year Portable Electronic Accident Protection Plan ($900 - $999.99),3.8,67,False,False,5,,99.99,,Electronics,13,,,,False
B08JMHSWQL,ASURION 3 Year Portable Electronic Accident Protection Plan ($100 - $124.99),4.4,6173,False,False,6,,21.99,,Electronics,13,,,,False
B0CHFLHHQH,"EKSA USB Gaming Headset for PC, Computer Headphones with Detachable Noise Cancelling Microphone, 7.1 Surround Sound, 50MM Driver, Wired Headset with Mic for PS4/PS5, Xbox One, Laptop, Work",4.4,133,False,False,7,50+ bought in past month,55.99,,Electronics,13,50,,220.0,False
B08F81F7RH,ASURION 3 Year Portable Electronic Accident Protection Plan ($1000 - $1249.99),4.1,103,False,False,8,,119.99,,Electronics,13,,,,False
B081GHJ9XC,"Sirius Signal C-1003 SOS LED Distress Signal - Electronic Flare Replacement, USCG Approved, Includes Daytime Flag & Whistle",4.7,2999,False,False,9,600+ bought in past month,69.99,,Electronics,13,600,,2820.0,False
B089HZLB2K,"SCHLAGE FE595 CAM 622 Acc Keypad Entry with Flex Electronic Lock, Matte Black",4.5,6543,False,False,10,500+ bought in past month,119.99,144.99,Electronics,13,500,17.2,2250.0,True
B0CC6JFS4C,"Kwikset SmartCode 270 Keyless Entry Electronic Touchpad Deadbolt Door Lock with Auto-Lock, Custom User Codes, Advanced Security in Matte Black Contemporary",4.4,422,False,False,11,500+ bought in past month,120.99,128.0,Electronics,13,500,5.5,2200.0,True
B0FM75QBLQ,"BT10 EPB Emergency Release Tool,Over-Current Protection, Dual-Channel Forward/Reverse Control for Electronic Parking Brake Release and Reset",4.3,43,False,False,12,100+ bought in past month,44.99,,Electronics,13,100,,430.0,False
B08F7Z457K,ASURION 3 Year Portable Electronic Accident Protection Plan ($2000 - $2999.99),4.4,29,False,False,13,,169.99,,Electronics,13,,,,False
B08F7ZYTV2,ASURION 3 Year Portable Electronic Accident Protection Plan ($1500 - $1999.99),3.9,37,False,False,14,,159.99,,Electronics,13,,,,False
B00NAG4WX2,"Peltor Sport Tactical 100 Electronic Hearing Protector, Ear Protection, NRR 22 dB, Ideal for the Range, Shooting and Hunting, TAC100-OTH",4.6,3842,False,False,15,300+ bought in past month,72.21,82.83,Electronics,13,300,12.8,1380.0,True
B001NIC5DI,"Ernie Ball Hybrid Slinky Nickel Wound Electric Guitar Strings 3-pack, 9-46 Gauge (P03222)",4.8,7745,False,False,16,400+ bought in past month,19.49,,Electronics,13,400,,1920.0,False
B007IP8NNQ,Plantronics - Electronic Hook Switch Cable APP-51 (Poly) - Remote Desk Phone Call Control - Works with Poly Desk Phones,4.4,844,False,False,1,,53.5,,Electronics,14,,,,False
B015ZDDF0S,TC Electronic SENTRY NOISE GATE Multiband Noise-Gating Pedal with Hard-Gate Mode and Built-In TonePrints*,4.7,286,False,False,2,50+ bought in past month,119.0,,Electronics,14,50,,235.0,False
B08WK79727,"3M Pro-Protect + Gel Cushions Electronic Hearing Protector, Noise Reduction Rating (NRR) 26 dB, Bluetooth Ear Muffs, High-Fidelity Speakers & Integrated Microphone, Premium Gel Cushions (90545-SIOC)",4.1,1334,False,False,3,100+ bought in past month,61.3,72.98,Electronics,14,100,16.0,410.0,True
B007BGSI5U,Howard Leight by Honeywell Impact Pro Sound Amplification Electronic Earmuff (R-01902),4.6,4304,False,False,4,100+ bought in past month,100.43,115.0,Electronics,14,100,12.7,460.0,True
B0CPNY58KB,"Kwikset Powerbolt 240 5-Button Keypad Matte Black Contemporary Electronic Deadbolt Door Lock, Featuring Convenient Keyless Entry, Customizable User Codes and Auto-Locking",4.3,164,False,False,5,100+ bought in past month,49.0,,Electronics,14,100,,430.0,False
B08ZFQY3FQ,Walker's Razor X-TRM Electronic Muff,4.1,113,False,False,6,100+ bought in past month,80.44,,Electronics,14,100,,410.0,False
B0725C4YH5,Basic Fun The Bridge Direct Electronic Sport Fishing Game,3.9,1052,False,False,7,100+ bought in past month,38.71,41.36,Electronics,14,100,6.4,390.0,True
B08F7ZFQCG,ASURION 3 Year Portable Electronic Accident Protection Plan ($800 - $899.99),4.2,95,False,False,8,,89.99,,Electronics,14,,,,False
B00N12E9JC,"SCHLAGE BE375 CEN 622 Touch Keyless Touchscreen Electronic Deadbolt Lock, Matte Black",4.4,612,False,False,9,200+ bought in past month,131.35,,Electronics,14,200,,880.0,False
B001R2RA4E,Yamaha KP65 Electronic Drum Kick Tower,4.6,646,False,False,10,200+ bought in past month,76.99,,Electronics,14,200,,920.0,False
B07Q1DTJDX,"HowFixit PRO 48 bit Screwdriver Set for Repair Electronics, Smartphone, iPhone, Laptop, Macbook, PC, Game Console, Camera, Tablet, Watch etc",4.7,459,False,False,11,100+ bought in past month,19.99,,Electronics,14,100,,470.0,False
B0B5M5YYPV,"Belkin 6-Outlet Power Strip Surge Protector w/Flat Rotating Plug, 6ft Cord – Ideal for Personal Electronics, Small Appliances and More (1080 Joules), White, 6' - 6 Pack",4.6,12408,False,False,12,100+ bought in past month,92.99,,Electronics,14,100,,460.0,False
B0C7LQQF67,"Kwikset Powerbolt 240 5-Button Keypad Satin Nickel Traditional Electronic Deadbolt Door Lock, Featuring Convenient Keyless Entry, Customizable User Codes and Auto-Locking",4.0,577,False,False,13,,49.0,,Electronics,14,,,,False
B0744TC3PW,"iSpring ED2000 Whole House Water Descaler, Alternative Electronic Salt-Free Hard Water Conditioner, Reduces Limescale Prevent Deposits Build-up, Different from a Water Softener",4.2,2252,False,False,14,200+ bought in past month,159.99,,Electronics,14,200,,840.0,False
B083NLR3TV,"Bonvoisin Lab Scale 1000gx0.01g High Precision Electronic Analytical Balance 0.01g Accuracy Laboratory Lab Precision Scale Digital Kitchen Balance Scale Jewelry Scale Scientific Scale (1000g, 0.01g)",4.4,545,False,False,15,,93.0,,Electronics,14,,,,False
B005GVCWCC,Replacement 3-Button Overhead Door Transmitter KF340-DRC-WP for GAMA Electronics Overhead Door Controls,4.6,97,False,False,16,50+ bought in past month,39.95,,Electronics,14,50,,230.0,False
B000MAUP58,"Lutron Diva Electronic Low Voltage Dimmer | 300-Watt, Single-Pole or 3-Way | DVELV-303P-WH, White",4.4,256,False,False,1,,79.01,,Electronics,15,,,,False
B07YNJCGJN,"Kwikset SmartCode 917 Keypad Keyless Entry Contemporary Residential Electronic Lever Lock Deadbolt Alternative with Halifax Door Lever and SmartKey Security, Satin Nickel",4.4,3552,False,False,2,200+ bought in past month,107.99,128.0,Electronics,15,200,15.6,880.0,True
B07YTH8B8C,"PROHEAR Digital Electronic Shooting Ear Protection Muffs with GEP02 Gel Ear Pads, Hunting 5X Sound Amplification Earmuffs, NRR 23dB Low Profile Hearing Protection for Gun Range - Black",4.6,3237,False,False,3,50+ bought in past month,51.99,,Electronics,15,50,,230.0,False
B08R999QQT,Snap Circuits Green Energy Electronics Exploration Kit | Over 125 Exciting STEM Projects | Full Color Project Manual | 45+ Snap Circuits Parts | STEM Educational Toys for Kids 8+,4.7,6005,False,False,4,100+ bought in past month,69.04,80.43,Electronics,15,100,14.2,470.0,True
B00N12FO0A,"Schlage BE375 CAM 619 Touch Camelot Deadbolt, Electronic Keyless Entry Lock, Satin Nickel",4.2,3578,False,False,5,100+ bought in past month,128.3,,Electronics,15,100,,420.0,False
B08R688XJ5,"4Pcs Electronic Interactive Alphabet Wall Chart for Kids, ABC Learning for Toddlers, Learning Toys for Toddlers, Talking ABC Animal Vehicles & Vegetables Poster, Preschool Education Gifts for Kids",4.2,312,False,False,6,,29.99,39.99,Electronics,15,,25.0,,True
B002HMZM66,"Schlage FE575 CAM 716 ACC Camelot Keypad Lock with Accent Lever, Auto-Lock, Electronic Keyless Entry, Aged Bronze",4.5,2080,False,False,7,100+ bought in past month,129.0,,Electronics,15,100,,450.0,False
B000EJUBBU,NEIKO 01409A 12” Electronic Digital Caliper | Extra Large Display | 0-12 Inches | Inch/Fractions/Millimeter Conversion | Polished Stainless Steel,4.3,23232,False,False,8,500+ bought in past month,45.73,54.99,Electronics,15,500,16.8,2150.0,True
B0CZLBHDDM,"Kailh Box Navy Switches for Mechanical Gaming Keyboard,3-Pin 60gf Clicky/Factory Lubed/IP56 Dust&Waterproof Switches(Kailh Box Navy,90Pcs)",4.8,380,False,False,9,,39.99,,Electronics,15,,,,False
B00AZUAORE,"TC Electronic DITTO LOOPER Highly Intuitive Looper Pedal with 5 Minutes of Looping Time, Analog-Dry-Through and True Bypass",4.4,2701,False,False,10,100+ bought in past month,83.9,,Electronics,15,100,,440.0,False
B001BPT6US,"Sloan G2 EBV-129-A-C Water Closet Electronic Control Module 1.28 & 1.6 GPF - Compatible with Sloan Optima G2 & ECOS Sensor Water Closet Flushometers | Uses 4 AA Batteries, 3325450",4.6,228,False,False,11,100+ bought in past month,187.66,272.15,Electronics,15,100,31.0,460.0,True
B07NTX6FN4,"Electronic Smart Door Lock, Keyless Entry with Keypad, Key Fobs, Remote Control, Keys for Home, Office or Commercial, Silver NDL302",3.6,313,False,False,12,50+ bought in past month,99.99,,Electronics,15,50,,180.0,False
B083NLR3TV,"Bonvoisin Lab Scale 1000gx0.01g High Precision Electronic Analytical Balance 0.01g Accuracy Laboratory Lab Precision Scale Digital Kitchen Balance Scale Jewelry Scale Scientific Scale (1000g, 0.01g)",4.4,545,False,False,13,,93.0,,Electronics,15,,,,False
B0FF9PKK21,"Kailh Box White Pro Mechanical Keyboard Switch,Clicky 3-pin 45gf Pre-Lubed Dustproof Waterproof RGB SMD Key Switches for High-Speed Typing(Box White Pro,45pcs)",4.8,179,False,False,14,,19.39,,Electronics,15,,,,False
B0FT284WTG,Bravokids 10 Inch LCD Writing Tablet for 3-8 Year Olds - Electronic Drawing Pad and Doodle Board as Educational Birthday Gifts for Girls and Boys (Purple),4.6,30360,False,False,15,200+ bought in past month,19.99,25.99,Electronics,15,200,23.1,920.0,True
B0BZ4XWPGZ,"2830PCS DIY Electronics Components Kit Assortment, Resistors, Inductors, Capacitors, LED, Triode, PCB, Potentiometer, Jumper Wire, Tactswitch for Arduino UNO MEGA2560",4.6,25,False,False,16,,64.99,,Electronics,15,,,,False
B09X1XN3FZ,"Aura Carver HD WiFi Digital Picture Frame, 10.1”, Add Photos with Aura App, Free Unlimited Storage - Wirecutter’s Pick for Best Digital Photo Frame 2022 - Gravel",4.7,18690,True,False,1,4K+ bought in past month,149.0,,Electronics,2,4000,,18800.0,False
B0FVM9V44D,"Magic Frame [AI Photo to Video] – 10.1"" FHD WiFi Digital Picture Frame, AI Motion Sensor, Old Photo Alive, Unlimited Cloud Storage, Picture Share with APP, Touchscreen, Gift for Loved One",4.3,18,True,False,2,50+ bought in past month,139.99,169.99,Electronics,2,50,17.6,215.0,True
B0CL61F39H,PlayStation 5 Disc Edition Console (slim),4.7,5161,False,False,3,1K+ bought in past month,539.0,,Electronics,2,1000,,4700.0,False
B0CD2BS3QX,"Mini Projector, VISSPL Full HD 1080P Video Projector, Portable Outdoor Projector with Tripod, Kids Gift, Home Theater Movie Phone Projector Compatible with Android/iOS/Windows/TV Stick/HDMI/USB",4.3,2021,False,False,4,500+ bought in past month,49.98,79.99,Electronics,2,500,37.5,2150.0,True
B0B28G5Y4R,"HAPPRUN Native 1080P Bluetooth Mini Projector, Full HD Portable Outdoor Movie Projector with Built-in Speaker, Compatible with Smartphone, HDMI, USB, AV, Fire Stick, PS5 for Home, Bedroom, Outdoor Use",4.4,13358,False,False,5,7K+ bought in past month,84.99,109.99,Electronics,2,7000,22.7,30800.0,True
B0F2GYMC8H,Meta Quest 3S 128GB | VR Headset — Thirty-Three Percent More Memory — 2X Graphical Processing Power — Virtual Reality Without Wires — Access to 40+ Games with a 3-Month Trial of Meta Horizon+ Included,4.6,4244,True,False,6,9K+ bought in past month,,,Electronics,2,9000,,41400.0,False
B09X1XN3FZ,"Aura Carver HD WiFi Digital Picture Frame, 10.1”, Add Photos with Aura App, Free Unlimited Storage - Wirecutter’s Pick for Best Digital Photo Frame 2022 - Gravel",4.7,18690,True,False,7,4K+ bought in past month,149.0,,Electronics,2,4000,,18800.0,False
B0FVM9V44D,"Magic Frame [AI Photo to Video] – 10.1"" FHD WiFi Digital Picture Frame, AI Motion Sensor, Old Photo Alive, Unlimited Cloud Storage, Picture Share with APP, Touchscreen, Gift for Loved One",4.3,18,True,False,8,50+ bought in past month,139.99,169.99,Electronics,2,50,17.6,215.0,True
B01LZJH63M,"Plustek Photo Scanner ePhoto Z300, Scans 4x6 inch Photos in 2 Seconds, Auto crop and deskew with CCD Sensor, Supports Mac and PC",4.5,9673,True,False,9,1K+ bought in past month,219.99,,Electronics,2,1000,,4500.0,False
B01N7ENHO6,"Skylight Frame – WiFi Digital Picture Frame Customer Support, Touch Screen Digital Photo Frame with Easy Setup, Photo Gifts for Parents and Grandparents - 10 Inch Black",4.7,26729,False,False,10,4K+ bought in past month,139.99,159.0,Electronics,2,4000,12.0,18800.0,True
B0D9JFT7JS,"FIFINE AmpliGame Stream Controller with 15 Macro Keys, Streaming Keyboard with Trigger Actions in OBS/Twitch/YouTube/Streamlabs, Shortcut Buttons Keypad Works with Mac and PC-D6",4.4,537,False,False,11,1K+ bought in past month,64.99,,Electronics,2,1000,,4400.0,False
B0DP2RQH8M,"FYY Electronic Organizer, Large Travel Cable Organizer Bag Pouch Electronic Accessories Carry Case Portable Waterproof Double Layers All-in-One Storage Bag for Cable, Cord, Charger, Phone, Black",4.5,36723,False,False,12,1K+ bought in past month,16.99,18.99,Electronics,2,1000,10.5,4500.0,True
B0D932YWSZ,Xbox Series S - All Digital Gaming Console - 512GB SSD - Includes Wireless Controller - 120FPS - Robot White,4.7,2840,False,False,13,3K+ bought in past month,393.12,,Electronics,2,3000,,14100.0,False
B0FC6S2R7K,"4K+4K Dash Cam Front and Rear, Free 128GB Card Included, 5.8GHz WiFi Dash Camera for Cars, Built-in GPS, G-Sensor, 170°Wide Angle, 3"" IPS Screen, 24H Parking Mode, Support 512GB Max",4.8,4499,False,False,14,10K+ bought in past month,129.99,183.0,Electronics,2,10000,29.0,48000.0,True
B0F2GYMC8H,Meta Quest 3S 128GB | VR Headset — Thirty-Three Percent More Memory — 2X Graphical Processing Power — Virtual Reality Without Wires — Access to 40+ Games with a 3-Month Trial of Meta Horizon+ Included,4.6,4244,True,False,15,9K+ bought in past month,,,Electronics,2,9000,,41400.0,False
B0F2JHDRK9,"Turtlebox Ranger: Loud! Outdoor Portable Bluetooth 5.4 Speaker | Rugged, Waterproof, Ultra-Portable | Plays to 105db, Deep Bass, Shockproof, Unlimited Pairing for Full Stereo Experience, River Rock",4.6,864,True,False,16,400+ bought in past month,250.0,,Electronics,2,400,,1840.0,False
B0F6YDPCMQ,"BIGASUO Digital Picture Frame Frameo 15.6"" WiFi Electronic Photo Frames Large with 64GB Memory 1920x1080 IPS FHD Touch Screen Share Moments Instantly Anywhere Photo Gifts for Parents and Grandparents",4.6,353,False,False,17,1K+ bought in past month,99.99,109.99,Electronics,2,1000,9.1,4600.0,True
B0FC5FJZ9Z,Nintendo Switch 2 + Mario Kart World Bundle,4.7,2815,False,False,18,10K+ bought in past month,499.0,,Electronics,2,10000,,47000.0,False
B09B2SBHQK,"Amazon Echo Show 5 (newest model), Smart display, Designed for Alexa+, 2x the bass and clearer sound, Charcoal",4.2,65560,False,False,19,10K+ bought in past month,89.99,,Electronics,2,10000,,42000.0,False
B0FN7SKNXD,"10.1 Inch Digital Calendar Chore Chart with Touchscreen - Full HD Interactive Display, Wall & Desk Mountable Family Planner, to-Do List & Meal Planner, Digital Picture Frame Gifts for Women Mom",4.4,784,False,False,20,1K+ bought in past month,84.99,159.99,Electronics,2,1000,46.9,4400.0,True
B09TRW57WB,"HyperX Cloud Alpha Wireless - Gaming Headset for PC, 300-hour battery life, DTS Headphone:X Spatial Audio, Memory foam, Dual Chamber Drivers, Noise-canceling mic, Durable aluminum frame,Red",4.2,6154,False,False,21,1K+ bought in past month,125.99,199.99,Electronics,2,1000,37.0,4200.0,True
B09ZXR98LJ,"Donner DED-80 Electronic Drum Set with 4 Quiet Mesh Pads, 180+ Sounds, 2 Pedals, Throne, Headphones, Sticks, and Melodics Lessons",4.5,1753,False,False,22,800+ bought in past month,238.99,279.99,Electronics,2,800,14.6,3600.0,True
B0F6T91GDW,"Smart Digital Calendar, 10.1"" HD Smart Touch Screen Home Interactive Electron Calender WiFi Planner,Meal Schedule, Duty Chart,Achievement Rewards- Built-in Digital Photo Frame Function",4.4,188,False,False,23,300+ bought in past month,88.98,159.99,Electronics,2,300,44.4,1320.0,True
B0F2HFZNPB,"15.6 Inch Digital Calendar Wall Touch Screen Chore Chart, 32GB Electronic Calendar + Smart Family Planner, Wall and Desk Mountable, Gifts for Women Men, Christmas Gifts for Mom Dad",4.3,620,False,False,24,1K+ bought in past month,189.99,289.99,Electronics,2,1000,34.5,4300.0,True
B0B2KWJ252,"Duracell Coppertop AA + AAA Batteries, 56 Count (Pack of 1), Re-closable Pack for Easy Access and Organized Storage, Contains 28 Double A Batteries and 28 Triple A Batteries",4.8,132995,True,False,25,8K+ bought in past month,45.7,,Electronics,2,8000,,38400.0,False
B0CLYZP2Z8,"Varta Longlife AA Batteries (100 Pack), Alkaline Double A Battery",4.6,1178,True,False,26,1K+ bought in past month,23.99,,Electronics,2,1000,,4600.0,False
B099N4NSSD,"Projector with WiFi and Bluetooth, Upgrade Outdoor Projector, Mini Movie Projector Supports 1080P Synchronize Smartphone Screen by WiFi/USB Cable for Home Entertainment (WiFi)",4.3,4820,False,False,1,500+ bought in past month,45.09,79.99,Electronics,3,500,43.6,2150.0,True
B0CD2BS3QX,"Mini Projector, VISSPL Full HD 1080P Video Projector, Portable Outdoor Projector with Tripod, Kids Gift, Home Theater Movie Phone Projector Compatible with Android/iOS/Windows/TV Stick/HDMI/USB",4.3,2021,False,False,2,500+ bought in past month,49.98,79.99,Electronics,3,500,37.5,2150.0,True
B0D4TBR3DJ,"Smart Watch for Women Men, Smartwatch for iPhone & Android Bluetooth (Answer/Call) Built-in Alexa, 1.91"" HD Fitness Tracker with 105+ Sport Modes, IP68 Waterproof, Sleep/Heart Rate/SpO2/Stress Monitor",4.3,2476,False,False,3,1K+ bought in past month,49.14,,Electronics,3,1000,,4300.0,False
B0CCKBWKW4,"TENS Unit Muscle Stimulator Pro for Back Pain Relief, Shoulder Recovery and Physical Therapy, Electronic EMS Massager Machine with PMS Pulse for Effective Shock Therapy, Red",4.6,3139,False,False,4,4K+ bought in past month,69.97,,Electronics,3,4000,,18400.0,False
B0BFJWCYTL,Nintendo Switch with Neon Blue and Neon Red Joy-Con - Handheld Gaming Console,4.7,10206,False,False,5,2K+ bought in past month,318.99,339.99,Electronics,3,2000,6.2,9400.0,True
B0DSLTZ6M3,PlayStation Portal Remote Player - Midnight Black,4.4,6118,False,False,6,5K+ bought in past month,199.0,,Electronics,3,5000,,22000.0,False
B01HGM33HG,AKASO EK7000 4K30FPS 20MP WiFi Action Camera with EIS Ultra HD 131FT Waterproof Underwater Camera Remote Control 4X Zoom Support External Microphone Black,4.4,31950,False,False,7,2K+ bought in past month,69.99,79.99,Electronics,3,2000,12.5,8800.0,True
B09WNK39JN,"Amazon Echo Pop (newest model), Our smallest speaker, Designed for Alexa+, Fits in any room, Charcoal",4.7,104309,False,False,8,6K+ bought in past month,39.99,,Electronics,3,6000,,28200.0,False
B0DDJZW3C9,Meta Quest 3S 256GB | VR Headset — Thirty-Three Percent More Memory — 2X Graphical Processing Power — Virtual Reality Without Wires — Get Batman: Arkham Shadow Included Plus Access to 40+ Games,4.6,2015,False,False,9,400+ bought in past month,379.92,399.99,Electronics,3,400,5.0,1840.0,True
B09TRW57WB,"HyperX Cloud Alpha Wireless - Gaming Headset for PC, 300-hour battery life, DTS Headphone:X Spatial Audio, Memory foam, Dual Chamber Drivers, Noise-canceling mic, Durable aluminum frame,Red",4.2,6154,False,False,10,1K+ bought in past month,125.99,199.99,Electronics,3,1000,37.0,4200.0,True
B07TPLZY74,"MUSICOZY Sleep Headphones, Bluetooth 5.4 Sleep Mask Headband Headphones Sleeping Eye Mask, Wireless Music Earbuds Earphones with HD Stereo Speakers for Side Sleepers, Cool Gadgets Unique Gift",4.2,18920,False,False,11,1K+ bought in past month,26.99,39.99,Electronics,3,1000,32.5,4200.0,True
B0CTNWKGM2,"JBL Go 4 - Ultra-Portable, Waterproof and Dustproof Bluetooth Speaker, Big JBL Pro Sound with Punchy bass, 7-Hour Built-in Battery, Made in Part with Recycled Materials (Purple)",4.8,14409,False,False,12,4K+ bought in past month,44.95,49.95,Electronics,3,4000,10.0,19200.0,True
B0C5N5KH2M,"Technics Premium Hi-Fi True Wireless Bluetooth Earbuds with Advanced Noise Cancelling, 3 Device Multipoint Connectivity, Hi-Res Audio + Enhanced Calling Wireless Earbuds - EAH-AZ80-K (Black)",3.9,1252,False,False,13,300+ bought in past month,193.23,,Electronics,3,300,,1170.0,False
B0F7QXC2XR,"21.5 Inch Digital Wall Calendar – Rewards for Chores! Smart Electronic Family Organizer with Touchscreen, Meal Planner & Photo Frame, Syncs with Google/iCloud, for Wall or Desk, White (New Version)",4.3,360,False,False,14,400+ bought in past month,254.98,458.88,Electronics,3,400,44.4,1720.0,True
B0DP2RQH8M,"FYY Electronic Organizer, Large Travel Cable Organizer Bag Pouch Electronic Accessories Carry Case Portable Waterproof Double Layers All-in-One Storage Bag for Cable, Cord, Charger, Phone, Black",4.5,36723,False,False,15,1K+ bought in past month,16.99,18.99,Electronics,3,1000,10.5,4500.0,True
B0B81X9XVD,"GlocalMe Numen Air 5G Mobile Hotspot, Portable WiFi Hotspot for Travel in 200+ Countries, Ultra High Speed Pocket Hotspot Device with Speed Up to 2.5Gbps, No SIM Card Required, 16 Connected Devices",4.0,332,False,False,16,100+ bought in past month,319.99,,Electronics,3,100,,400.0,False
B094PS5RZQ,Razer DeathAdder Essential Gaming Mouse: 6400 DPI Optical Sensor - 5 Programmable Buttons - Mechanical Switches - Rubber Side Grips - Classic Black,4.5,15515,False,False,1,4K+ bought in past month,19.99,29.99,Electronics,4,4000,33.3,18000.0,True
B0D8JDPKKS,"Frameo 10.1 Inch WiFi Digital Picture Frame, Smart Cloud Electronic Photo Frame with HD IPS Touch Screen Slideshow 32GB Memory Auto-Rotate Wall Mount, Share Photos/Videos from Phone by Frameo App",4.7,1288,False,False,2,3K+ bought in past month,59.99,69.99,Electronics,4,3000,14.3,14100.0,True
B0GNLTVXY7,"61 keys keyboard piano, Electronic Digital Piano with Built-In Speaker Microphone, Sheet Stand and Power Supply, Portable piano Keyboard Gift Teaching for Beginners",5.0,20,False,False,3,,49.99,89.99,Electronics,4,,44.4,,True
B0BTDHQJ6X,"LISEN for iPad Stand Tablet Holder for Desk, Office Desk Accessories for Men Women Kids Tablet Gifts, Office Home Essentials Gadgets Portable Monitor Stand for 2026 New iPad a16 Accessories Switch",4.7,11517,False,False,4,,9.49,17.99,Electronics,4,,47.2,,True
B0G48PHBFX,"Portable Charger, 20000mAh 22.5W Fast Charging Power Bank with Built-in Cables & Wall Plug, External Battery Pack with LED Display, Travel Essentials Battery Bank for iPhone, iPad, Samsung Fairy Pink",4.6,307,False,False,5,300+ bought in past month,34.98,49.99,Electronics,4,300,30.0,1380.0,True
B0F43VY6TC,"2Pack Multi Charging Cable Cord for Travel Vacation Essentials,Apple Watch Charger,iPhone 17 Charger,[3-in-2] USB A/Type C/Lightning Cable for iWatch,iPhone 17-11,Xbox Series X&S,Airpods,Home,Office",4.2,2450,False,False,6,10K+ bought in past month,15.99,,Electronics,4,10000,,42000.0,False
B08WM298TV,"JBL Tune 510BT - Bluetooth headphones with up to 40 hours battery, microphone for call, foldable and comfortable, Android and iOs compatible (White)",4.5,89840,False,False,7,1K+ bought in past month,39.95,49.95,Electronics,4,1000,20.0,4500.0,True
B086PKMZ21,"Razer BlackShark V2 X Gaming Headset: 7.1 Surround Sound - 50mm Drivers - Memory Foam Cushion - For PC, PS4, PS5, Switch - 3.5mm Audio Jack - Black",4.4,26687,False,False,8,6K+ bought in past month,39.99,59.99,Electronics,4,6000,33.3,26400.0,True
B0DCBVBTJ1,"Canupdog 15.6 Inch Digital Calendar, Electronic Planner & Chore Chart with 1920x1080P IPS Touchscreen, Task Rewards System, Interactive Display for Family Schedules, Christmas Gifts for Women Mom",4.3,606,False,False,9,200+ bought in past month,179.99,189.99,Electronics,4,200,5.3,860.0,True
B01AAH8CRU,Walker's Game Ear Razor Slim,4.8,82070,False,False,10,4K+ bought in past month,42.79,79.99,Electronics,4,4000,46.5,19200.0,True
B01FWAZEIU,"APC UPS 600VA / 330W UPS Battery Backup & Surge Protector, 7 Outlets (NEMA 5-15R), USB Charging Port, BE600M1 Uninterruptible Power Supply for Computers, Wi-Fi Routers, and Home Office Electronics",4.5,28652,False,False,11,10K+ bought in past month,83.99,,Electronics,4,10000,,45000.0,False
B0FS5LTZX7,"Digital Calendar 10.1 Inch Wall Planner Touch Screen WiFi Smart Electronic Planner with Third-Party Calendar Sync, Chore Tracker, Meal Plan Family Digital Picture Frame Gift for Mom Women wall calendar 2026",4.4,36,False,False,12,400+ bought in past month,69.99,99.99,Electronics,4,400,30.0,1760.0,True
B002SBB0SU,"Endust for Electronics; Screen & Surface Cleaning Wipes, Great LCD and Plasma Wipes, 70 Wipes (11506)",4.3,13374,False,False,13,1K+ bought in past month,9.99,12.99,Electronics,4,1000,23.1,4300.0,True
B0DW137W57,"Walker’s Suppressor Bluetooth Earbuds – 25dB NRR Hearing Protection with HD Sound, 36-Hour Battery, Waterproof Design",4.3,61,False,False,14,500+ bought in past month,133.41,140.35,Electronics,4,500,4.9,2150.0,True
B086GKB4SB,"MiracleWipes for Electronics Cleaning - Screen Wipes Designed for TV, Phones, Monitors and More - Includes Microfiber Towel - (60 Count)",4.4,21822,False,False,15,2K+ bought in past month,15.97,18.97,Electronics,4,2000,15.8,8800.0,True
B09CPXLJ8Q,ProCase Hard Travel Electronic Organizer Case for MacBook Power Adapter Chargers Cables Power Bank Apple Magic Mouse Apple Pencil USB Flash Disk SD Card Small Portable Accessories Bag,4.6,3770,False,False,16,400+ bought in past month,19.99,,Electronics,4,400,,1840.0,False
B0F2GYMC8H,Meta Quest 3S 128GB | VR Headset — Thirty-Three Percent More Memory — 2X Graphical Processing Power — Virtual Reality Without Wires — Access to 40+ Games with a 3-Month Trial of Meta Horizon+ Included,4.6,4244,True,False,1,9K+ bought in past month,,,Electronics,5,9000,,41400.0,False
B0D8BCJ1PV,"[1200 ANSI & Audio by dbx-tv] Alvar Projector with WiFi 6 and Bluetooth, 30W Speakers, Built in NetfIix App & DoIby Audio Outdoor Proyector, Auto Focus & Keystone Native 1080P Smart Projector, Black",4.4,491,True,False,2,50+ bought in past month,169.99,246.49,Electronics,5,50,31.0,220.0,True
B0FCYJVCWR,"Digital Calendar Touch Screen 10 Inch, Electronic Calendar Chore Chart for Family Monthly/Weekly/Daily Planner, Smart Calendar for Home Organization, Desk Mount and APP Control",4.5,360,False,False,3,300+ bought in past month,89.99,99.99,Electronics,5,300,10.0,1350.0,True
B0DCK6G21W,"XGIMI Elfin Flip Portable Projector, 1080P Resolution Outdoor Projector, Licensed Netflix, Build-in Adjustable Stand, Lightweight and Compact Design, 400 ISO Lumens, Screen Adaption",4.2,126,False,False,4,,299.0,,Electronics,5,,,,False
B0FJKPHVLH,"Android 15 Tablet 30GB RAM 128GB ROM 1TB TF, 2025 Electronics Tablets 10.1 Inch 8000mAh with Keyboard Mouse, 2.0GHz, 5G WiFi, BT 5.0, GMS Certified, Incell Display, Gemini AI - Metal Black",4.3,185,False,False,5,,109.98,129.99,Electronics,5,,15.4,,True
B07754PYFK,Razer Tartarus V2 Gaming Keypad: Mecha Membrane Key Switches - One Handed Keyboard - 32 Programmable Keys - Customizable Chroma RGB Lighting - Programmable Macros - Snap Tap - Black,4.2,16925,False,False,6,,79.99,,Electronics,5,,,,False
B0DCBW3B3T,"ProtoArc Ergonomic Mouse, EM11 NL Bluetooth Rechargeable Wireless Vertical Mouse, 3 Multi-Device Connectivity for Computer/PC/Laptop, 2.4GHz USB-A Optical Mice for Windows, Mac OS, Blue",4.4,4349,False,False,7,1K+ bought in past month,25.98,28.99,Electronics,5,1000,10.4,4400.0,True
B0DDJ2YTKH,"Solar Charger Power Bank, PD 20W Fast Charging External Batter, 40000mAh Portable Phone Charger Built in 4 Cables with Dual Bright Flashlights for Camping, Hiking, and Outdoor Use",4.3,162,False,False,8,500+ bought in past month,32.99,39.99,Electronics,5,500,17.5,2150.0,True
B09X65ZJLQ,"Arachnid Cricket Pro 650 Standing Electronic Dartboards with 24 Games, 132 Variations, and 6 Soft-Tip Darts Included",3.7,1753,False,False,9,100+ bought in past month,399.99,,Electronics,5,100,,370.0,False
B0DYVD72P2,"Corsair Void v2 Wireless Gaming Headset with Bluetooth for PC, PS5, PS4, Switch, Mobile – Dolby Atmos, 70 Hr Battery, Dual Wireless, Lightweight, Fast Charging – Carbon",4.2,1376,False,False,10,1K+ bought in past month,89.99,129.99,Electronics,5,1000,30.8,4200.0,True
B0FKFT7W9Z,"64GB Uhale 15.6"" Digital Picture Frame, Large WiFi Electronic Photo Frames 1920 x 1080 IPS FHD Touch Screen, Share Photos and Videos Anywhere, Support SD/USB, Best Gifts for Parents and Grandparents",4.5,1186,True,False,11,300+ bought in past month,99.99,109.99,Electronics,5,300,9.1,1350.0,True
B0F2JHDRK9,"Turtlebox Ranger: Loud! Outdoor Portable Bluetooth 5.4 Speaker | Rugged, Waterproof, Ultra-Portable | Plays to 105db, Deep Bass, Shockproof, Unlimited Pairing for Full Stereo Experience, River Rock",4.6,864,True,False,12,400+ bought in past month,250.0,,Electronics,5,400,,1840.0,False
B0D8BCJ1PV,"[1200 ANSI & Audio by dbx-tv] Alvar Projector with WiFi 6 and Bluetooth, 30W Speakers, Built in NetfIix App & DoIby Audio Outdoor Proyector, Auto Focus & Keystone Native 1080P Smart Projector, Black",4.4,491,True,False,13,50+ bought in past month,169.99,246.49,Electronics,5,50,31.0,220.0,True
B0FKFT7W9Z,"64GB Uhale 15.6"" Digital Picture Frame, Large WiFi Electronic Photo Frames 1920 x 1080 IPS FHD Touch Screen, Share Photos and Videos Anywhere, Support SD/USB, Best Gifts for Parents and Grandparents",4.5,1186,True,False,14,300+ bought in past month,99.99,109.99,Electronics,5,300,9.1,1350.0,True
B0F8B93ZBM,"64GB 15.6"" Frameo Digital Picture Frame WiFi, Large Electronic Photo Frames 1920 x 1080 IPS FHD Touch Screen, Send Photos from Your Phone from Anywhere, Best Gifts for Parents and Grandparents",4.6,1074,True,False,15,2K+ bought in past month,99.99,129.99,Electronics,5,2000,23.1,9200.0,True
B0F7Y5J8L8,"Maxfree Rechargeable AA Batteries Lithium with Charger, 8-Pack 1.5V 3600mWh Long Lasting Double A Batteries with LED Display, Cycle Times Up to 2500 – Fast Charging for Blink Outdoor Cameras & Toys",4.6,676,True,False,16,2K+ bought in past month,23.84,28.99,Electronics,5,2000,17.8,9200.0,True
B0CSYC751H,"Kids Camera Instant Print, Christmas Birthday Gifts for Girl Boys 3-12 Years Old, FHD Selfie Digital Video Cameras Toddler 3 Rolls Print Paper & 32G Card (Blue)",4.3,1631,True,False,17,2K+ bought in past month,28.44,38.88,Electronics,5,2000,26.9,8600.0,True
B0CXHQCTHJ,"AKASO Seemor-200 Night Vision Goggles - 4K Full Color Night Vision Binoculars for Adults, App-Enabled Photo and Video Saving,AI-ISP 3280FT Viewing Range,16x Digital Zoom for Camping Hiking & Security",4.2,262,False,False,18,100+ bought in past month,212.49,249.99,Electronics,5,100,15.0,420.0,True
B0F7LKRDLJ,"15.6 Inch Digital Calendar&Chore Chart, 1920 * 1080P Full HD Touchscreen Interactive Display Smart Family Planner, Wall and Desk Mountable, Gifts for Women Men, Christmas Gifts for Dad Mom",4.1,206,False,False,19,100+ bought in past month,169.99,179.99,Electronics,5,100,5.6,410.0,True
B0D9JFT7JS,"FIFINE AmpliGame Stream Controller with 15 Macro Keys, Streaming Keyboard with Trigger Actions in OBS/Twitch/YouTube/Streamlabs, Shortcut Buttons Keypad Works with Mac and PC-D6",4.4,537,False,False,20,1K+ bought in past month,64.99,,Electronics,5,1000,,4400.0,False
B0FNJWVBKY,"Smart Glasses with Camera,4K with Audio Bluetooth Camera Glasses for Men Women 8MP 32G HD Hidden Video Recording Support Live Feed,Ai Voice Control,150+ Language Translate, Chart GPT, WiFi",3.7,114,False,False,21,200+ bought in past month,69.99,,Electronics,5,200,,740.0,False
B0DQX1ZKS3,"LENRUE Small Portable Bluetooth Speaker with Lights, TWS Stereo Surround Sound, Type C Powered, Bluetooth 5.3, AUX TF Card Input, Wireless for Outdoor Home, Coolest Gifts",4.5,697,False,False,22,2K+ bought in past month,9.99,,Electronics,5,2000,,9000.0,False
B084CZDX61,"JBL Quantum 400 - Wired over-ear gaming headset with game-chat balance dial, JBL QuantumSURROUND and DTS, Voice focus directional flip-up mic and memory foam ear cushions (Black)",4.3,3595,False,False,23,300+ bought in past month,69.95,109.95,Electronics,5,300,36.4,1290.0,True
B0BHS2JFZC,"Linkind Matter Smart Light Bulb, WiFi Smart Bulbs, Work with Apple Home, Siri, Alexa, Google, SmartThings, RGBTW Color Changing Bulbs Mood Lighting, Music Sync, A19 E26 60W, 2.4Ghz WiFi 6 Pack",4.3,2451,False,False,24,2K+ bought in past month,29.99,42.99,Electronics,5,2000,30.2,8600.0,True
B0D1GWVLY3,"Sony BRAVIA Theater U Wireless Wearable TV Speaker with Bluetooth, Personalized Home Theater Audio, Gaming Compatibility, Built-in mic, 12 Hour Battery Life, IPX4 Splash-Resistant (HT-AN7)",4.4,371,False,False,25,50+ bought in past month,198.0,299.99,Electronics,5,50,34.0,220.0,True
B0B2KWJ252,"Duracell Coppertop AA + AAA Batteries, 56 Count (Pack of 1), Re-closable Pack for Easy Access and Organized Storage, Contains 28 Double A Batteries and 28 Triple A Batteries",4.8,132995,True,False,26,8K+ bought in past month,45.7,,Electronics,5,8000,,38400.0,False
B0F8B93ZBM,"64GB 15.6"" Frameo Digital Picture Frame WiFi, Large Electronic Photo Frames 1920 x 1080 IPS FHD Touch Screen, Send Photos from Your Phone from Anywhere, Best Gifts for Parents and Grandparents",4.6,1074,True,False,27,2K+ bought in past month,99.99,129.99,Electronics,5,2000,23.1,9200.0,True
B0FLY2M2YN,"4K Video Camera Camcorder UHD 64MP Vlogging Camera for YouTube 18x Digital Zoom 3"" 270° Rotation IPS Touchscreen Video Camcorder with Night Vision, Remote Control, 32GB Card, 2 Batteries",4.4,489,True,False,28,1K+ bought in past month,89.99,109.99,Electronics,5,1000,18.2,4400.0,True
B0D17LQ4PR,"Dangbei DBOX02 Laser Projector 4K GTV, 2450 ISO Lumens, Netflix Officially Licensed, Blu-ray 3D, Home Theater Projector with WiFi and Bluetooth, HDR10+, 200-inch Picture, 2x12W DTS:, Dolby Audio",4.4,379,True,False,29,,999.0,1899.0,Electronics,5,,47.4,,True
B0FK4HYCR5,"4K Video Camera Camcorder 64MP Vlogging Camera for YouTube 3.0"" Touch Screen 18X Digital Zoom IR Night Vision with External Stereo Microphone,Remote,Lens Hood,Handheld Stabilizer,32G Card &2 Batteries",4.3,539,True,False,30,,99.99,129.99,Electronics,5,,23.1,,True
B0BX3BD8BD,"aosu 2K Solar Camera Outdoor Wireless, Cameras for Home Security, WiFi Camera for Home Surveillance with Spotlight Color Night Vision, PIR/AI Motion Detection, 2-Way Talk, IP66 Waterproof",4.4,3031,True,False,31,300+ bought in past month,44.98,54.99,Electronics,5,300,18.2,1320.0,True
B0FKFT7W9Z,"64GB Uhale 15.6"" Digital Picture Frame, Large WiFi Electronic Photo Frames 1920 x 1080 IPS FHD Touch Screen, Share Photos and Videos Anywhere, Support SD/USB, Best Gifts for Parents and Grandparents",4.5,1186,True,False,1,300+ bought in past month,99.99,109.99,Electronics,6,300,9.1,1350.0,True
B0F8B93ZBM,"64GB 15.6"" Frameo Digital Picture Frame WiFi, Large Electronic Photo Frames 1920 x 1080 IPS FHD Touch Screen, Send Photos from Your Phone from Anywhere, Best Gifts for Parents and Grandparents",4.6,1074,True,False,2,2K+ bought in past month,99.99,129.99,Electronics,6,2000,23.1,9200.0,True
B0C43R8SRB,"Alesis Nitro Max Kit Compact Electric Drum Kit with Quiet Mesh Pads, 10"" Dual-Zone Snare, Bluetooth, 440+ BFD Sounds, Drumeo, USB MIDI, Kick Pedal",4.4,2324,False,False,3,400+ bought in past month,449.0,,Electronics,6,400,,1760.0,False
B0FPQJ6VMG,WIN.MAX Electronic Dart Board Soft Tip Dartboard Set LED Displays 3 Languages with 12 Darts 100 Tips Power Adapter,4.4,185,False,False,4,100+ bought in past month,69.99,,Electronics,6,100,,440.0,False
B084CZDX61,"JBL Quantum 400 - Wired over-ear gaming headset with game-chat balance dial, JBL QuantumSURROUND and DTS, Voice focus directional flip-up mic and memory foam ear cushions (Black)",4.3,3595,False,False,5,300+ bought in past month,69.95,109.95,Electronics,6,300,36.4,1290.0,True
B0FKFT7W9Z,"64GB Uhale 15.6"" Digital Picture Frame, Large WiFi Electronic Photo Frames 1920 x 1080 IPS FHD Touch Screen, Share Photos and Videos Anywhere, Support SD/USB, Best Gifts for Parents and Grandparents",4.5,1186,True,False,6,300+ bought in past month,99.99,109.99,Electronics,6,300,9.1,1350.0,True
B0F8B93ZBM,"64GB 15.6"" Frameo Digital Picture Frame WiFi, Large Electronic Photo Frames 1920 x 1080 IPS FHD Touch Screen, Send Photos from Your Phone from Anywhere, Best Gifts for Parents and Grandparents",4.6,1074,True,False,7,2K+ bought in past month,99.99,129.99,Electronics,6,2000,23.1,9200.0,True
B0D8BCJ1PV,"[1200 ANSI & Audio by dbx-tv] Alvar Projector with WiFi 6 and Bluetooth, 30W Speakers, Built in NetfIix App & DoIby Audio Outdoor Proyector, Auto Focus & Keystone Native 1080P Smart Projector, Black",4.4,491,True,False,8,50+ bought in past month,169.99,246.49,Electronics,6,50,31.0,220.0,True
B0F7Y5J8L8,"Maxfree Rechargeable AA Batteries Lithium with Charger, 8-Pack 1.5V 3600mWh Long Lasting Double A Batteries with LED Display, Cycle Times Up to 2500 – Fast Charging for Blink Outdoor Cameras & Toys",4.6,676,True,False,9,2K+ bought in past month,23.84,28.99,Electronics,6,2000,17.8,9200.0,True
B01D2TQXJW,"REOLINK 8CH Network Video Recorder for Home Security Camera System, Only Work with 16MP/12MP/4K/8MP/5MP/4MP REOLINK PoE IP Camera, 24/7 Recording to Pre-Installed 2TB Hard Drive, RLN8-410",4.3,2158,True,False,10,500+ bought in past month,254.99,299.99,Electronics,6,500,15.0,2150.0,True
B00CMTAB38,Franklin Sports Electronic Dart Board Sets - Soft Tip Electric Dartboard with Digital Scoreboard - (6) Darts Included,4.3,3697,False,False,11,200+ bought in past month,39.99,44.99,Electronics,6,200,11.1,860.0,True
B09237GYCD,"Electronic Component Kit Total 1390 Pcs, LED Diodes, Metal Film Resistors, Electrolytic Capacitor Package, Common Diodes, Ceramic Capacitors, Common Transistor Assortment Box",4.6,976,False,False,12,200+ bought in past month,25.99,,Electronics,6,200,,920.0,False
B0CQ8QTXS9,Victor Electronic Mouse Trap Humane Mouse Traps Indoor for Home - M250B - No Touch Electric Mouse Traps for Home,3.9,13210,False,False,13,,19.97,,Electronics,6,,,,False
B07D9RR3T9,"Weiman Electronic Screen Cleaner Wipes - 4 Pack Clean Your Laptop, Computer, TV, and All Electronic Equipment - Electronic Wipes - 30 Count",4.4,6720,False,False,14,700+ bought in past month,26.97,,Electronics,6,700,,3080.0,False
B0DHXX6962,"UNIWA Electronic Whistle, 4 Pack Handheld Electronic Whistles Electric Whistle with Lanyard Three Tone Distinct High Volume Outdoor Sport Whistle for Coaches, Referees, P.E. Teacher",4.7,74,False,False,15,200+ bought in past month,32.99,,Electronics,6,200,,940.0,False
B0D8BCJ1PV,"[1200 ANSI & Audio by dbx-tv] Alvar Projector with WiFi 6 and Bluetooth, 30W Speakers, Built in NetfIix App & DoIby Audio Outdoor Proyector, Auto Focus & Keystone Native 1080P Smart Projector, Black",4.4,491,True,False,16,50+ bought in past month,169.99,246.49,Electronics,6,50,31.0,220.0,True
B0B72DBKVF,"Duracell Coppertop 9V Battery, 6 Count (Pack of 1), 9 Volt with Long-lasting Power, All-Purpose Alkaline 9V Battery for Household and Office Devices",4.8,6464,True,False,17,10K+ bought in past month,25.37,,Electronics,6,10000,,48000.0,False
B0DYVD72P2,"Corsair Void v2 Wireless Gaming Headset with Bluetooth for PC, PS5, PS4, Switch, Mobile – Dolby Atmos, 70 Hr Battery, Dual Wireless, Lightweight, Fast Charging – Carbon",4.2,1376,False,False,18,1K+ bought in past month,89.99,129.99,Electronics,6,1000,30.8,4200.0,True
B0FC6D7WL4,"Alesis Turbo Max Electric Drum Set with Quiet 8"" Mesh Pads, Lessons, Bluetooth and Accessories, Foldable",4.4,1349,False,False,19,200+ bought in past month,269.0,,Electronics,6,200,,880.0,False
B001T7QJ9O,"Howard Leight Impact Sport Sound Amplification Electronic Earmuff, Green (R - 01526)",4.7,51701,False,False,20,1K+ bought in past month,56.48,87.62,Electronics,6,1000,35.5,4700.0,True
B08ZT1P3K4,"ORIENT FAMULAY Travel Electronics Organizer, Waterproof Cable Organizer Bag for Electronic Accessories Double Layer Large Shockproof Cable Storage Bag for Cord, Power Bank, Tablet(Up to iPad 11 inch) - Wine Red",4.6,5192,False,False,21,100+ bought in past month,29.97,,Electronics,6,100,,460.0,False
B0DSJS1HYZ,"ARCHXX Screen Wipes for Electronics, 240 Count 6""x6"" Pre-Moistened Screen Cleaner for Screens, Computer,Laptop,Tablet,Phone,Monitor,Car Screen Cleaner, Lens Wipes Individually Wrapped",4.4,631,False,False,22,300+ bought in past month,25.99,,Electronics,6,300,,1320.0,False
B0DMZDSW1M,"Electronic Drum Set Electric Drum Kit with 4 Quiet Mesh Pads and 6"" Kick Drum, 360 Sounds, Headphones, Sticks, Dual Bluetooth function, Suit for Beginner",4.4,51,False,False,23,50+ bought in past month,218.49,229.99,Electronics,6,50,5.0,220.0,True
B0CQ8RTXRT,"Victor Indoor Electronic Rat Trap, Humane Electric Rat Traps Indoor for Home, No Touch, No See Traps - M241B - Quickly and Humanely Kill Rats Indoors - 1 Pack",3.8,910,False,False,24,,34.27,39.99,Electronics,6,,14.3,,True
B081415GCS,"Logitech G733 Lightspeed Wireless Gaming Headset, Suspension Headband, Lightsync RGB, Blue VO!CE Mic, PRO-G Audio – Black, Gaming Headset Wireless, PC, PS5, PS4, Switch Compatible",4.3,19248,False,False,25,3K+ bought in past month,119.99,159.99,Electronics,6,3000,25.0,12900.0,True
B0B2KWJ252,"Duracell Coppertop AA + AAA Batteries, 56 Count (Pack of 1), Re-closable Pack for Easy Access and Organized Storage, Contains 28 Double A Batteries and 28 Triple A Batteries",4.8,132995,True,False,26,8K+ bought in past month,45.7,,Electronics,6,8000,,38400.0,False
B0FHKJ6LYW,"BossKiss for iPhone 17 Pro Max Screen Protector 6.9 inch, [TOP 9H+ Hardness] [Military Grade Shatter Protection] [Sensitive Touch] [HD Clear Tempered Glass] Full Coverage Easy Installation 2 Pack",4.3,921,True,False,27,1K+ bought in past month,17.99,,Electronics,6,1000,,4300.0,False
B0G13VRCW2,"[Google TV/2000 ANSI/Voice Control/Built-in Apps] Outdoor Projector-4K with WiFi and Bluetooth: Portable-Movie-Smart-Projector, Sovboi 1080P 180° Stand Home-Ceiling-Proyector Compatible with Netflix",4.1,75,False,False,1,,579.99,,Electronics,7,,,,False
B0CQCGVL9K,"Divoom Times Gate - Cute Gaming Digital Clock with Smart App-Controlled, Support Weather Forecast, Stock Market/Exchange Rate, Social Media, Pixel Art Display for Gamers & Home Office Decor (Pink)",4.4,788,False,False,2,50+ bought in past month,103.99,129.99,Electronics,7,50,20.0,220.0,True
B0CKC53W44,"Sony HT-AX7 Portable Theater System for Tablet, Phone, Laptop, Projector - Cinematic Surround Sound Speaker - 30H Battery - Easy Bluetooth Connection",3.7,37,False,False,3,,599.99,,Electronics,7,,,,False
B0D69M55YM,"[Sound by JBL & Built-in Battery] Yaber T2 Outdoor Projector with WiFi 6 and Bluetooth, Native 1080P Smart Movie Portable Projector for Inside and Outside, Compatible with TV Dongle (Not included)",4.1,441,False,False,4,,299.99,,Electronics,7,,,,False
B0DHRVN6WY,"Dragon Touch 15.6"" Digital Calendar Chore Chart – 1080P Full HD Interactive Touchscreen, Smart Family Planner, Hearth Display Digital Calendar Wall & Desk Mountable for Seamless Scheduling Black",4.4,409,False,False,5,200+ bought in past month,159.99,299.99,Electronics,7,200,46.7,880.0,True
B0DY7XW7G1,"Rythflo Wearable Bluetooth V5.3 Speaker, 30H Working Time Clip-On Wireless Jobsite Water-Resistant TWS Portable Speaker, IPX7 Waterproof, Built-in ENC Mic for Hands-Free Music/Calls",4.5,1089,False,False,6,500+ bought in past month,29.98,46.99,Electronics,7,500,36.2,2250.0,True
B0FSM2PWRZ,"Arcade Classics - WWE Ultra Series Game Machine, 5 Games, 17"" Liquid Crystal Screen - Indoor Cabinet, Retro, Gaming Console, Basement Decoration, Man Cave",4.2,86,False,False,7,,599.99,699.99,Electronics,7,,14.3,,True
B094PS5RZQ,Razer DeathAdder Essential Gaming Mouse: 6400 DPI Optical Sensor - 5 Programmable Buttons - Mechanical Switches - Rubber Side Grips - Classic Black,4.5,15515,False,False,8,4K+ bought in past month,19.99,29.99,Electronics,7,4000,33.3,18000.0,True
B0CPXP7PVX,"Auto Face Tracking Tripod 360° Rotating Cell Phone Photo and Video Kits Stand, No App, Camera Stand with Remote and Gesture Control, Rechargeable Smart Shooting Stand for Live Recording Tiktok（Black）",4.4,1342,False,False,9,1K+ bought in past month,25.98,35.99,Electronics,7,1000,27.8,4400.0,True
B0CQ2MBCWZ,"RK ROYAL KLUDGE S98 Mechanical Keyboard w/Smart Display & Knob, Top Mount 96% Wireless Mechanical Keyboard BT/2.4G/USB-C, Hot Swappable, Software Support, Massive Battery, 98 Keys",4.6,1014,False,False,10,400+ bought in past month,74.99,99.99,Electronics,7,400,25.0,1840.0,True
B08G8RH23M,"RoamWiFi 4G LTE WiFi Mobile Hotspot Router, Worldwide Portable High Speed Hotspot with US 100GB & Global 1GB Data 90Day,Connects Up to 10 Devices Pocket Hotspot for Travel in 170+ Countries",4.4,1951,False,False,11,,192.8,241.0,Electronics,7,,20.0,,True
B0G1GR5DZV,"Portable Mini Projector with Bluetooth, 1080P 4K Support, Auto Keystone Correction, Compatible with Smartphone, HDMI, USB, AV, Fire Stick for Outdoor Movie Business and Home Theater Use",4.4,11,False,False,12,,49.99,79.99,Electronics,7,,37.5,,True
B072N9949C,PhoneSoap 3 UV Cell Phone Sanitizer & Dual Universal Cell Phone Charger Box | Patented & Clinically Proven 360-Degree UV-C Light Sanitizer | Disinfects and Charges All Phones (Silver),4.5,15914,False,False,13,50+ bought in past month,89.95,,Electronics,7,50,,225.0,False
B0FFSGSC9V,"HIDIZS AP80 Pro-X MP3 Player with Bluetooth, Digital Audio Player, Dual ESS9219C Dac Chips, 0.0015% THD+N, DSD256 Native Decoding, MQA LDAC, FLAC, Black",4.0,594,False,False,14,,169.0,,Electronics,7,,,,False
B0F4J3CYDL,"BLAVOR 45W Solar Charger Power Bank 20000mAh Wireless Portable Charger Built-in Cables, PD QC Fast Charging Battery Pack with USB-C for iPhone, Samsung, Dual Flashlight & Carabiner for Camping, Hiking",3.8,61,False,False,15,200+ bought in past month,59.99,,Electronics,7,200,,760.0,False
B0F62QC66H,"Wireless CarPlay Screen with 2K Dash Cam, 8.1"" Portable Touchscreen Car Stereo with CarPlay & Android Auto, 1080P Backup Camera, Voice Control, Bluetooth, Mirror Link, GPS Navigation",4.1,364,False,False,16,100+ bought in past month,79.99,99.98,Electronics,7,100,20.0,410.0,True
B0FR93LCPS,"Portable Bluetooth Speaker with LED Touch Screen, 40mm Sound Unit, Multi-Function Display, IPX5 Waterproof, Bluetooth 5.4, Wearable Smart Speaker",3.7,6,False,False,1,,26.99,29.99,Electronics,8,,10.0,,True
B0D5HR2SPX,"4K Night Vision Goggles, Upgrade Night Vision Binoculars with 5000mAh Battery Rechargeable Battery - 16X Digital NightVision 9 Gear Infrared with 32GB TF Card, 3.5"" HD Binoculars Gift for Men, Dad",4.2,302,False,False,2,,59.99,69.99,Electronics,8,,14.3,,True
B09X34CK9P,"JTEMAN Tablet Stand Adjustable with Bluetooth Speakers,Kitchen Gadgets,Gifts for Women Men,Wireless Bluetooth Speaker Tablet Holder,Desk Mic Charging Sation Compatible with Phones and Tablet",4.5,17104,False,False,3,200+ bought in past month,30.99,,Electronics,8,200,,900.0,False
B0CH9JWTJ5,"Small Extension Cord with USB C - 5 FT Short Extension Cord, 1625W 3 Prong Power Strip with 3 AC Outlet 4 USB (24W/4.8A), Bedside Charging Station for Home Office Dorm Room Essentials",4.6,2514,False,False,4,1K+ bought in past month,13.99,16.99,Electronics,8,1000,17.7,4600.0,True
B0F886XH46,"1000 ANSI Netflix Licensed Projector 1080P Smart Mini Projector with WIFI & Bluetooth, Auto Focus & 6D Keystone, Dolby Audio, Portable Projector with TV Stick/HDMI/USB/Phone Input for Indoor Outdoor",4.0,10,False,False,5,,39.99,44.99,Electronics,8,,11.1,,True
B0CWNKTF2V,"RG353VS Retro Handheld Game Linux System RG3566 3.5 inch IPS Screen,RG353VS with 64G TF Card Pre-Installed 4452 Games Supports 5G WiFi 4.2 Bluetooth Online Fighting,Streaming and HDMI rg 353v Aivuidbs",3.9,769,False,False,6,,99.99,,Electronics,8,,,,False
B0C9D7F2ZD,"MP3 Player with Bluetooth 5.3, Portable HiFi Lossless Sound Music Player with Speaker, Built-in 64GB Memory, FM Radio, Voice Recorder, E-Book, 2.4 in Full Touchscreen, Supports up to 128GB TF Card",3.9,180,False,False,7,,32.99,,Electronics,8,,,,False
B08X22912P,14 Inch Smartphone Screen Magnifier 3D HD Foldable Amplifier Phone Stand with Adjustable Angle Gift for Mom Dad Family Portable Universal Enlarger Movies Gaming Video,3.9,2951,False,False,8,100+ bought in past month,29.99,,Electronics,8,100,,390.0,False
B0F4X5M3JR,"3i G10+ Robot Vacuum and Mop Combo, 18,000 Pa Suction, 60-Day Hands-Free Cleaning with Quiet Debris Compression, Smart LiDAR Navigation, Auto Extension Along Edges, Ideal for Hard Floors & Carpets",4.1,135,False,False,9,50+ bought in past month,249.99,,Electronics,8,50,,205.0,False
B0DLW7RF2K,"80GB MP3 Player with Bluetooth and WiFi, MP3 and Mp4 Music Player, 4.0 IPS Touchscreen Android Player with Spotify, Amazon Music, Deezer, Audible, Browser with Speakers, Capacity (Black2)",3.9,205,False,False,10,,59.99,,Electronics,8,,,,False
B0FQJGRWTN,"[Built-in Apps/Touch Screen] A5pro Portable Projector with WiFi and Bluetooth, Support 4K, Outdoor Smart Projector with 180° Stand, Auto Focus, Mini Movie Proyector for Bedroom/Home (White)",3.6,40,False,False,11,,129.98,,Electronics,8,,,,False
B0G2KRPS24,"Projector with WiFi and Bluetooth, 1000+ Apps Installed, Electronic Focus & Auto Keystone, Zoom, Native 1080P 650 ANSI 20000Lumen 4K Support Portable Mini Video Projector Outdoor Indoor",3.7,23,False,False,12,,,,Electronics,8,,,,False
B09WZCSTS5,KODAK Step Slim Instant Smartphone Photo Printer - Portable Sleek Color Wireless Mobile Printer - Zink 2x3” Sticky-Back Photos - Print from iOS & Android Devices with Bluetooth w/the Fun App - White,4.4,498,False,False,13,,89.99,105.57,Electronics,8,,14.8,,True
B0F4KPRCWM,"Tic Tac Toe Game, 3-in-1 Game Machine, Handheld Electronic Puzzle Games, Portable Travel Game for Trip, Office Break, Queue Time, Birthday Gift for Kids Adult",4.5,143,False,False,14,100+ bought in past month,14.99,17.99,Electronics,8,100,16.7,450.0,True
B0F9FMJCY6,"Rechargeable Tic Tac Toe Game Box with 5 Fun Brain Memory Games, Electronic Touchscreen Handheld Game, Portable Digital Puzzle Board Travel Toy, Gifts Choice for Kids and Adults(Yellow)",4.3,153,False,False,15,50+ bought in past month,16.99,25.99,Electronics,8,50,34.6,215.0,True
B0DKFG5BHF,"2-in-1 Mobile Phone Lens Kit - 15x Macro & 0.45x Wide-Angle Lens for iPhone, Samsung & Android Smartphones (Black)",2.8,86,False,False,16,50+ bought in past month,2.45,,Electronics,8,50,,140.0,False
B0DNTLYK6Z,"ASUS ROG Pelta Wireless Gaming Headset with Detachable Mic – Tri-Mode (BT, 2.4GHz, USB-C) 50mm Titanium-Plated Drivers, 70Hr Battery, Ergonomic, Lightweight, for PC, PS5, PS4, Switch, Mobile - Black",4.5,227,False,False,1,500+ bought in past month,129.99,154.99,Electronics,9,500,16.1,2250.0,True
B07P61QM5M,ASURION 3 Year Portable Electronic Accident Protection Plan ($300 - $349.99),4.5,3020,False,False,2,,39.99,,Electronics,9,,,,False
B07P83YH2G,ASURION 3 Year Electronics Protection Plan ($800 - $899.99),4.1,281,False,False,3,,89.99,,Electronics,9,,,,False
B089JJBCK6,"SCHLAGE BE365 CAM 622 Keypad Electronic Deadbolt, Matte Black",4.3,19714,False,False,4,500+ bought in past month,111.8,129.99,Electronics,9,500,14.0,2150.0,True
B08ZGQLPRY,Walker's Rechargable,4.6,1165,False,False,5,700+ bought in past month,52.88,,Electronics,9,700,,3220.0,False
B000WJ0IGA,PetSafe Electronic Pet Door - Rust-Proof Programmable Smart Collar-Activated Dog or Cat Entry - Easy Installation & Space-Saving Design - Large - Fits Pets Up to 100 lb,3.7,4371,False,False,6,200+ bought in past month,193.73,,Electronics,9,200,,740.0,False
B074MKYKP6,Fender Frontman 10G Guitar Combo Amplifier - Black Bundle with Cable and Austin Bazaar Exclusive 12-Pack Picks,4.6,1142,False,False,7,200+ bought in past month,119.99,,Electronics,9,200,,920.0,False
B08F8146QP,ASURION 3 Year Electronics Protection Plan ($2000 - $2999.99),3.8,64,False,False,8,,169.99,,Electronics,9,,,,False
B0DFS1DGXR,"SteelSeries Arctis Nova 5P Wireless Multi-System Gaming Headset — White — Neodymium Magnetic Drivers — 100+ Audio Presets — 60 HR Battery — 2.4GHz or BT — Gen2.X Mic — PS5, PS4, PC, Switch, Mobile",4.4,496,False,False,9,400+ bought in past month,149.99,,Electronics,9,400,,1760.0,False
B0C7LPRYJB,"Kwikset Powerbolt 250 10-Button Keypad Matte Black Transitional Electronic Deadbolt Door Lock, Featuring Convenient Keyless Entry, Customizable User Codes and Auto-Locking",4.2,1905,False,False,10,500+ bought in past month,68.97,,Electronics,9,500,,2100.0,False
B07P84151D,ASURION 3 Year Portable Electronic Accident Protection Plan ($200 - $249.99),4.5,5417,False,False,11,,33.99,,Electronics,9,,,,False
B09TB15CTL,"Ozeino Gaming Headset for PC, Ps4, Ps5, Xbox Headset with 7.1 Surround Sound Gaming Headphones with Noise Canceling Mic, LED Light Over Ear Headphones for Switch, Xbox Series X/S, Laptop, Mobile White",4.3,27752,False,False,12,8K+ bought in past month,19.98,29.9,Electronics,9,8000,33.2,34400.0,True
B07P97VVNR,Asurion 4 Year Equipment Protection Plan for Electronic Adapters - $1000 - $1249.99,4.1,306,False,False,13,,149.99,,Electronics,9,,,,False
B08KS397GY,"HyperX CloudX, Official Xbox Licensed Gaming Headset, Compatible with Xbox One and Series X|S, Memory Foam Ear Cushions, Detachable Noise-Cancelling Mic, in-line Audio Controls,Black/ Silver",4.5,6999,False,False,14,500+ bought in past month,39.99,69.99,Electronics,9,500,42.9,2250.0,True
B08F7YZHC3,ASURION 3 Year Portable Electronic Accident Protection Plan ($700 - $799.99),4.1,131,False,False,15,,78.99,,Electronics,9,,,,False
B0F3QKLDLM,"Razer BlackShark V3 Pro Wireless ANC Gaming Headset for Xbox: Full Band Mic - 50mm Drivers - 2.4 GHz, Bluetooth, USB, 3.5mm - Works with PC, Mac, PS5, Nintendo Switch - Long Battery Life - Black",4.3,106,False,False,16,200+ bought in past month,199.99,249.99,Electronics,9,200,20.0,860.0,True
B0CYJH7GW7,"bella 12"" x 22"" Electric Griddle with EverGood™ Ceramic Nonstick Coating, Removable Temperature Probe, Dishwasher-Safe Drip Tray & Cool Touch Handles, Cook up to 15 Eggs, 1500 Watt, Oatmilk",4.3,293,True,False,1,500+ bought in past month,59.99,,Home Kitchen,1,500,,2150.0,False
B0CDV36NF6,"360 Count Clear Plastic Spoons Disposable, BPA-Free, Heat Resistant, Solid and Durable Disposable Spoons Heavy Duty Bulk, Premium Spoons plastic disposable for Party Supply",4.8,1499,True,False,2,10K+ bought in past month,25.99,29.98,Home Kitchen,1,10000,13.3,48000.0,True
B0C11XYX3V,"Caraway Mini Cookware Set - Non-Stick Ceramic Fry Pan (1.05 qt, 8"") Sauce Pan (1.75 qt) & Storage Rack - Non Toxic, PTFE & PFOA Free - Oven Safe & Stovetop Agnostic (Gas, Electric & Induction) - Sage",4.7,689,True,False,3,,225.0,,Home Kitchen,1,,,,False
B00CHYLXY4,"Aquasana Under Sink Water Filter System - Reduces PFAS, Lead, & Chlorine in Drinking Water - Under Counter Claryum Filtration for Kitchen - 3-Stage - Chrome Faucet - AQ-5300.56",4.2,2934,True,False,4,,148.74,174.99,Home Kitchen,1,,15.0,,True
B092Z1NHRN,"Kitchen Cloth, Microfiber Dish Towels Washcloths, Super Absorbent Coral Velvet Dishtowels, Premium Cleaning Cloths,Non-Stick Oil Quick Dry Dish Towels, Soft Tea Towel, Table Cleaning Cloths. (10)",4.3,9406,False,False,5,700+ bought in past month,3.97,4.97,Home Kitchen,1,700,20.1,3010.0,True
B0764HS4SL,"Fullstar The Original Pro Chopper - Vegetable Chopper and Spiralizer, Food Chopper with Container, Fruit Slicer, Kitchen Gadgets & Gifts, Home Essentials (4 in 1, White)",4.5,125301,False,False,6,10K+ bought in past month,26.99,49.99,Home Kitchen,1,10000,46.0,45000.0,True
B0BWHJ1FNK,"Mixing Bowls with Airtight Lids Set, 26PCS Stainless Steel Khaki Bowls with Grater Attachments, Non-Slip Bottoms & Kitchen Gadgets Set, Size 7, 4, 2.5, 2.0,1.5, 1QT, Great for Mixing & Serving",4.8,4119,False,False,7,5K+ bought in past month,35.99,45.99,Home Kitchen,1,5000,21.7,24000.0,True
B0DQ6M8QXT,"bella 4 Slice Slim Toaster, Fits-anywhere™ Kitchenware, 6 Setting Shade Control with Reheat & Cancel Buttons, Fits Sourdough, 10” Long Slot, Anti Jam & Auto Shutoff, 900 Watt, Oatmilk",4.2,11001,True,False,8,8K+ bought in past month,35.99,39.99,Home Kitchen,1,8000,10.0,33600.0,True
B0CDV36NF6,"360 Count Clear Plastic Spoons Disposable, BPA-Free, Heat Resistant, Solid and Durable Disposable Spoons Heavy Duty Bulk, Premium Spoons plastic disposable for Party Supply",4.8,1499,True,False,9,10K+ bought in past month,25.99,29.98,Home Kitchen,1,10000,13.3,48000.0,True
B0BGBHSBF6,"Vacplus Moisture Absorbers, 10.5 Oz Humidity Absorber Boxes Attracts Extra Moisture from Your Bathroom, Closet, Kitchen & Study, Dehumidifier, Odor Eliminator for Closet (Fragrance Free), 12 Packs",4.6,2738,True,False,10,1K+ bought in past month,29.99,34.99,Home Kitchen,1,1000,14.3,4600.0,True
B09WGFKRG1,"Bona Multi-Surface Floor Premium Spray Mop - Includes Multi-Surface Floor Cleaner Concentrate and Machine Washable Microfiber Cleaning Pad - For Stone, Tile, Laminate and Vinyl LVT/LVP Floors",4.5,11685,True,False,11,2K+ bought in past month,41.5,,Home Kitchen,1,2000,,9000.0,False
B0CXSXZ8K1,"KIMODE Kitchen Mats Cushioned Anti Fatigue, Boho Vintage Grey Kitchen Rugs Sets of 2, Non-Slip Kitchen Mats for Floor, Padded Kitchen Floor Mat for Sink, Laundry, Office, Desk,17""x47""+17""x29""",4.4,689,True,False,12,,26.99,32.99,Home Kitchen,1,,18.2,,True
B0C38WVJVQ,"10 Inch Microwave Food Cover & Collapsible Silicone Mat - Splatter Guard, Plate Holder & Kitchen Colander for Meal Prep, Charcoal",4.5,2300,False,False,13,2K+ bought in past month,12.99,,Home Kitchen,1,2000,,9000.0,False
B0CJ4WZXQF,"Cisily Sink Caddy Sponge Holder for Kitchen with Brush Holder and Stainless Steel Self Drain Tray, Rustproof Kitchen Sink Organizer for Sponge, Soap Dispenser Storage Accessories",4.5,6178,False,False,14,8K+ bought in past month,12.99,24.99,Home Kitchen,1,8000,48.0,36000.0,True
B0F2TB2MMP,"Extra Large Expandable Silverware Organizer, BPA-Free Food-Safe Cutlery Flatware Organizer, Kitchen Utensil Drawer Organizer, Adjustable Silverware Holder for Spoons Forks Knives, Black",4.8,3893,False,False,15,20K+ bought in past month,6.99,,Home Kitchen,1,20000,,96000.0,False
B06XKW1N23,"Airdog X5 Air Purifier for Home Large Room with Washable filter, TPA Technology Covers up to 1614 Ft²,Remove Pet Hair, Allergies, Dust, Smoke, Odor, Whisper Quiet with Air Quality Monitor",4.4,215,True,False,16,,569.0,649.0,Home Kitchen,1,,12.3,,True
B0CYHZFMFX,"bella Flip-n-Store Waffle Maker with EverGood™ Ceramic Nonstick Coating, Fits-anywhere™ Kitchenware, Power Indicator Light, Cool Touch Handle & Cord Wrap, 7” Wide & 1"" Deep Plates, 1000 Watt, Oatmilk",4.5,2446,True,False,17,4K+ bought in past month,29.99,,Home Kitchen,1,4000,,18000.0,False
B09454YVH2,"100% Compostable Paper Plates, Heavy Duty Disposable Plates [125-Pack] 9 Inch Plates - Eco-Friendly, Biodegradable Sugarcane Bagasse, Natural White 9"" Sturdy Dinner Paper Plate Disposable",4.7,5317,True,False,18,3K+ bought in past month,22.99,,Home Kitchen,1,3000,,14100.0,False
B0DQ6M8QXT,"bella 4 Slice Slim Toaster, Fits-anywhere™ Kitchenware, 6 Setting Shade Control with Reheat & Cancel Buttons, Fits Sourdough, 10” Long Slot, Anti Jam & Auto Shutoff, 900 Watt, Oatmilk",4.2,11001,True,False,19,8K+ bought in past month,35.99,39.99,Home Kitchen,1,8000,10.0,33600.0,True
B0C3QZ7SNF,"Cisily Sponge Holder for Kitchen Sink, Sink Caddy Organizer with High Brush Holder, Kitchen Countertop Organizers and Storage Essentials, Rustproof 304 Stainless Steel (Black, 9.25″)",4.6,11683,False,False,20,20K+ bought in past month,13.99,19.99,Home Kitchen,1,20000,30.0,92000.0,True
B0C991SKFS,"Cooking Utensils Set- Umite Chef Khaki Silicone Kitchen Utensils Set, 34PCS Heat Resistant Kitchen Gadgets Tools Set with Grater, Wooden Handle Kitchen Spatula Set for Nonstick Cookware",4.5,2921,False,False,21,1K+ bought in past month,19.99,35.99,Home Kitchen,1,1000,44.5,4500.0,True
B0DLGBRSFM,"2 in 1 Oil Sprayer, Oil Sprayer for Kitchen Cooking, 470ml Oil Spray Bottle for Home",4.4,787,False,False,22,2K+ bought in past month,6.7,,Home Kitchen,1,2000,,8800.0,False
B07PVBS863,"Zulay Kitchen Spoon Rest for Multiple Utensils High Heat-Resistant Silicone Drip Pad, BPA-Free Spoon Holder for Stove Top, Kitchen Gadget Holder for Ladles, Tongs, Cooking Spatula - Makes Great Gift",4.7,42404,False,False,23,4K+ bought in past month,7.99,9.99,Home Kitchen,1,4000,20.0,18800.0,True
B01M1HL4C4,"Caboo Tree Free Paper Towels, 6 Rolls, Plastic Free & Eco Friendly, Earth Friendly, Sustainable Kitchen Paper Towels with Strong 2 Ply Sheets",4.2,5426,True,False,24,800+ bought in past month,29.99,,Home Kitchen,1,800,,3360.0,False
B0B27JS81F,"Fantasticlean Microfiber Cleaning Cloth Roll -75 Pack, Tear Away Microfiber Towels, 12"" x 12"", Reusable, Washable, Scratch Free, Ultra Absorbent Dishcloth for All-Around Cleaning Supplies (Blue)",4.8,5171,True,False,25,600+ bought in past month,25.99,,Home Kitchen,1,600,,2880.0,False
B07RTH8LM7,"McCook® Knife Sets, German Stainless Steel Kitchen Knife Block Sets with Built-in Sharpener",4.6,35295,True,False,26,3K+ bought in past month,64.99,125.99,Home Kitchen,1,3000,48.4,13800.0,True
B0D5H6GFVJ,"FLAIROSOL OLIVIA Oil Sprayer for Cooking, 200ml Glass Olive Oil Sprayer, Continuous Cooking Spray with Portion Control, Oil Dispenser for Kitchen, Air Fryer, Salad, BBQ (Green Bottle, Gold Print)",4.5,3133,True,False,27,5K+ bought in past month,32.99,,Home Kitchen,1,5000,,22500.0,False
B0CSBG92MF,"Plant-Based Kitchen Sponges - FSC Certified and PETA Approved, Natural, Eco-Friendly, Biodegradable Sisal Hemp Sponges for Dishes, Cleaning Sponge for Kitchen, Bathroom, Household - 12 Count",4.5,1024,False,False,28,6K+ bought in past month,7.99,9.99,Home Kitchen,1,6000,20.0,27000.0,True
B07T9C5CQR,"Stardrops The Pink Stuff Miracle Multi-Purpose Cleaner – Removes Grease, Grime, and Stains on Kitchens, Bathrooms, Floors, and More, 25 fl Oz",4.4,44737,False,False,29,10K+ bought in past month,5.97,,Home Kitchen,1,10000,,44000.0,False
B07PZF3QS3,"KitchenAid All Purpose Kitchen Shears with Protective Sheath Durable Stainless Steel Scissors, Dishwasher Safe, Soft Grip Comfort Handle, 8.72 Inch, Black",4.7,69876,False,False,30,30K+ bought in past month,7.99,8.99,Home Kitchen,1,30000,11.1,141000.0,True
B0CJ1B6D6S,"Scrub Daddy Scrub Mommy Sponges - Dish Scrubber + Non-Scratch Cleaning Sponges Kitchen, Bathroom + Multi-Surface Safe - Dual-Sided Dish Sponges for Scrubbing - Online Exclusive (3 Count)",4.8,31676,False,False,31,30K+ bought in past month,13.99,,Home Kitchen,1,30000,,144000.0,False
B07CPFDGC7,7 PCS Shelf Mats Refrigerator Liners Washable Refrigerator Pads Fridge Mats Drawer Placemats Home Kitchen Gadgets Accessories Organization for Top Freezer(2green+2pink+3blue),4.4,12993,False,False,32,1K+ bought in past month,7.19,7.99,Home Kitchen,1,1000,10.0,4400.0,True
B0C2Y3T5LN,"StepRite Kitchen Mats, 2PCS Kitchen Rugs, Cushioned Anti Fatigue Kitchen Mats for Floor, Non-Slip Standing Desk Mat, Waterproof Kitchen Rug Set for Kitchen, Floor, Office, 17.3""x30""+17.3""x47"", Black",4.4,8048,False,False,33,10K+ bought in past month,21.33,29.99,Home Kitchen,1,10000,28.9,44000.0,True
B08SBTP9DQ,"Angry Mama Microwave Oven Steam Cleaner, Angry Mom Microwave Cleaner, Just Add Vinegar and Water, Cut Cleaning Time by Half (Green)",4.4,3632,False,False,34,1K+ bought in past month,7.98,8.99,Home Kitchen,1,1000,11.2,4400.0,True
B08S6M3NXV,"Seropy Roll Up Dish Drying Rack, Over The Sink Dish Drying Rack Kitchen Rolling Dish Drainer, Foldable Sink Rack Mat Stainless Steel Wire Dish Drying Rack for Kitchen Sink Counter Storage 17.5x11.8",4.6,40075,False,False,35,2K+ bought in past month,6.99,9.99,Home Kitchen,1,2000,30.0,9200.0,True
B0DNTQ2YNT,"Multi-Purpose Pull-Out Storage Organizers, Under Sink/Cabinet Organizers and Storage for Bathroom & Kitchen, Black, 12.8 Inches, 2 Packs",4.6,4860,False,False,36,10K+ bought in past month,17.99,27.98,Home Kitchen,1,10000,35.7,46000.0,True
B01MXQHMS6,"Bloss Anti-skid Jar Opener Jar Lid Remover Rubber Can Opener Kitchen Grippers To Remove Stubborn Lids, Caps and Bottles Great Kitchen Gadgets For Small Hands or Seniors,Blue",4.3,1948,False,False,37,300+ bought in past month,6.49,6.99,Home Kitchen,1,300,7.2,1290.0,True
B0D2XPFVMJ,"2 in 1 Glass Oil Sprayer & Dispenser,16oz/470ml Olive Cooking, Air Fryer, and Salad, for Kitchen Gadgets and Air Fryer Accessories, w/Stickers (Black)",4.3,3778,False,False,38,1K+ bought in past month,7.11,7.99,Home Kitchen,1,1000,11.0,4300.0,True
B0872XDMZS,"Holikme Mop Broom Holder Wall Mount Metal Pantry Organization and Storage Garden Kitchen Tool Organizer Wall Hanger for Home Goods (4 Positions with 4 Hooks, Silver)",4.6,25300,False,False,39,700+ bought in past month,8.99,12.99,Home Kitchen,1,700,30.8,3220.0,True
B0FCFZ5KNL,Grocery Garbage Bag Holder Trash Bag Dispenser Sticky Wall Mounted Mesh Convenient Storage for Home Kitchen Shopping Garbage Bags Reusable Product Tote Bags,4.0,106,False,False,40,700+ bought in past month,2.88,,Home Kitchen,1,700,,2800.0,False
B0DB5DWN25,"ALOCEO 2 Pack Storage Stackable Kitchen Laundry Organizers with Bamboo Top, Large Trash Bag Holder and Small Garbage Bag Dispenser for Countertop Organization",4.6,1812,False,False,41,800+ bought in past month,21.99,,Home Kitchen,1,800,,3680.0,False
B08TWN43G4,"Stainless Steel Onion Holder for Slicing,Onion Slicer Holder,Onion Cutter for Slicing of Onions,Tomatoes,Avocados,Eggs and Other Vegetables,KItchen Utensils",4.5,4735,False,False,42,8K+ bought in past month,4.97,7.99,Home Kitchen,1,8000,37.8,36000.0,True
B0C3H9MJQV,"Metal 4 Pack Magnetic Spice Storage Rack Organizer for Refrigerator and Oven, Black Fridge Organizers and Storage",4.8,14143,False,False,43,10K+ bought in past month,19.99,22.99,Home Kitchen,1,10000,13.0,48000.0,True
B09LTY6RR3,"kelamayi Upgrade Broom and Dustpan Set, Large Size and with Long Handle, Upright,Ideal for Indoor Outdoor Garage Kitchen Room Office Lobby Use (Green)",4.4,48219,False,False,44,7K+ bought in past month,19.6,39.99,Home Kitchen,1,7000,51.0,30800.0,True
B08FLKHG8J,"iBayam Kitchen Scissors All Purpose Heavy Duty, Kitchen Utensils Set, Stainless Steel Cooking Utensils Gadgets, Meat Poultry Food Shears Dishwasher Safe Utility Tools Home Gift, with Protective Sheath",4.8,56054,False,False,45,10K+ bought in past month,9.49,11.99,Home Kitchen,1,10000,20.9,48000.0,True
B0FLXY2CBC,"8 Blade All-in-1 Vegetable Chopper Mandoline Slicer with Container, Food Chopper, Onion Chopper, Veggie Cutter for Salad, Kitchen Gadgets Accessories Essentials, White",4.4,874,False,False,46,10K+ bought in past month,16.98,19.99,Home Kitchen,1,10000,15.1,44000.0,True
B0B9JCSXNX,"Cord Organizer for Appliances, 4PCS Kitchen Appliance Cord Winder Cable Organizer, Cord Holder Cord Wrapper for Appliances Stick on Pressure Cooker, Mixer, Blender, Coffee Maker, Air Fryer",4.2,3604,False,False,47,1K+ bought in past month,7.69,8.99,Home Kitchen,1,1000,14.5,4200.0,True
B0FH7774VK,"2 Pack Pull-Out Storage Organizers, Under Sink Organizer and Storage for Bathroom & Kitchen,Multi-Purpose Under Cabinet Organizers and storage Black",4.4,3795,False,False,48,5K+ bought in past month,15.58,,Home Kitchen,1,5000,,22000.0,False
B00008WQ3L,"Kamenstein 20 Jar Revolving Countertop Spice Rack with Spices Included, FREE Spice Refills for 5 Years, Polished Stainless Steel with Black Caps, 30020",4.6,15571,False,False,49,3K+ bought in past month,32.99,44.99,Home Kitchen,1,3000,26.7,13800.0,True
B01MZ14LJV,Kitchen Gizmo Snap N' Strain - Silicone Pasta Strainer Clip-On for Pots and Pans - Heat Resistant Colander for Vegetables and Noodles - Kitchen Gadgets for Cooking - Space-Saving Design - Gray,4.4,41365,False,False,50,3K+ bought in past month,14.99,21.24,Home Kitchen,1,3000,29.4,13200.0,True
B07DPCCBZT,"2025 Upgraded Herb Scissors, Effortless Herb Shears Cutter Tool with Sharp Stainless Steel Blades for Fresh Herbs, Must-Have Kitchen & Cooking Gadget, Green",4.4,3694,False,False,51,1K+ bought in past month,9.99,19.99,Home Kitchen,1,1000,50.0,4400.0,True
B0C6L1P8JV,"8 Pcs Drink Coasters with Holder, 8 Colors Absorbent Coasters for Drinks Minimalist Cup Coasters Cotton Coaster Set Woven Coasters for Coffee Table Home Decor Bar Housewarming Gift, 4.3 Inch",4.8,1357,False,False,52,400+ bought in past month,8.99,,Home Kitchen,1,400,,1920.0,False
B0FHV9DR3V,"15 Pack Kitchen Cleaning Sponges, Dual Side Cleaning Dish Sponges Cleaning Supplies for Home and Kitchen, Anti-Scratch Scrubbing Sponges",3.2,1567,False,False,53,2K+ bought in past month,2.6,,Home Kitchen,1,2000,,6400.0,False
B0C1GW3SZH,"Homaxy 12 Pack Kitchen Dish Cloths (10 x 10 Inches, Grey), Super Soft and Absorbent Coral Velvet Dish Towels, Nonstick Oil Fast Drying Microfiber Cleaning Cloth, No Lint Household Dishcloths",4.5,3109,False,False,54,1K+ bought in past month,7.99,9.99,Home Kitchen,1,1000,20.0,4500.0,True
B09DKH8XDS,"Paper Towel Holder Black, Premium Stainless Steel Kitchen Roll Dispenser, Countertop Roll Organizer with Weighted Base",4.4,9472,False,False,55,10K+ bought in past month,8.99,,Home Kitchen,1,10000,,44000.0,False
B0C1NJDTTX,"TUYU Electric Spin Scrubber, Full-Body IPX7 Waterproof Bathroom Scrubber with Power LCD Display, Adjustable Extension Handle, Cordless Shower Cleaner Brush for Bathtub Kitchen Wall Cleaning",4.4,7183,False,False,56,10K+ bought in past month,35.99,59.99,Home Kitchen,1,10000,40.0,44000.0,True
B0DLSLJHW5,"1pc Premium Stainless Steel Multifunctional Garlic Press, Manual Mincer, Slicer & Grater - Essential Kitchen Gadget for Home and Restaurant Use",3.1,483,False,False,57,300+ bought in past month,5.68,,Home Kitchen,1,300,,930.0,False
B094PTSRP9,"Kitchen Utensils Set- 35 PCs Cooking Utensils with Grater,Tongs, Spoon Spatula &Turner Made of Heat Resistant Food Grade Silicone and Wooden Handles Kitchen Gadgets Tools Set for Nonstick Cookware",4.5,4817,False,False,58,3K+ bought in past month,39.99,42.99,Home Kitchen,1,3000,7.0,13500.0,True
B09LXCY8R5,"Dishwasher Magnet Clean Dirty Sign, Clean Dirty Magnet for Dishwasher, Rustic Farmhouse Kitchen Decor, Magnetic Dish Washer Sign Indicator, Sliding Rustic Dish Washer Signs, Black & White Wood",4.9,7012,False,False,59,1K+ bought in past month,8.99,,Home Kitchen,1,1000,,4900.0,False
B0DQG2VHKJ,"Titanium Cutting Board for Kitchen, Cutting Board Double Sided Food Grade, Pure Titanium/PP, Easy to Clean Large Size 16”×11”",4.4,7308,False,False,60,10K+ bought in past month,29.55,49.99,Home Kitchen,1,10000,40.9,44000.0,True
B09XHWKXP4,"RAXCO Kitchen Utensils Set For Cooking-7 Cooking Utensils,5 Kitchen Utensils,6 Knife set,utensilios de cocina(18-in-1) (Black)",4.6,1975,False,False,61,900+ bought in past month,33.98,49.99,Home Kitchen,1,900,32.0,4140.0,True
B07P7GS53D,"9 Pack Refrigerator Mats,Washable Fridge Mats Liners Easy to Clear Fridge Pads Mat Shelves Drawer Table Mats Refrigerator Liners for Shelves,3Red/3Green/3Blue",4.4,19954,False,False,62,1K+ bought in past month,11.05,,Home Kitchen,1,1000,,4400.0,False
B0FJLTX686,"Poultry Shears Heavy Duty, Multi-functional Kitchen Shears, with Anti-Slip Handles and Safety Lock,Meat Scissors All Purpose for Fish Vegetables Fruits, Stainless Steel",4.3,648,False,False,63,3K+ bought in past month,4.94,,Home Kitchen,1,3000,,12900.0,False
B0BY2LPH8N,"Kitchen Rugs and Mats Non Skid Washable Set of 2 PCS, Absorbent Runner Rugs for Kitchen, Front of Sink, Kitchen Mats for Floor, 17.3""x 47""+17.3""x 29"" (Black)",4.3,1369,False,False,64,1K+ bought in past month,28.48,35.99,Home Kitchen,1,1000,20.9,4300.0,True
B00EJU3SWY,"HOME IT Mop And Broom Holder Wall Mount - Garage Storage Systems with 5 Slots, 6 Hooks, 7.5lbs Capacity Per Slot - Garden Tool Organizer For Home, Kitchen, Closet, Garage, Laundry Room - Off-White",4.6,42155,False,False,65,1K+ bought in past month,16.99,19.99,Home Kitchen,1,1000,15.0,4600.0,True
B0DPFN8S96,"HomeHacks Vegetable Chopper Vegetable Cutter, 12 in 1 Kitchen Gadget, Dicer, Slicer, Onion Cutter, Salad, Cheese Grater & Egg Separator - Multi-Functional Veggie Chopper Lid with Handle (Green)",4.4,1839,True,False,66,3K+ bought in past month,15.99,19.99,Home Kitchen,1,3000,20.0,13200.0,True
B0CZY39NQK,"Vegetable Chopper, 10 Blades Slicer Onion Dicer, Multi 23-in-1 Veggie Mandoline Food Cutter for Tomato Fruit, Vegetable cutter with Hand Protector, Egg Separator & Slicer, Container（Black）",4.5,105,True,False,67,400+ bought in past month,26.99,,Home Kitchen,1,400,,1800.0,False
B0BW839RDK,"Multi-Function Vegetable Chopper Onion Micer Chopper 12 in 1 Pro Veggie Slicer Dicer Cutter with Container for Potatoes, Tomatoes, Zucchini, Garlic, Eggs, Cucumbers",4.3,278,True,False,68,400+ bought in past month,24.99,,Home Kitchen,1,400,,1720.0,False
B0FLXY2CBC,"8 Blade All-in-1 Vegetable Chopper Mandoline Slicer with Container, Food Chopper, Onion Chopper, Veggie Cutter for Salad, Kitchen Gadgets Accessories Essentials, White",4.4,874,True,False,69,10K+ bought in past month,16.98,19.99,Home Kitchen,1,10000,15.1,44000.0,True
B0DHZ1RH87,"12-in-1 Vegetable Chopper, Kitchen Gadgets with 7 Blades, Veggie, Food, Onion Chopper, Cucumber Slicer, Versatile Mandoline, Includes Egg Separator & Finger Guard, Gray",4.4,1781,True,False,70,1K+ bought in past month,13.98,19.99,Home Kitchen,1,1000,30.1,4400.0,True
B0F4WZ96G7,"TrendPlain 16oz/470ml Blue Glass Olive Oil Sprayer for Cooking - 2 in 1 Olive Oil Dispenser for Kitchen Gadgets, Air Fryer, Salad, and BBQ - Black",4.6,1298,False,False,1,1K+ bought in past month,7.99,9.99,Home Kitchen,2,1000,20.0,4600.0,True
B0BVZ4CM28,"Hydream Stove Top for Silicone Shelf,30 Inch Magnetic Shelf Over the Stove Spice Rack,Kitchen Organizer Magnet Above Stovetop Back of Flat Storage Suctioned-Black",4.5,2003,False,False,2,1K+ bought in past month,13.99,14.99,Home Kitchen,2,1000,6.7,4500.0,True
B08C2H9CSQ,"24 Pack Kitchen Dishcloths - Does Not Shed Fluff - Reusable Dish Towels, Dish cloths, Super Absorbent Coral Fleece Cleaning Cloths, Nonstick Oil Washable Fast Drying, 7 x 9 Inch (Multicolor)",4.3,25604,False,False,3,3K+ bought in past month,9.99,11.99,Home Kitchen,2,3000,16.7,12900.0,True
B0BRSNN3ZH,"Fullstar Mandoline Slicer for Kitchen - Vegetable Chopper, Onion Potato Food Veggie Fruit Slicer and Cutter with Container, Kitchen Gadgets & Gifts, Home Essentials (6 in 1, Black)",4.5,28426,False,False,4,200+ bought in past month,39.99,42.99,Home Kitchen,2,200,7.0,900.0,True
B08THF9J8S,"Umite Chef Mixing Bowls with Airtight Lids，6 piece Stainless Steel Metal Nesting Storage Bowls, Non-Slip Bottoms Size 7, 3.5, 2.5, 2.0,1.5, 1QT, Great for Mixing & Serving(Black)",4.6,29125,False,False,5,500+ bought in past month,31.99,38.99,Home Kitchen,2,500,18.0,2300.0,True
B08GYKZ6RD,"KitchenAid 3.5 Cup Food Chopper KFC3516PT, Pistachio",4.5,29488,False,False,6,300+ bought in past month,69.99,,Home Kitchen,2,300,,1350.0,False
B0DBJ8T9PX,"Fullstar Mandoline Slicer for Kitchen - Vegetable Chopper, Onion Potato Food Veggie Fruit Slicer and Cutter with Container, Kitchen Gadgets & Accessories, Home Essentials (6-in-1, Full White)",4.5,38391,False,False,7,100+ bought in past month,19.54,22.99,Home Kitchen,2,100,15.0,450.0,True
B0F2F1BBX8,"Olive Oil Dispenser and Oil Sprayer – 16oz/470ml Glass Light-Proof Oil Pourer for Kitchen, Air Fryer, Cooking, Salad, and BBQ",4.4,6715,False,False,8,2K+ bought in past month,8.99,9.99,Home Kitchen,2,2000,10.0,8800.0,True
B0FF4TWZK9,"Pack of 8 Stainless Steel Magnetic Measuring Spoons Set, Dual Sided, Stackable, Adjustable Teaspoon and Tablespoon Measure Spoon with Leveler, Kitchen Gadgets Set 5",4.6,2005,False,False,9,1K+ bought in past month,6.99,9.99,Home Kitchen,2,1000,30.0,4600.0,True
B081FGJHC9,Kitchen Gizmo Snap N Strain Clip On Strainer for Pots and Pans - Adjustable Silicone Colander for Kitchen - Compact Clip-On Food Strainer for Draining Pasta and Vegetables - Orange,4.4,41365,False,False,10,300+ bought in past month,11.99,,Home Kitchen,2,300,,1320.0,False
B08R6MPRZX,"Herb Stripper, Jiaedge Green 9 holes Stainless Steel Kitchen Herbs Leaf Stripping Tool, Metal Herb Peeler for Kale, Collard Greens, Thyme, Basil, Rosemary Stripper",4.4,2015,False,False,11,1K+ bought in past month,5.99,9.99,Home Kitchen,2,1000,40.0,4400.0,True
B0FB8ZLGDM,Egg Slicer for Hard Boiled Eggs Egg Cutter Strawberry Dicer for Kitchen Home Use,5.0,1,False,False,12,,8.99,9.99,Home Kitchen,2,,10.0,,True
B0D8H1NTXH,"KitchenAid Multipurpose Shear Set, Versatile Scissors with Nutcracker, Bottle Opener, Ergonomic Handles with Protective Blade Covers, 2 Piece",4.7,69876,False,False,13,300+ bought in past month,14.39,,Home Kitchen,2,300,,1410.0,False
B0F9YNCKN2,"Glass Olive Oil Sprayer for Cooking, Oil Dispenser Bottle for Kitchen Gadgets, 2 in 1 Spray and Pour bottle, Home and Kitchen Essentials, Air Fryer Accessories for Salad, BBQ (16oz/470ml, White)",,,False,False,14,100+ bought in past month,9.99,12.99,Home Kitchen,2,100,23.1,,True
B09HZ4CFCB,"YEVIOR Clip on Strainer for All Pots Pan,Silicone Pasta Strainer Kitchen Gadgets,Collapsible Colander for Noodle,Vegetables,Fruit,Spaghetti (Grey)",4.5,5705,False,False,15,1K+ bought in past month,7.99,11.96,Home Kitchen,2,1000,33.2,4500.0,True
B07H818GJK,"HauSun Handy Sliding tray Sliding Tray Mat for Coffee Maker,Kitchen Appliance Moving Caddy,Countertop Stoage for Air Fryer, Blender, Stand Mixer,Food Processors,2 Sets",4.5,4008,False,False,16,,17.99,34.99,Home Kitchen,2,,48.6,,True
B0D8JBH7RD,"Kitchen Gadgets Oil Sprayer for Cooking 2pcs,Oil Dispenser for Kitchen,2 in 1 Oil Dispenser and Oil Sprayer,16oz Olive Oil Dispenser Bottle for Air Fryer,Salad, Grill (Black Kitchen Accessories)",4.5,2913,False,False,17,50+ bought in past month,12.99,14.99,Home Kitchen,2,50,13.3,225.0,True
B0DKB9SYNX,"Kitchen Funnel Set 4 Pack, Small and Large, Kitchen Gadgets Accessories Foldable Silicone Collapsible Funnels for Filling Water Bottle Liquid Transfer Food Grade",4.4,421,False,False,18,50+ bought in past month,4.93,,Home Kitchen,2,50,,220.0,False
B09Q556SZL,"Corn Peeler Stainless Stee Corn Cob Stripper Tool Corn Thresher from the Cob, Removes Corn Kernels From Corn Cobs In Seconds, Kitchen Gadget",4.1,2065,False,False,19,500+ bought in past month,6.79,,Home Kitchen,2,500,,2050.0,False
B0D9WK1BP9,"Uncrustables Sandwich Maker Sealer Cutter, Crustless Sandwich Cutter, PB&J Uncrustable Maker - Color Green, Square Shape",4.3,1247,False,False,20,100+ bought in past month,7.99,,Home Kitchen,2,100,,430.0,False
B0CXZPMGD6,"Caraway Kitchen Gadget Set - 5 Piece Kitchen Essentials - Stainless Steel - Includes Can Opener, Pizza Cutter, Garlic Press, Ice Cream Scoop, Vegetable Peeler, and Storage Organizer",4.4,125,False,False,21,50+ bought in past month,245.0,,Home Kitchen,2,50,,220.0,False
B0CNPNCRPR,"Pan Scraper, 5 Pcs Pot Scraper Plastic, Pot Scraper Non Scratch for Cast Iron, Pot and Pan Cleaning, Sturdy Scraper Kitchen Tool-Orange",4.7,4487,False,False,22,900+ bought in past month,5.99,,Home Kitchen,2,900,,4230.0,False
B098WFBBJZ,"Premium Garlic Press, Professional Garlic Mincer, Easy to Squeeze and Clean, Rust Proof & Dishwasher Safe, Efficient Ginger Crusher - Antique Copper",4.6,15600,False,False,23,100+ bought in past month,13.99,,Home Kitchen,2,100,,460.0,False
B0DFXY97ZZ,"Maifan Sink Caddy Sponge Holder for Kitchen with Brush Holder and Stainless Steel Self Drain Tray, Rustproof Kitchen Sink Organizer for Sponge, Soap Dispenser Storage Accessories",4.5,3002,False,False,24,200+ bought in past month,12.62,13.29,Home Kitchen,2,200,5.0,900.0,True
B0DB2GTQMZ,"Genuine Fred DRAGON'S BREATH Microwave Steam Cleaner, BPA-Free Silicone Dragon Design, Easy to Use, Reduces Cleaning Time, Dishwasher Safe, Fun and Effective Kitchen Gadget",4.6,435,False,False,25,400+ bought in past month,21.95,,Home Kitchen,2,400,,1840.0,False
B0DBT6ZJF4,"Rorecay 6pcs Oven Mitts and Pot Holders Sets Heat Resistant 500 Degrees, Extra Long Silicone Oven Gloves Non-Slip Potholders Hot Pads for Kitchen Baking Cooking, Quilted Liner, Martini Olive",4.7,11658,False,False,26,100+ bought in past month,19.99,,Home Kitchen,2,100,,470.0,False
B0CGL6H1F7,"Silicone Spatula Set, 5 Piece Food Grade Rubber Spatulas for Baking, Cooking, and Mixing High Heat Resistant Non Stick Dishwasher Safe BPA-Free (Multicolor)",4.8,3078,False,False,27,2K+ bought in past month,6.83,8.99,Home Kitchen,2,2000,24.0,9600.0,True
B0BYF35C28,"Urbanstrive Heavy Duty Stainless Steel Pizza Cutter with Cover, Super Sharp Blade Pizza Knife Pizza Cutter Rocker, Perfect Kitchen Gadgets for Pizza Cutting Home Essentials, Yellow",4.6,1447,False,False,28,50+ bought in past month,5.98,,Home Kitchen,2,50,,230.0,False
B0DS2PPWPX,"Priority Chef Stainless Steel Mixing Bowls with Lids Set, Metal Nesting Bowls with Airtight Lids, Graters, Non-Slip Base & Measurement Marks, Includes Utensil Set for Prep, Baking & Storage, Grey",4.8,207,False,False,29,,38.99,42.99,Home Kitchen,2,,9.3,,True
B0DF5D75TV,"2PCS Onion Slicer Holder, JJOO Stainless Steel Onion Cutter for Slicing and Storage Onions, Tomato, Eggs and Vegetables, Protective Cover Included, Dishwasher Safe (Stylish orange+ Purple Color)",4.5,856,False,False,30,200+ bought in past month,6.99,7.99,Home Kitchen,2,200,12.5,900.0,True
B0BMK56P9D,"KitchenAid Quilted Cotton Terry Cloth Oven Mitt, Pot Holder, Kitchen Towel 4-Pack Set, Heat Resistant, Silicone Grip, Gift Set, Matte Black, 16""x26"", 7""x13"" & 7""x10""",4.8,2330,False,False,31,100+ bought in past month,16.49,19.75,Home Kitchen,2,100,16.5,480.0,True
B08D86XX84,"Herb Scissors Set - Updated 2025 Cool Kitchen Gadgets for Cutting Fresh Garden Herbs - Herb Cutter Shears with 5 Blades and Cover, Sharp and Anti-rust Stainless Steel, Dishwasher Safe (Green-White)",4.4,3540,False,False,32,400+ bought in past month,9.99,,Home Kitchen,2,400,,1760.0,False
B09P4XPN7L,"Meat Chopper, Hamburger Chopper, Potato Masher-Professional Multifunctional Heat Resistant Nylon Ground Beef Smasher Kitchen Tools And Gadgets, ​Safe For Non-Stick Cookware",4.6,3968,False,False,33,200+ bought in past month,7.98,8.49,Home Kitchen,2,200,6.0,920.0,True
B0874S275K,Cooler Kitchen Gray Silicone Spoon Rest for Stove Top with Drip Pad (2 Pack) - Heat Resistant BPA Free Utensil Rest & Kitchen Spoon Holder for Kitchen Counter - Grill Countertop - Spatula Holder,4.7,5600,False,False,34,200+ bought in past month,8.99,,Home Kitchen,2,200,,940.0,False
B0F4PHY3MV,"Oil Sprayer for Cooking- 200ml Glass Olive Oil Sprayer Mister, Olive Oil Spray Bottle, Kitchen Gadgets Accessories for Air Fryer, Canola Oil Spritzer, Widely Used for Salad Making, Baking, Frying,BBQ",3.9,273,False,False,35,2K+ bought in past month,7.88,,Home Kitchen,2,2000,,7800.0,False
B0G3SSMSCQ,"Stainless Steel Mixing Bowls Set with Lids & Silicone Base - 7-Piece Kitchen Gadgets Includes Colander, Grater, Egg Separator, Whisk - Nesting Bowls (1.5, 2, 2.5, 4.5 QT), Dishwasher Safe, Black",4.4,40,False,False,36,500+ bought in past month,25.98,39.99,Home Kitchen,2,500,35.0,2200.0,True
B0CRSSX2LM,"Tulobi 2-Piece Fruit Slicer Set, Stainless Steel, Mini Cup Slicer, Quick Salad Maker, Creative Kitchen Gadget (Navy Blue + Cyan)",4.2,497,False,False,37,1K+ bought in past month,9.99,10.99,Home Kitchen,2,1000,9.1,4200.0,True
B07QWJZ474,Magnetic Measuring Spoons Set of 8 Stainless Steel Dual Sided Stackable Measuring Spoons Nesting Teaspoons Tablespoons for Measuring Dry and Liquid Ingredients,4.8,7214,False,False,38,400+ bought in past month,15.98,19.97,Home Kitchen,2,400,20.0,1920.0,True
B0CMZF3MH8,"30 Inch Silicone Magnetic Stove Top Shelf, Kitchen Shelf Over Stove Spice Rack Apartment Must Haves Kitchen Gadgets for Above Stovetop Seasoning Organization and Storage with 2 Functional Prtitions",4.4,1887,False,False,39,700+ bought in past month,13.99,,Home Kitchen,2,700,,3080.0,False
B0DPWZNDG9,"Pink Stainless Steel Onion Holder for Slicing,Onion Slicer Holder, Onion Cutter for Slicing of Onions, Tomatoes,Avocados,Eggs and Other Vegetables,Valentine's Day Gift Kitchen Utensils (Pink)",4.6,334,False,False,40,,4.79,,Home Kitchen,2,,,,False
B0GHM2Q5HN,"Home Hero Kitchen Knife Set - Wooden Knife Block Organizer - High Carbon Stainless Steel Blades - Ergonomic Handles with Built-In Sharpener & Kitchen Scissors - 16 Pcs, Acrylic Black",4.6,59411,False,False,41,,24.99,39.99,Home Kitchen,2,,37.5,,True
B0CRKVP15H,Appliance Sliders for Kitchen Appliances 16 PCS Self-Adhesive Small Kitchen Appliance Accessories Kitchen Hacks Easy to MovIing & Space Saving Kitchen Must Have Gadgets,4.7,2166,False,False,42,50+ bought in past month,8.99,,Home Kitchen,2,50,,235.0,False
B0FM81W47X,"Chicken Shredder Large Chicken Breast Shredder Tool Twist with Brush&Fork, Visible Meat Shredder Machine, Anti-Slip Strip, Ergonomic Handle, BPA Free, Suitable for Pork Beef Chicken(Brown)",4.7,21438,False,False,43,300+ bought in past month,25.99,,Home Kitchen,2,300,,1410.0,False
B0FDDDY3JL,"Tovolo Scoop and Spread Large Dual End Silicone Sandwich Spreader Tool with Nylon Handle, BPA Free Dishwasher Safe Silicone and Nylon Tool for Spreading and Scooping, Blue Haze and Oyster Gray",4.8,2348,False,False,44,300+ bought in past month,8.32,,Home Kitchen,2,300,,1440.0,False
B0BFPG5XDP,Thaw Belt - Thaws frozen meat Faster & 100% Safer - Thaws in minutes instead of hours,4.3,360,False,False,45,300+ bought in past month,6.98,7.99,Home Kitchen,2,300,12.6,1290.0,True
B07N4S9J97,"Silicone Kitchen Stove Counter Gap Cover Long & Wide Gap Filler (2 Pack) Seals Spills Between Counters, Stovetops, Washing Machines, Oven, Washer, Dryer - Heat-Resistant and Easy Clean (Black)",4.2,23349,False,False,46,400+ bought in past month,6.79,7.99,Home Kitchen,2,400,15.0,1680.0,True
B0DG2WNCWK,"Garlic Press Rocker, Portable Manual Stainless Steel Garlic Press Rocker Crusher Masher with Garlic Peeling Drum for Home Kitchen Utensils (Black)",3.6,1323,False,False,47,1K+ bought in past month,4.99,,Home Kitchen,2,1000,,3600.0,False
B0DZYVY87M,Multi-Function Stainless Steel Kitchen Scissors Herb Cutter Vegetable Shears for Chopping Onion and Cooking Scissors,3.0,113,False,False,48,1K+ bought in past month,2.95,,Home Kitchen,2,1000,,3000.0,False
B0C9DYFK8J,"Set of 4 Water Absorbent Diatomite Coasters, Diatomaceous Earth Kitchen Soap Dish, Bathroom Trays, Water Absorbing Stone Used for Hand Soaps & Plants & Toiletries in The Modern Home",4.2,2606,False,False,1,1K+ bought in past month,14.99,,Home Kitchen,3,1000,,4200.0,False
B0B1M9MRYC,"34 PCS Food Storage Containers Set with Airtight Lids (17 Lids &17 Containers) - BPA-Free Plastic Food Container for Kitchen Storage Organization, Fruit Meal-prep Containers with Labels & Marker",4.4,5068,False,False,2,200+ bought in past month,22.99,29.99,Home Kitchen,3,200,23.3,880.0,True
B0113UZJE2,"Etekcity Food Kitchen Scale, Digital Grams and Ounces for Weight Loss, Baking, Cooking, Keto and Meal Prep, LCD Display, Medium, 304 Stainless Steel",4.6,144208,False,False,3,50K+ bought in past month,13.99,,Home Kitchen,3,50000,,230000.0,False
B0C34NDCLR,"Old Fashion 100% Cotton Made in The USA Highly Absorbent Kitchen Towels - Set of 2-24""x15""",4.7,279,False,False,4,500+ bought in past month,16.99,,Home Kitchen,3,500,,2350.0,False
B0DRDM3MMQ,"MUELLER HOME 6 Quart Enameled Cast Iron Pot Dutch Oven, Heavy-Duty, Oven-Safe up to 500° F & Across All Cooktops, Bread Pan with Lid & Knob, Cast Iron Cookware, Blue Kitchen Accessories, Mineral Blue",4.7,4144,False,False,5,100+ bought in past month,69.99,89.97,Home Kitchen,3,100,22.2,470.0,True
B0BLY3WBV6,"Set of 24 Glass Spice Jars with Various Labels, Bamboo Shaker Lids & Funnel, Kitchen Storage Jars with Airtight Lid, Spices & Seasonings Sets Organizer, Spice Containers, Glass Jar Food Canister",4.7,282,False,False,6,50+ bought in past month,34.99,41.99,Home Kitchen,3,50,16.7,235.0,True
B07SCRKR1H,"kimteny 12 Pack Kitchen Cloth Dish Towels, Premium Dishcloths, Super Absorbent Coral Velvet Dishtowels, Nonstick Oil Washable Fast Drying (Green-Grey)",4.5,30286,False,False,7,1K+ bought in past month,9.99,15.89,Home Kitchen,3,1000,37.1,4500.0,True
B0078DQXQC,"If You Care Sponge Cloths – 5 Count – 100% Natural Cleaning Rags for Kitchen, Bathroom, Home Countertop Surfaces – Absorbent, Reusable, Machine Washable, Compostable",4.7,5339,False,False,8,1K+ bought in past month,5.85,6.43,Home Kitchen,3,1000,9.0,4700.0,True
B0B24QJ217,"Cocorrína Reed Diffuser Set, Clean Linen 6.7 fl oz Scented Diffuser with Sticks Home Fragrance Reed Diffuser for Bathroom Shelf Decor",4.4,3715,False,False,9,9K+ bought in past month,19.99,,Home Kitchen,3,9000,,39600.0,False
B00WGX8HNG,"Arrow Home Products Dish Sponges With Soap Dispenser Handle, 2 Pack - Fillable Dish Wand for Quick, Convenient Cleaning - Made in the USA - Easy to Refill, Built-In Scrubber, Ideal for Dishes & Pans",4.5,865,False,False,10,100+ bought in past month,12.98,13.84,Home Kitchen,3,100,6.2,450.0,True
B0BNJWWR3S,MARTHA STEWART Eastwalk 14 Piece High Carbon Stainless Steel Cutlery Kitchen Knife Block Set w/ABS Triple Riveted Forged Handle Acacia Wood Block - Linen White,4.5,2192,False,False,11,1K+ bought in past month,59.99,,Home Kitchen,3,1000,,4500.0,False
B0DFXY97ZZ,"Maifan Sink Caddy Sponge Holder for Kitchen with Brush Holder and Stainless Steel Self Drain Tray, Rustproof Kitchen Sink Organizer for Sponge, Soap Dispenser Storage Accessories",4.5,3002,False,False,12,200+ bought in past month,12.62,13.29,Home Kitchen,3,200,5.0,900.0,True
B09XY3GX8F,"12 Pack Kitchen Towels Quick Dry Washcloths, Coral Velvet Dishtowels Multipurpose Reusable Cloths, Soft Tea Absorbent Cleaning Cloths Double-Sided Microfiber Lint Free Rags.",4.2,3492,False,False,13,600+ bought in past month,3.99,4.99,Home Kitchen,3,600,20.0,2520.0,True
B0FLJJF68S,"2 Pack Large Pull Out Bathroom Organizers and Storage,2 Tier 12.8″ Tall Sliding Kitchen Under Sink Organizer for Cleaning Products Storage,Acrylic Clear Bathroom inder Sink Organizer,Undersink Storage",4.6,111,False,False,14,400+ bought in past month,18.88,,Home Kitchen,3,400,,1840.0,False
B08GC9ZTVF,Kitchen Conversion Chart Magnet - Measurements Conversion Chart - Baking Supplies Baking Accessories Cooking Gadgets - Baking Kitchen Cooking Gifts for Women - Kitchen Gadgets,4.8,7442,False,False,15,1K+ bought in past month,9.87,14.95,Home Kitchen,3,1000,34.0,4800.0,True
B0CSPKSCP2,"Silicone Under Sink Mat 34"" x 22"", kitchen Essentials and Gadgets, Shelf liner and Cabinet Protector, Home Organizers and Storage, Waterproof Bathroom Tray",4.7,6387,False,False,16,10K+ bought in past month,16.99,19.99,Home Kitchen,3,10000,15.0,47000.0,True
B0DSKGNH37,"Sink Caddy & Kitchen Sink Organizer,Black Sponge Holder with High Scrub Brush Holder,Plastic Kitchen Countertop Organizer,Multifunctional Sponge Drain Rack,Dish Soap,Dish Sponge Holder,Soap Dispenser",4.5,289,False,False,17,300+ bought in past month,9.99,,Home Kitchen,3,300,,1350.0,False
B0DXC72ZKS,"Professional Poultry Shears - Kitchen Shears for Spatchcocking Chicken and Meat Cutting, Multi-Purpose Kitchen Scissors for Food",4.5,476,False,False,18,2K+ bought in past month,7.4,,Home Kitchen,3,2000,,9000.0,False
B0FLV3H5Q2,"1Pcs SmoothSip Slider Insulated Stainless Steel Coffee Tumbler, Ideal for Home, Outdoor, Camping, Birthday, Holiday,500ml Blue",4.1,394,False,False,19,100+ bought in past month,11.33,,Home Kitchen,3,100,,410.0,False
B0D79VFJ54,"Swedish Dishcloths for Kitchen Dish Towels - 5 Pack, Non-Scratch Reusable Paper Towels, Super Absorbent Washable Swedish Dish Cloths, No Odor, Biodegradable, Fruit Design",4.7,465,False,False,20,800+ bought in past month,9.99,12.99,Home Kitchen,3,800,23.1,3760.0,True
B07HRCDDL1,"MR.SIGA Microfiber Cleaning Cloth,Pack of 12,Size:12.6"" x 12.6""",4.7,102059,False,False,21,20K+ bought in past month,13.99,14.99,Home Kitchen,3,20000,6.7,94000.0,True
B0CQ2MCJ6W,"Trivets for Hot Dishes, Hot Pads for Kitchen, 7'' Trivets for Hot Pots and Pans, Pot Holders for Kitchen, Pot Holders Heat Resistant 4-Pcs, Kitchen Essentials for New Home",4.8,460,False,False,22,500+ bought in past month,6.98,,Home Kitchen,3,500,,2400.0,False
B0B7SDRMXW,"JayRex Countertop Organizer Organization, 3 Tier Moveable Corner Shelf Organizer for Kitchen, Bathroom, Spice Rack, Coffee Area, Over Sink, Dresser Table (Rustic Brown)",4.5,3146,False,False,23,3K+ bought in past month,23.27,35.0,Home Kitchen,3,3000,33.5,13500.0,True
B0F1Y7K122,"2 Pack Stackable Storage Laundry Kitchen Organizers, Wall Mount Trash Bag Holder with Bamboo Top and Garbage Bag Dispenser No Drill",4.6,941,False,False,24,1K+ bought in past month,19.99,23.99,Home Kitchen,3,1000,16.7,4600.0,True
B08G19JGDZ,"AIDEA Kitchen Towels, Absorbent Dish Cloth for Kitchen, Soft Dish Towels for Home, Multi-Purpose Cloths for Household Cleaning and Drying-8PK, 12”x12”",4.3,5085,False,False,25,1K+ bought in past month,6.95,7.99,Home Kitchen,3,1000,13.0,4300.0,True
B0BZ56WQYC,Wild & Stone | Organic Cotton Dish Cloth | Eco-Friendly Kitchen Cloth | Biodegradable & Compostable Cleaning Cloth | Beach Sand,4.7,392,False,False,26,100+ bought in past month,6.99,,Home Kitchen,3,100,,470.0,False
B0FDLBKDVK,"MUELLER HOME SmoothEdgeAuto Can Opener Electric – Battery‑Operated with Magnet Lid Lifter – Portable Hands‑Free One Touch Can Opener for Seniors & Arthritis, Red Kitchen Accessories",4.3,354,False,False,27,300+ bought in past month,19.99,39.99,Home Kitchen,3,300,50.0,1290.0,True
B0D2HB8J9H,"3 in 1 Cup Lid Gap Cleaning Brush Set, Multifunctional Bottle Cleaning Brush, Silicone Cup Lid Gap Cleaner, Home Kitchen Crevice Cleaning Tools (Multicolored)",4.6,1557,False,False,28,2K+ bought in past month,5.68,6.99,Home Kitchen,3,2000,18.7,9200.0,True
B09VG87SKL,"AceMining 5 Racks and 4 Hooks Mop and Broom Holder Wall Mount, Broom Organizer Storage Tool Racks Stainless Steel Heavy Duty Hooks Self Adhesive Solid Non-slip for Home Kitchen Garden Laundry Garage",4.7,11370,False,False,29,6K+ bought in past month,16.95,19.99,Home Kitchen,3,6000,15.2,28200.0,True
B005KDEIZ0,"Rubbermaid Commercial Products Stainless Steel Monitoring Thermometer, Safe for Inside Oven/Grill/Smoker, 60-580°F Range, Easy to Read Food Thermometer For Food Resturant/Home Cooking",4.6,59280,False,False,30,1K+ bought in past month,10.59,16.89,Home Kitchen,3,1000,37.3,4600.0,True
B0D41JFYRR,"11Pcs Crevice Cleaning Brush Set, Hard Bristle Cleaning Supplies for Kitchen, Bathroom, Corner, Grout, Sink, Cup, Teapot, Bottle, Blender",4.6,3858,False,False,31,4K+ bought in past month,9.99,,Home Kitchen,3,4000,,18400.0,False
B0BC3DMHSF,"AOTHOD Silicone Cooking Utensils Set - 446°F Heat Resistant Kitchen Utensils, Spatula,Turner Tongs,Spoon,Whisk,Kitchen Utensil Gadgets Tools Set for Nonstick Cookware,Dishwasher Safe BPA Free(Pink)",4.6,21414,False,False,32,500+ bought in past month,19.19,23.99,Home Kitchen,3,500,20.0,2300.0,True
B073Z57Q9J,"Arrow Home Products Dish Wand Sponge Refills, 3 Pack of 2 Snap on Replacement Sponges - BPA-Free Sponge Replacement Head, 6 Pieces Total",4.7,1832,False,False,33,1K+ bought in past month,13.98,,Home Kitchen,3,1000,,4700.0,False
B0BPMB1Y13,"2 PCS Water Absorbent diatomite Coasters, 8.3"" x 4"" Water Absorbing Stone Tray for Sink, Stone Drying mat for Kitchen Counter, Stone soap Tray Used for Hand Soaps & toiletries & Plants",4.4,5110,False,False,34,6K+ bought in past month,8.49,12.99,Home Kitchen,3,6000,34.6,26400.0,True
B0B9S9SJQB,Swedish Dish Cloths - 10 Pack Reusable Kitchen Dishcloths - Ultra Absorbent Dish Towels for Washing Dishes - Cellulose Sponge Cloth Cleaning Rag - Assorted,4.6,3866,False,False,35,2K+ bought in past month,14.99,,Home Kitchen,3,2000,,9200.0,False
B0GCMVLG75,"Veken Shower Caddy 6-Pack, Advanced Rustproof Design, No Drilling Adhesive Shelves, Rack with Soap Holder, Large Capacity Bathroom Organizers and Storage, Wall-Mounted Kitchen & Home Decor, Black",,,False,False,36,,22.99,31.99,Home Kitchen,3,,28.1,,True
B000BOC4ZY,"Arrow Home Products Dish Sponge with Soap Dispenser Handle - Fillable Dish Wand for Quick, Convenient Cleaning - Made in the USA - Easy to Refill, Built-In Scrubber, Ideal for Dishes and Pans",4.2,1394,False,False,37,300+ bought in past month,7.97,,Home Kitchen,3,300,,1260.0,False
B0FCSCKM4N,"Corner Dish Drying Rack, Kitchen Sink Caddy Sponge Holder, Triangle Over The Sink Dish Drying Rack for Kitchen Counter, Roll Up Dishes Drainer Mat RV Essentials Organization and Storage Shelf, Black",4.5,465,False,False,38,300+ bought in past month,6.99,9.99,Home Kitchen,3,300,30.0,1350.0,True
B0DS2PDYFX,"SUPVAN T50M Pro Bluetooth Label Maker Machine with 4 Tapes, Wide Waterproof Label, Versatile App with 30+ Fonts and 660+ Icons, Inkless Labeler for Home, Kitchen, School, Office Organization, Set 3",4.5,6322,False,False,39,400+ bought in past month,44.99,49.99,Home Kitchen,3,400,10.0,1800.0,True
B016OP6N3M,"Freshware Bamboo Cutting Board Set of 3, Wooden Cutting Boards for Kitchen, Knife Friendly Food Grade Chopping Board, Lightweight with Hanging Hole for Easy Storage",4.4,11925,False,False,40,10K+ bought in past month,13.99,,Home Kitchen,3,10000,,44000.0,False
B0BSH29CN1,"Universal Pot Lid Organizer for Cabinet - Upgraded Patented Niceyos 6 Pack Pan Lids Organizers Inside Door Wall Mount Pots Top Storage Rack Holder Kitchen, Fits 6"" to 13"" (Black)",4.4,1724,False,False,41,200+ bought in past month,25.99,,Home Kitchen,3,200,,880.0,False
B0742KTLYL,"Arrow Home Products Dish Sponge w/Soap Dispenser Handle & 2 Refill Sponges - Fillable Dish Wand for Quick, Convenient Cleaning - Made in USA - Easy to Refill, Built-In Scrubber, For Dishes & Pans",4.4,309,False,False,42,200+ bought in past month,11.98,,Home Kitchen,3,200,,880.0,False
B0BW9239PC,"Astercook Knife Set, Kitchen Knife Set with Built-in Sharpener Block, Dishwasher Safe, 15 Pieces German Stainless Steel Knife Block Set, Black",4.7,2419,False,False,43,1K+ bought in past month,39.99,49.99,Home Kitchen,3,1000,20.0,4700.0,True
B0DWSSHPP5,"AIDEA Swedish Dishcloths for Kitchen-10PK, Absorbent Sponge Dish Cloth, Dishcloths for Washing Dishes, Reusable Paper Towels Dish Cloths, Swedish Towels for Home, Kitchen, Glass, 7"" x 6""",4.4,4365,False,False,44,2K+ bought in past month,5.99,9.99,Home Kitchen,3,2000,40.0,8800.0,True
B0CTJGJL2T,"Candle Warmer Lamp with Timer Dimmable, Birthday Gifts for Women Mom, House Warming Gifts New Home Decor, Wax Melt Warmer for Jar Candles with 2 Bulbs",4.7,6999,False,False,45,20K+ bought in past month,19.99,32.99,Home Kitchen,3,20000,39.4,94000.0,True
B0CKVVM36J,"10Pcs Refrigerator Liners, Washable Fridge Liner Shelf Mats Refrigerator Pads for Cupboard Cabinet Drawer Home Kitchen Accessories Organization (Pink)",4.3,2314,False,False,46,1K+ bought in past month,9.99,,Home Kitchen,3,1000,,4300.0,False
B08TRTZS1T,"Prepared Hero Emergency Fire Blanket - 1 Pack - Fire Suppression for Kitchen, 40” x 40” Fiberglass Fire Blanket for Home",4.8,31389,False,False,47,3K+ bought in past month,25.99,,Home Kitchen,3,3000,,14400.0,False
B0CJM4JZ8N,"Fire Blanket for Home and Kitchen,40"" x 40"",4 Pack,Emergency Fire Blanket",4.8,2028,False,False,48,1K+ bought in past month,19.99,25.99,Home Kitchen,3,1000,23.1,4800.0,True
B0BHZXKCQY,Nori Press Travel Steam Iron - Handheld Iron With Optional Steam Feature - No Ironing Board Required - Easy to Use w/ 6 Fabric Settings - Removes Wrinkles - User Manual Included - Navy,4.1,2380,True,False,1,500+ bought in past month,119.0,,Home Kitchen,4,500,,2050.0,False
B06XKW1N23,"Airdog X5 Air Purifier for Home Large Room with Washable filter, TPA Technology Covers up to 1614 Ft²,Remove Pet Hair, Allergies, Dust, Smoke, Odor, Whisper Quiet with Air Quality Monitor",4.4,215,True,False,2,,569.0,649.0,Home Kitchen,4,,12.3,,True
B0DFDZ3SKC,"Caffè Borbone, Whole Bean Coffee Blend, Crema Superiore, Medium Roast, Roasted and Freshly Packaged in Italy, 2.2 Pound Bag (Pack of 2)",4.4,615,True,False,3,50+ bought in past month,53.99,,Home Kitchen,4,50,,220.0,False
B0CDV36NF6,"360 Count Clear Plastic Spoons Disposable, BPA-Free, Heat Resistant, Solid and Durable Disposable Spoons Heavy Duty Bulk, Premium Spoons plastic disposable for Party Supply",4.8,1499,True,False,4,10K+ bought in past month,25.99,29.98,Home Kitchen,4,10000,13.3,48000.0,True
B0DXDRYCKL,Chicken Shredder Tool Twist with Brush and Visible Lid Large Meat Shredder Machine with 8 Anti-Slip Suction Cups BPA Free Ergonomic Handle for Chicken Pork Beef (Pink),4.2,311,False,False,5,50+ bought in past month,12.99,,Home Kitchen,4,50,,210.0,False
B0FR92NDNR,"NEW Microwave Steam Cleaner, Duck Microwave Cleaner, Just Add Vinegar and Water, Cut Cleaning Time by Half, Kitchen Gifts Accessories Gadgets (Blue)",4.6,79,False,False,6,100+ bought in past month,9.99,,Home Kitchen,4,100,,460.0,False
B0BK2K662H,"Electric Vegetable Cutter Set - 4 in 1 Portable, Rechargeable, Wireless Food Processor & Chopper Machine for Pepper, Garlic, Onion, Celery & Meat",3.1,268,False,False,7,,23.66,,Home Kitchen,4,,,,False
B0DK4LTYBF,"10 inch Stainless Steel Semi-Automatic Whisk, Stainless Steel Egg Whisk Hand Push Rotary Blender, Hand Push Mixer Stirrer Tool for Cooking Kitchen Home Egg Milk",4.2,124,False,False,8,,4.32,,Home Kitchen,4,,,,False
B0DQDGF581,"Meatball Maker - Non-Stick Kitchen Gadget for Perfectly-Shaped Meatballs Every Time - For Home Cooks & Foodies, Gift for Kitchen Enthusiasts, S",3.4,32,False,False,9,,2.99,,Home Kitchen,4,,,,False
B0F2FZWBL9,Professional Kitchen Shears Set - 3-Pack Stainless Steel Multi-Functional Scissors Utility Cooking Scissors for Home,3.1,17,False,False,10,50+ bought in past month,3.94,,Home Kitchen,4,50,,155.0,False
B0D451GPWN,"Kruggo 2-in-1 Stainless Steel Fruit Cutter, 2024 New Watermelon Fork Slicer Cutter Slicer Tool, Dual Head Fruit Forks Slicer Knife for Home Kitchen Gadget (1 Pcs)",4.1,621,False,False,11,,6.99,,Home Kitchen,4,,,,False
B0FVVFYP4Y,"6 in 1 Multifunctional Food Strainer, 356°F Heat Resistant kitchen gadgets, Egg Separator, Cooking, Draining, Mashing, Grating, Cooking spoon Dark Grey",4.6,6,False,False,12,,5.99,6.99,Home Kitchen,4,,14.3,,True
B09264YB6N,"Air Fryer Cooking Times Chart Magnet Set – Comprehensive Cheat Sheet Magnets for 100+ Foods, Easy-Read Quick Reference Guide, Durable Air Fryer Accessories and Kitchen Gift for Beginners & Chefs",4.6,1958,False,False,13,50+ bought in past month,6.99,,Home Kitchen,4,50,,230.0,False
B0CDV36NF6,"360 Count Clear Plastic Spoons Disposable, BPA-Free, Heat Resistant, Solid and Durable Disposable Spoons Heavy Duty Bulk, Premium Spoons plastic disposable for Party Supply",4.8,1499,True,False,14,10K+ bought in past month,25.99,29.98,Home Kitchen,4,10000,13.3,48000.0,True
B08L91SZ9Z,"Magic Sponge Eraser 100 Pack Extra Thick and Long Lasting Melamine Sponges in Bulk - Multi Surface Power Scrubber Foam Cleaning Pads - Bathtub, Floor, Baseboard, Bathroom, Wall Cleaner",4.4,2514,True,False,15,200+ bought in past month,29.99,,Home Kitchen,4,200,,880.0,False
B077LHQ5QH,"Vgo... 10-Pairs Reusable Household Gloves, Rubber Dishwashing gloves, Extra Thickness, Long Sleeves, Kitchen Cleaning, Working, Painting, Gardening, Pet Care (Size M, Yellow, HH4601)",4.4,16665,True,False,16,50+ bought in past month,64.98,,Home Kitchen,4,50,,220.0,False
B09WGFKRG1,"Bona Multi-Surface Floor Premium Spray Mop - Includes Multi-Surface Floor Cleaner Concentrate and Machine Washable Microfiber Cleaning Pad - For Stone, Tile, Laminate and Vinyl LVT/LVP Floors",4.5,11685,True,False,17,2K+ bought in past month,41.5,,Home Kitchen,4,2000,,9000.0,False
B07XT288Y5,"MR.SIGA Microfiber Cleaning Cloth, All-Purpose Cleaning Towels, Pack of 50, Size 11.8 x 11.8 in",4.6,12018,True,False,18,1K+ bought in past month,25.99,27.99,Home Kitchen,4,1000,7.1,4600.0,True
B0FBRK7H36,"Warming Mat for Food, Portable Food Warming Mat For Countertop, Full Surface Electric Warming Tray with Safety Lock, 4 Temp Levels & 6-Hour Timer for for Parties, Buffets & Home Use (Grey)",4.5,41,False,False,19,50+ bought in past month,26.99,35.99,Home Kitchen,4,50,25.0,225.0,True
B0DMP1ZYP6,"Garlic Press and Garlic Peeler Set, Premium Rust Proof Kitchen Garlic Mincer Crusher Squeezer with Ergonomic handle, Ginger Crusher with Good Grip, Easy to Clean, Dishwasher Safe (Silver)",4.5,60,False,False,20,50+ bought in past month,5.95,,Home Kitchen,4,50,,225.0,False
B0DKDW7536,"16oz/470ml Glass Oil Sprayer for Cooking, 2 in 1 Oil Dispenser for Kitchen Gadgets,Spray Bottle with Portion Control for Salad, Frying, BBQ (Black)",4.6,164,False,False,21,300+ bought in past month,5.58,,Home Kitchen,4,300,,1380.0,False
B0CYJH7GW7,"bella 12"" x 22"" Electric Griddle with EverGood™ Ceramic Nonstick Coating, Removable Temperature Probe, Dishwasher-Safe Drip Tray & Cool Touch Handles, Cook up to 15 Eggs, 1500 Watt, Oatmilk",4.3,293,True,False,22,500+ bought in past month,59.99,,Home Kitchen,4,500,,2150.0,False
B09454YVH2,"100% Compostable Paper Plates, Heavy Duty Disposable Plates [125-Pack] 9 Inch Plates - Eco-Friendly, Biodegradable Sugarcane Bagasse, Natural White 9"" Sturdy Dinner Paper Plate Disposable",4.7,5317,True,False,23,3K+ bought in past month,22.99,,Home Kitchen,4,3000,,14100.0,False
B01M1HL4C4,"Caboo Tree Free Paper Towels, 6 Rolls, Plastic Free & Eco Friendly, Earth Friendly, Sustainable Kitchen Paper Towels with Strong 2 Ply Sheets",4.2,5426,True,False,24,800+ bought in past month,29.99,,Home Kitchen,4,800,,3360.0,False
B0DFZ1WWTC,"CleanBoss - Eat Cleaner, 12 oz (3 Pack) with one Trigger - Keeps Produce Fresh, Vegan, Gluten Free",4.4,3085,True,False,25,3K+ bought in past month,28.99,,Home Kitchen,4,3000,,13200.0,False
B0GHRLWGQX,"2026 New Egg Shell Opener, Stainless Steel Egg Cracker Tool, Multifunctional Eggs Separator for Raw and Hard Boiled Eggs Peeler Shell Remover, Kitchen Gadget (Orange 1pcs)",1.8,122,False,False,26,1K+ bought in past month,6.89,,Home Kitchen,4,1000,,1800.0,False
B0F29MBBPX,"2-Pack 8.5"" Professional Kitchen Scissors Multi-Purpose Scissors for Cutting Chicken Bones, Herbs, Poultry, Fish",4.1,25,False,False,27,100+ bought in past month,6.67,,Home Kitchen,4,100,,410.0,False
B0DSFXV3Q6,"2026 New Stainless Steel Onion Slicer Holder, Onion Holder for Slicing, Lemon Slicer Vegetable Cutter, Chopper Slicing Assistant Tool for Meat, Onion, Potato, Tomato Home Kitchen Tools (Black-A)",4.6,13,False,False,28,100+ bought in past month,3.95,,Home Kitchen,4,100,,460.0,False
B0DSJ2JVQZ,"Cord Organizer for Appliances,Wire Organizers for Appliances, Kitchen Appliance Cord Organizer for Mixer,Blender,Coffee Maker,Pressure Cooker,Must-Have Kitchen Accessories for Daily Life（8 Packs）",3.7,7,False,False,29,100+ bought in past month,6.99,,Home Kitchen,4,100,,370.0,False
B0CYHZFMFX,"bella Flip-n-Store Waffle Maker with EverGood™ Ceramic Nonstick Coating, Fits-anywhere™ Kitchenware, Power Indicator Light, Cool Touch Handle & Cord Wrap, 7” Wide & 1"" Deep Plates, 1000 Watt, Oatmilk",4.5,2446,True,False,30,4K+ bought in past month,29.99,,Home Kitchen,4,4000,,18000.0,False
B0CHDX3QSH,"Caraway Mini Cookware Set - Non-Stick Ceramic Fry Pan (1.05 qt, 8"") Sauce Pan (1.75 qt) & Storage Rack - Non Toxic, PTFE & PFOA Free - Oven Safe & Stovetop Agnostic (Gas, Electric & Induction) - Black",4.7,689,True,False,31,,270.0,,Home Kitchen,4,,,,False
B088QRJRW3,"Fresh Wave Lavender Odor Removing Gel, 15 oz., Pack of 2 - Safer Odor Absorbers for Home, Natural Plant-Based Odor Eliminator, Every 15 oz. lasts 30-60 Days, For Cooking, Trash & Pets",4.0,31920,True,False,32,900+ bought in past month,27.29,,Home Kitchen,4,900,,3600.0,False
B09K2P5XRV,"REVIVEEO Immunity Boost Cleaner Concentrate Multi-Purpose, All-Purpose, Concentrated, Mopping, Nontoxic, Plant Based",4.7,696,True,False,33,1K+ bought in past month,16.0,,Home Kitchen,4,1000,,4700.0,False
B0DRD9MPX9,5-sets Silicone Spoon Rest Heat-Resistant Kitchen Utensil Holder Easy-to-Clean TPE Spoon Pad Multi-Use Snack Dish Fruit Plate 5pcs Black 1,4.3,703,False,False,34,300+ bought in past month,6.78,,Home Kitchen,4,300,,1290.0,False
B0DKNWC834,"Kitchen Premium Stainless Steel Garlic Press, Rust Proof Ergonomic Garlic Mincer with Easy Grip Handle, Dishwasher Safe, Professional Easy clean Mincer for Garlic and Ginger",4.1,104,False,False,35,100+ bought in past month,3.95,,Home Kitchen,4,100,,410.0,False
B0DYJY4658,"3PCS Stainless Steel Vegetable Peeler Set, Kitchen Tool Kit with 2 Peelers and Cleaning Brush for Potato, Tomato, Carrot, Lemon - Non-Slip, Durable, and Easy to Clean",4.5,39,False,False,36,,4.69,,Home Kitchen,4,,,,False
B0F6LY3CL5,"10Pcs Measuring Cups & Spoons Set, Stackable Cups and Spoons, Nesting Measure Cups with Stainless Steel Handle, Kitchen Gadgets for Cooking & Baking (Pink)",4.3,114,False,False,37,50+ bought in past month,6.36,,Home Kitchen,4,50,,215.0,False
B0FPQR5JF9,"Stainless Steel Onion Slice Holder, 2025 Upgraded Vegetable Slicer Cutter, Multifunctional Lemon Tomato Potato Meat Chopper Slicing Assistant Kitchen Tool (1)",4.1,64,False,False,38,300+ bought in past month,4.99,,Home Kitchen,4,300,,1230.0,False
B0F4D7YDTP,"Pepper Seed Corer Remover,2025 Upgraded 2-In-1 Bell Pepper Cutter & Deseeder for Effortless,Fruit Pepper Corer, Kitchen Gadgets for Bell Pepper Jalapeno Bitter Melon Corers (White 1PCS)",4.0,65,False,False,39,200+ bought in past month,3.98,,Home Kitchen,4,200,,800.0,False
B0F1MKFF87,"2-In-1 Portable Oil Sprayer and Dispenser, Including an Oil Sprayer and a Pouring Spout, Capacity 15.89 Ounces, for Cooking, Grilling, Air Fryers, Baking, and Salad Making, Black",4.0,520,False,False,40,900+ bought in past month,5.57,,Home Kitchen,4,900,,3600.0,False
B0DP1XJDZR,"Meat Tenderizer with 48 Stainless Steel Ultra Sharp Needle Blades Heavy Duty Cooking machine for Tenderizing Beef, Turkey, Chicken, Steak, Veal, Pork, Fish etc",4.4,264,False,False,41,300+ bought in past month,5.68,,Home Kitchen,4,300,,1320.0,False
B0DL5LFQ2W,"Homaxy 12 Pack Kitchen Dish Cloths, Ultra Soft and Absorbent Dish Towels, Reusable Fast Drying Microfiber Cleaning Cloth, Coral Velvet No-lint Cleaning Rags, 10 x 10 inches, Mix Color",4.5,1005,False,False,42,,11.99,13.99,Home Kitchen,4,,14.3,,True
B0DN59MB7L,"Dough Scraper – Essential Kitchen Tool for Bakers, Pastry & Bread Making – Stainless Steel with Ergonomic Wooden Handle -1Pack",4.8,30,False,False,43,,2.46,,Home Kitchen,4,,,,False
B0F1N7HBSW,"Onion slicer, lemon slicer, stainless steel onion cutter for slicing potatoes, onions, tomatoes, eggs, fruits, vegetables and meat, with protective cover (1)",4.5,41,False,False,44,50+ bought in past month,4.48,,Home Kitchen,4,50,,225.0,False
B0DPFFWYKZ,"1PC Multi-Functional Stainless Steel Fruit and Vegetable Peeler and Grater - Perfect for Potatoes, Cabbage, Melons - Easy to Use",3.2,113,False,False,45,500+ bought in past month,2.21,,Home Kitchen,4,500,,1600.0,False
B0FRFZDS7G,"Gold Magnetic Measuring Spoons Set Stainless Steel with Leveler, Dual-Sided Stackable Metal Measuring Spoons for Baking & Cooking, Fits in Spice Jars, Heavy Duty Kitchen Gadgets, 8 Spoons & 1 Leveler",4.8,22,False,False,46,50+ bought in past month,9.99,13.99,Home Kitchen,4,50,28.6,240.0,True
B0DP2B5DZ2,"Aluminum Alloy Tomato & Lemon Slicer Holder - Manual Fruit and Onion Cutter Tool with Handle, Vegetable Cutting Tongs, Kitchen Gadget for Perfect Slices, Tomato Separate Segment Holder",3.2,70,False,False,47,200+ bought in past month,7.99,,Home Kitchen,4,200,,640.0,False
B0F26H5HMR,"304 Stainless Steel Needle, Manual Fruit and Onion Cutter Tool with Handle, Vegetable Cutter for Potato, Tomato, Avocados, Eggs, Fruit Lemon and Meat, Lemon Slicer, Kitchen Gadgets(1 PCS)",4.6,46,False,False,48,100+ bought in past month,3.7,,Home Kitchen,4,100,,460.0,False
B0DLQKJFH6,"Avocado Food Saver Stretch Pod - Avocado Fresh Keeper, Portable & Reusable Storage, One Size, Green",4.2,225,False,False,49,600+ bought in past month,4.93,,Home Kitchen,4,600,,2520.0,False
B0DNDTCPYZ,"Versatile Stainless Steel Kitchen Scissors with Storage Box - Multi-Purpose Food Shears for Meat, Vegetables & Noodles - PINK",4.0,172,False,False,50,,7.39,,Home Kitchen,4,,,,False
B0FSR61WS4,"Stainless Steel Finger Guard, 2025 Upgrade Finger Protector for Cutting Food, Safe Slicing Tool for Chopping, Dicing, and Kitchen Food Prep (1 PC)",3.8,38,False,False,51,200+ bought in past month,4.99,,Home Kitchen,4,200,,760.0,False
B0FJMBDZ8X,"New Multifunctional Garlic Crusher Manual Garlic Press Roll Chopper Home Appliance Kitchen Gadgets Accessories,7.5 * 4cm",4.1,14,False,False,52,100+ bought in past month,1.8,,Home Kitchen,4,100,,410.0,False
B0DZBDLJSB,"8.5"" Professional Kitchen Scissors Multi-Purpose Scissors for Cutting Chicken Bones, Herbs, Poultry, Fish,Gold",4.5,52,False,False,53,100+ bought in past month,3.71,,Home Kitchen,4,100,,450.0,False
B0G6J95PJB,"Pottery Herb Stripper Bowl Handmade Green Glazed Ceramic Kitchen Gadget with Four Sizes Holes for Rosemary Parsley Basil Kale Detach Leaves from Stem, Stylish Serving Dish for Berries Nuts Dips Snacks",4.5,24,False,False,54,,12.99,15.99,Home Kitchen,4,,18.8,,True
B0DL5XKP22,"1pc, Premium Stainless Steel Garlic Rocker Press - Effortless Crushing, Easy Cleaning, Space-Saving Design for Apartment, College Dorm, and Kitchen Essentials",3.0,145,False,False,55,100+ bought in past month,3.1,,Home Kitchen,4,100,,300.0,False
B0DPW93JSD,"1pc Multifunctional Garlic Masher & Grinder - Compact, Durable Kitchen Tool for Effortless Mincing & Crushing of Garlic and Ginger",3.5,52,False,False,56,200+ bought in past month,2.45,,Home Kitchen,4,200,,700.0,False
B0DJ1RHGMR,"Onion Holder for Slicing, Onion Cutter Vegetable Chopper, Stainless Steel Slicer for Potato, Avocados, Eggs, Food Slicer Assistant Tool for Fruit Lemon and Meat (1)",4.5,57,False,False,57,50+ bought in past month,4.99,,Home Kitchen,4,50,,225.0,False
B0DRK67SSM,"2025 New Onion Holder for Slicing, Stainless Steel Onion Slice Holder Lemon Slicer Vegetable Cutter, Kitchen Gadgets Chopper Slicing Assistant Tool for Meat, Onion, Potato, Tomato (1 Pcs)",4.4,91,False,False,58,,4.99,,Home Kitchen,4,,,,False
B0DLZTFFCY,"Premium Apple Corer Tool - Ultra Sharp, Stainless Steel, Serrated Blades for Easy Coring - Easy to Use & Clean, Durable Corer Remover for Baking & More, Black",4.4,113,False,False,59,,3.21,,Home Kitchen,4,,,,False
B0DWXRRKSR,"Pepper Seed Corer Remover - 2025 Upgraded 2-in-1 Bell Pepper Cutter & Deseeder: Effortlessly Streamline Your Kitchen Prep for Faster, More Efficient, & Hassle-Free Meal Prep (1, Green)",4.1,664,False,False,60,,3.99,,Home Kitchen,4,,,,False
B0DTHSRGLC,2-in-1 Extendable Handle Strainer and Storage Container - Fancy Multi-Function Kitchen Tool with Adjustable Lid Kitchen Colander Set Coffee Color,3.0,39,False,False,61,100+ bought in past month,9.38,,Home Kitchen,4,100,,300.0,False
B0DMK6FNXB,"Upgrade Food Masher and Mixer - Non Stick Potato Masher Tool for Hamburger Meat, Ground Beef - Non Stick Mix Chopper",4.5,166,False,False,62,,5.54,,Home Kitchen,4,,,,False
B0D25YFS8F,"Olive Oil Sprayer for Cooking, 470ml 2 In 1 Glass Oil Dispenser/Pour Bottle, Kitchen Accessories, Kitchen Gadgets for Air Fryer, Salad, BBQ (Black)",4.4,13718,False,False,63,300+ bought in past month,,,Home Kitchen,4,300,,1320.0,False
B0DQ94LX7B,304 Stainless Steel Olive Oil Sprayer - Kitchen Cooking Oil Spray Bottle with Glass Oil Can - Easy to Use and Clean - For Home Cooks & Bakers - Great for Housewarming & Cooking Enthusiasts,4.3,40,False,False,64,,8.42,,Home Kitchen,4,,,,False
B0F1LLYC6R,"Onion Holder for Slicing, 2025 New Stainless Steel Onion Slice Holder Lemon Slicer Vegetable Cutter, Kitchen Gadgets Chopper Slicing Assistant Tool for Meat, Onion, Tomato, Potato (1 Pcs)",4.3,109,False,False,65,,4.98,,Home Kitchen,4,,,,False
B08CDRDRGC,SunnyPoint NeverRust Deluxe Kitchen & Bathroom Sink Sponge Holder Organizer with Adhesive Mount - Additional Suction Cup Included – Sponge & Brush NOT Included – 7.4 x 3.3 x 2.75 Inch,4.3,6888,True,False,66,4K+ bought in past month,12.99,14.89,Home Kitchen,4,4000,12.8,17200.0,True
B0CF78YMFW,"S’well Stainless Steel 64oz Salad Bowl Kit, Pink Topaz Color, Comes with 2oz Mini Canister and Removable Tray for Organization, Leakproof and Dishwasher Safe",4.6,2183,True,False,67,400+ bought in past month,40.0,49.99,Home Kitchen,4,400,20.0,1840.0,True
B0D5D489XK,"Yofidra Kitchen Sink Caddy: Sink Sponge with Instant Drying Stone, Metal Stainless Steel Dish Sponge Holder Basket for Sponges, Scrubbers, Soap, 9.5"" X 5.5"" X 5.7"" Home Decor Storage and Organization",4.6,1171,True,False,68,100+ bought in past month,19.99,24.99,Home Kitchen,4,100,20.0,460.0,True
B0G4XWP56S,"Le'raze 13-in-1 Vegetable Chopper Pro with Glass Container, Stainless Steel Blades, BPA-Free, Mandoline Slicer, Manual",4.0,44,True,False,69,100+ bought in past month,26.95,39.99,Home Kitchen,4,100,32.6,400.0,True
B0B8C9VTNJ,HAMITOR Toilet Bowl Brush Holder Set: Bathroom Deep Cleaning Toilet Cleaner Scrubber Under Rim with Curved Bristle for Dead Corner Clean - Hidden Rv Toilet Decorative Accessories with Caddy- White,4.6,12214,True,False,70,9K+ bought in past month,9.99,13.99,Home Kitchen,4,9000,28.6,41400.0,True
B0B58HD8H4,"Reed Diffuser Set with Sticks 3.7 Oz, Vanilla, Coconut & Milk Scented Fragrance Oil Diffuser for Home Bedroom & Kitchen, Long-Lasting Room Air Freshener, Mind & Body Aromatherapy, Gift Idea",4.2,3332,False,False,1,400+ bought in past month,12.98,,Home Kitchen,5,400,,1680.0,False
B07BYCHMVY,"Home Techpro Vacuum Tech Rug Pad Gripper for Hardwood Floors No Damage, New Materials to Non Slip Rug Pads, Under Rug Carpet Tape : Keep Your Rug in Place & Make Corner Flat",4.2,81251,False,False,2,10K+ bought in past month,9.99,15.99,Home Kitchen,5,10000,37.5,42000.0,True
B0F2GQ84SC,"Home Ceramic Coating Spray Kit (16 oz) - Shine, Seal & Protect Stainless Steal, Glass, Kitchen & Bath Surfaces - Extremely Hydrophobic - Repels Stains & Grime - Includes 2 Micro Fiber Towels",4.2,147,False,False,3,300+ bought in past month,19.99,24.99,Home Kitchen,5,300,20.0,1260.0,True
B0DPGJQDN2,Glass Soap Dispenser Set of 2 (Amber) with Silicone Tray | Hand and Dish Soap Dispenser for Kitchen and Bathroom | 16.8 Oz Glass Bottles with Stainless Steel Pump & 15 Waterproof Labels (Amber/Black),4.8,210,False,False,4,200+ bought in past month,29.95,,Home Kitchen,5,200,,960.0,False
B0DSC8HNV6,"GENIMO Kitchen Mats for Floor 2PCs, Washable Anti Fatigue Mat for Cushioned, 17.3""x47""+17.3""x30"", Waterproof Kitchen Rugs, Non Slip Comfort Standing Mat Rug for Home, Sink, Laundry, Multi",4.3,2061,False,False,5,100+ bought in past month,33.99,,Home Kitchen,5,100,,430.0,False
B08NCN3MZ9,"Talented Kitchen 144 Minimalist Laundry Room Labels - 2.5"" x 2.5"", Black on White Matte Vinyl - Organize Glass Jars & Spray Bottles, Water-Resistant Labels for Laundry Room Organization",4.7,1691,False,False,6,400+ bought in past month,9.99,,Home Kitchen,5,400,,1880.0,False
B0013CQ5EO,"Rubbermaid Commercial Products Resin Wastebasket/Trash Can, 7-Gallon/28-Quart, Gray, Plastic, for Bedroom/Bathroom/Office, Fits Under Desk/Sink/Cabinet",4.8,36924,False,False,7,7K+ bought in past month,8.39,,Home Kitchen,5,7000,,33600.0,False
B0BHS6V3N6,Kitchen Wall Stickers Decals Decor Kitchen The Heart of The Home Wall Decor Quotes Sign Utensil Art Decorations for Home Dining Room Coffee Shop,4.6,661,False,False,8,500+ bought in past month,8.99,,Home Kitchen,5,500,,2300.0,False
B0CHXZNLJ6,"Oven Mitts Kitchen Towels Dishcloths with Pot Holders Sets 12PCS, Dish Towels Sets, Oven Gloves Pot Pads Heat Resistant 500 Degrees with Non-Slip Silicone Surface for Cooking Baking Grilling Black",4.6,963,False,False,9,200+ bought in past month,32.99,,Home Kitchen,5,200,,920.0,False
B0C6XWKK71,"56 Pcs Large Food Storage Containers Set with Lids (28 Containers + 28 Lids), Airtight Plastic Storage Containers for Pantry & Kitchen Organization, BPA-Free, Leak-Proof",4.5,3815,False,False,10,100+ bought in past month,26.99,34.99,Home Kitchen,5,100,22.9,450.0,True
B09WKR2Y54,"FEBU Swedish Dishcloths for Kitchen | 5 Pack Fresh Flowers Reusable Paper Towels Washable | Swedish Dish Towels | Non-Scratch Cellulose Sponge Cloths | No Odor, Biodegradable Cleaning Cloths",4.6,6861,False,False,11,1K+ bought in past month,14.95,,Home Kitchen,5,1000,,4600.0,False
B01AW3XLBE,"Skyla Homes Magnetic Cabinet Locks Baby Proofing Child Safety - The Safest Quickest and Easiest Multi-Purpose 3M Adhesive Child Proof Latches, No Screws or Tools Needed (12 Pack)",4.3,9037,False,False,12,1K+ bought in past month,26.99,,Home Kitchen,5,1000,,4300.0,False
B0BZD4WS9W,"YeeBeny Pink Paper Towel Holder - Self Adhesive or Drilling, Under Cabinet or Wall Mounted",4.5,674,False,False,13,900+ bought in past month,7.99,,Home Kitchen,5,900,,4050.0,False
B0C2SV37J1,"Paris Hilton Cutting Boards, Dual-Sided Cutting Board Set with Built-in Juice Grooves, Easy-Grip Handles, Heavy-Duty Plastic Made without BPA, Dishwasher Safe, 3-Piece Set, Pink and Cream",4.8,1218,False,False,14,3K+ bought in past month,15.01,15.99,Home Kitchen,5,3000,6.1,14400.0,True
B09FS4VM8D,"GE Vintage LED Night Light, Plug-in, Dusk to Dawn Sensor, Farmhouse Decor, Mood Lighting, Home Decor, Ambient Lighting, LED Lights for Bedroom, Bathroom, Kitchen, Hallway, 62461, Black, 4 Pack",4.7,25621,False,False,15,100+ bought in past month,39.31,,Home Kitchen,5,100,,470.0,False
B0CB6JTW16,No Bitchin' in My Kitchen Rustic Farmhouse Decor Sign Black and White Kitchen Decor Decorative Wood Sign Home Kitchen Tabletop Decor - A26,4.5,153,False,False,16,100+ bought in past month,9.99,,Home Kitchen,5,100,,450.0,False
B0CGM4Q7MM,Codoule 2PCS No Drill Curtain Rod Brackets Drilling Self Adhesive Holder Hooks Nail Free Adjustable Hangers for Bathroom Kitchen Home and Hotel (2PCS Black),3.8,28280,False,False,17,300+ bought in past month,8.99,,Home Kitchen,5,300,,1140.0,False
B0CHFXYRH1,"Vove Cleaning Duo, Bamboo Dish Brush Set and Natural Dish Sponges, FSC-Certified Bamboo, Sisal, Loofah, Cellulose, Plastic-Free, Eco-Friendly Zero-Waste Kitchen Dish Scrubber Set",4.2,559,False,False,18,100+ bought in past month,29.55,,Home Kitchen,5,100,,420.0,False
B0B3JQC4XT,"2 Pack Under Sink Organizer, 2 Tier Bathroom Cabinet Organizer with Sliding Basket, Multi-Purpose Under Sink Organizers and Storage for Bathroom Kitchen (Black 2 Pack)",4.6,2730,False,False,19,400+ bought in past month,21.59,31.99,Home Kitchen,5,400,32.5,1840.0,True
B0B51N33PJ,"SYIPO Plastic Bag Holder, Reusable Grocery Bag Organizer, Wall Mount, Plaid Grey, 1 Pack, 15.7in x 9.8in",4.7,2923,False,False,20,100+ bought in past month,6.66,,Home Kitchen,5,100,,470.0,False
B0DDTFSXYW,"Beige Black Checkered Grid Checkerboard Kitchen Rug Sets [2 PCs], Anti-Fatigue, Waterproof Non-Slip Kitchen Mats Heavy Duty Comfort Foam Rug for Kitchen, Floor, Laundry,17""x29""+17""x47""",4.5,220,False,False,21,50+ bought in past month,29.99,,Home Kitchen,5,50,,225.0,False
B0BXKX8HNL,"Mondoshop Fire Blanket for Home and Kitchen - Emergency Fire Suppression Blankets Fireproof Blanket Fire Retardant Blankets for Car, Fireplace, Camping, Picnic, Grill",4.8,4812,False,False,22,500+ bought in past month,15.99,29.99,Home Kitchen,5,500,46.7,2400.0,True
B08J156XKX,"GOTS Certified Organic Cotton Kitchen Hand and Dish Towel Sets - Oversized 20x30 inches, Fully Hemmed, in Designer Colors, 6-Pack, Sage Stripe",4.6,700,False,False,23,,26.88,,Home Kitchen,5,,,,False
B08D6T4DKS,"Rubbermaid Reveal Power Scrubber 18-Piece Kit, Cordless Electric Battery Powered Scrub Brush, Water Resistant, for Home/Kitchen/Bathroom/Grout/Tile/Shower/Tub",4.4,37504,False,False,24,2K+ bought in past month,32.49,,Home Kitchen,5,2000,,8800.0,False
B000U7QDKO,"Rubbermaid Commercial Products Deskside Wastebasket/Trash Can, 10.25-Gallon/41-Quart, Gray, Plastic, Garbage Can for Home/Office, Fits Under Desk/Sink/Cabinet",4.8,36924,False,False,25,100+ bought in past month,15.98,24.99,Home Kitchen,5,100,36.1,480.0,True
B0B3CL14VX,"Salt and Pepper Shakers Set,4 oz Glass Bottom Salt Pepper Shaker with Stainless Steel Lid for Kitchen Cooking Table, RV, Camp,BBQ Refillable Design (Pink)",4.7,14401,False,False,26,700+ bought in past month,8.49,12.99,Home Kitchen,5,700,34.6,3290.0,True
B07XZYV3WJ,"Dash Safe Slice® Mandoline - Compact, Foldable Food Slicer - Slice, Dice, Julienne & More - Perfect for Quick Food Prep - Recipe Guide Included - Aqua",4.4,20492,False,False,27,300+ bought in past month,29.97,49.99,Home Kitchen,5,300,40.0,1320.0,True
B00WH234QG,"Arrow Home Products Dish Wand Sponge Refills, 4 Pack - Replacement Sponge Heads for Dish Wand, Made in USA - For Quick, Convenient Cleaning, Easy to Refill, Built-In Scrubber, Ideal for Dishes & Pans",4.8,897,False,False,28,300+ bought in past month,10.98,,Home Kitchen,5,300,,1440.0,False
B0798S775M,"Magnetic Dry Erase Board Fridge White Board Sheet 20x13 inch, Flexible Large Refrigerator Magnets Whiteboard Planner for Home Kitchen, 2 Markers and Eraser",4.6,8477,False,False,29,2K+ bought in past month,11.96,,Home Kitchen,5,2000,,9200.0,False
B0FRMWXP3P,"Kitchen Sink Faucet Mat, 2025 New Foldable Faucet Mat for Kitchen Sink, 30in Silicone Faucet Guard & Draining Mat Keep Countertops Dry Splash Guard (Black, 30in)",4.0,151,False,False,30,200+ bought in past month,16.99,,Home Kitchen,5,200,,800.0,False
B0GK869RFY,"Nugget Ice Maker 40lbs/Day, Countertop Ice Maker Soft Chewable Ice, Ice Makers One-Click & Self-Cleaning, Crushed Pellet Ice Machine with Scoop&Basket for Home/Kitchen/Office, Stainless Silver",4.7,23,False,False,31,,219.99,509.99,Home Kitchen,5,,56.9,,True
B0D7CH7JRB,"Ozone Odor Eliminator for Strong Odor 99% Cat Litter Deodorizer Dog Poof Odor Removal Air Ionizers Home Plug-in Air Purifier for Bedroom, Toilet, Kitchen, Pets, Shoe, Smoke, Formaldehyde Air Freshener",4.2,712,False,False,32,,29.98,,Home Kitchen,5,,,,False
B0BQ7PKQT8,Strawberry Decor Hand Soap Dispenser: Simple Pleasures Strawberry Shaped Bottle with Scented Liquid Soap - Decorative Hand Pump Refillable Soap Dispensers for Kitchen and Bathroom,4.4,948,False,False,33,50+ bought in past month,9.99,,Home Kitchen,5,50,,220.0,False
B09JRKY1LD,"SUPVAN E10 Bluetooth Label Maker Machine with Tape, Continuous Waterproof Label, Versatile App with 35 Fonts and 1k+ Icons, Inkless Labeler for Home, Kitchen, School, Office Organization, White",4.4,18995,False,False,34,400+ bought in past month,17.99,29.99,Home Kitchen,5,400,40.0,1760.0,True
B0CDLXVVVZ,Hanobe Candle Plate Holder Tray: Round Wood Decorative Candle Plate - Rustic Farmhouse CoffeeTable Decor - Tealight Pillar Trays for Home Decor (Distressed),4.5,2405,False,False,35,3K+ bought in past month,13.29,,Home Kitchen,5,3000,,13500.0,False
B08NCZCGLL,"Talented Kitchen Minimalist Bathroom Labels for Organizing - 174 Labels, 2.5"" x 2.5"" & 2.5"" x 0.75"", Black on White - Stickers for Jars & Bottles - Water-Resistant for Medicine Cabinet",4.6,572,False,False,36,,12.99,,Home Kitchen,5,,,,False
B0C1ZJZJ9P,"Unokit 24-Piece Stainless Steel Dinner Forks Silverware - 7.8 Inch Silver Dinner Forks Set of 24, Forks Set, Flatware Forks for Home, Kitchen or Restaurant, Mirror Polished, Dishwasher Safe",4.5,1626,False,False,37,300+ bought in past month,12.99,17.99,Home Kitchen,5,300,27.8,1350.0,True
B0D5T1GJ7X,"Compostic Home Compostable Trash Bags, 2.99 Gallon Small Kitchen Rubbish Bags, Extra Strong & Quickly Breaks Down, 100 Count",4.4,368,False,False,38,200+ bought in past month,32.99,,Home Kitchen,5,200,,880.0,False
B0F6BP2WP6,"Ultra Soft Cotton Bath Towel - Quick - Drying and Absorbent for Home, Kitchen Cleaning",2.5,82,False,False,39,,5.51,,Home Kitchen,5,,,,False
B081GFMMGL,"Set of 3 Silicone Trivet Mat - Hot Pot Holder Hot Pads for Table & Countertop - Trivet for Hot Dishes - Non-Slip & Heat Resistant Modern Kitchen Hot Pads for Pots & Pans, Navy Blue",4.8,4079,False,False,40,200+ bought in past month,12.99,,Home Kitchen,5,200,,960.0,False
B0F6Y8ZGP9,"FEATOL Anti Fatigue Mat for Standing, 9/10 Extra Thick Ergonomic Standing Desk Mat, Comfort & Durable Memory Foam Standing Mat at Home,Office All Day (24"" x 36"", Black, 1PC)",4.6,6216,False,False,41,200+ bought in past month,54.99,73.99,Home Kitchen,5,200,25.7,920.0,True
B0CPSCLHLD,"ZHIAI 4 Pack Clear Stackable Storage Drawer, Acrylic Drawer, Cosmetic Organizer, Plastic Organizer for Dresser, Under, Kitchen Cabinet, Pantry, Home Organization and Storage",4.6,4407,False,False,42,100+ bought in past month,19.65,22.99,Home Kitchen,5,100,14.5,460.0,True
B0FRGHPTJW,"2 Pack Under Sink Organizers and Storage, 2-Tier Sliding Cabinet Organizer Drawer for Bathroom and Kitchen – Multi-Purpose Cabinet Organizer with Easy Pull-Out Design (Black)",4.6,415,False,False,43,100+ bought in past month,14.44,16.98,Home Kitchen,5,100,15.0,460.0,True
B002JGIY3S,"United Solutions 7 Gallon/28 Quart Efficient Recycle Wastebasket | Fits Under Desk | Small, Narrow Spaces in Commercial, Kitchen, Home Office, Dorm | Easy to Clean, 1 Pack, Blue, Model Number: WB0084",4.7,8087,False,False,44,400+ bought in past month,18.92,20.68,Home Kitchen,5,400,8.5,1880.0,True
B0BXXK5VQS,Floral Mexican Birds Kitchen Rugs Indoor Outdoor Non Slip Kitchen Floor Mats Area Rugs Runner Rug Laundry Room Rug 40x20 in,4.1,801,False,False,45,300+ bought in past month,19.99,30.0,Home Kitchen,5,300,33.4,1230.0,True
B0CJJ598N1,"ROMIIE ZOI Scented Candle - Sicilian Lemon- 6oz Aromatherapy Soy Wax Jar Candle for Home, Gifts for Women - 170g",4.2,443,False,False,46,100+ bought in past month,12.99,,Home Kitchen,5,100,,420.0,False
B0C5JVCHVL,"2pcs 360 °Rotation Utility Hooks,Under Cabinet Kitchen Hooks,Storage Shelf rv Must Haves,Nail Free Adhesive Kitchen Utensils Hanging Hooks for Kitchen Utensils/Tools/Towel/Knife(Black)",4.4,497,False,False,47,200+ bought in past month,9.99,,Home Kitchen,5,200,,880.0,False
B0CVVNWPZ1,"4 PACK Magnetic Dry Erase Board Sheet for Fridge, 12""x8"" Erasable Refrigerator WhiteBoard w/ 6 Markers & 1 Eraser- Smooth and Flexible Small Magnet Blank Notepad for Home Kitchen Organizer and Planner",4.7,2539,False,False,48,6K+ bought in past month,9.99,11.99,Home Kitchen,5,6000,16.7,28200.0,True
B0D1G1ZZBD,"Silicone Bathroom Tray Round Vanity Tray Decorative Soap Holder Kitchen Countertop Organizer Coffee Table Decor for Candle, Perfume, Plant, 9 Inch, Black",4.6,971,False,False,1,1K+ bought in past month,9.99,11.99,Home Kitchen,6,1000,16.7,4600.0,True
B0CZDRB15F,"NIIMBOT D110 Upgraded Version Mini Label Maker Machine with Tape, Portable Bluetooth Thermal Printer, Sticker Labeler with Multiple Templates for Office Organization Home Kitchen School, Blue",4.6,2987,False,False,2,200+ bought in past month,18.99,29.99,Home Kitchen,6,200,36.7,920.0,True
B09C2QQ83V,"Innovia Automatic Paper Towel Dispenser. Touchless Technology. Works with Most Paper Towel Brands and Sizes. Dispenses The Number of Sheets You Need. Grey, Under Cabinet Mounted.",4.4,2645,False,False,3,600+ bought in past month,69.99,,Home Kitchen,6,600,,2640.0,False
B0CZNNHPPV,Kitchen Wall Decor 3D-DIY Silver Black Bless This Home for Kitchen Decor Wall Art for Dining Room Living Room Decoración para Cocina,4.0,161,False,False,4,,15.99,,Home Kitchen,6,,,,False
B011RY65WO,"CHOMP Long Handle Wall Cleaner, 5 Minute CleanWalls Extendable Wall Washer, Ceiling Cleaner, Baseboard Duster, Telescoping Dry Dust and Wet Wash Cleaning Mop with Washable Microfiber Pad",4.3,8882,False,False,5,2K+ bought in past month,39.97,49.97,Home Kitchen,6,2000,20.0,8600.0,True
B0CLNDVZ1Q,"SONGMICS Cabinet Organizer Shelf, Set of 4 Kitchen Counter Shelves, Kitchen Storage, Spice Rack, Stackable, Expandable, Metal and Engineered Wood, Cloud White and Snow White UKCS028W01",4.5,6279,False,False,6,50+ bought in past month,39.99,44.99,Home Kitchen,6,50,11.1,225.0,True
B01MU4YQ8U,Creative Co-Op Small Wood Pedestal with Handle,4.4,3950,False,False,7,700+ bought in past month,20.11,,Home Kitchen,6,700,,3080.0,False
B09Q8WW9SR,"SpaceAid Spice Drawer Organizer with 36 Spice Jars, 386 Spice Labels, 4 Tier Seasoning Rack Tray Insert for Kitchen Drawers, 16.75"" Wide x 17.5"" Deep",4.8,6222,False,False,8,100+ bought in past month,59.98,,Home Kitchen,6,100,,480.0,False
B0DRHVC4JD,"11-Piece Kitchen Nonstick Stackable Bakeware Set, Non Toxic Bakeware Sets with Silicone Handles, Includes Cookie Sheets, Cake Pan, Loaf Pan, Pizza Pan, Muffin Pan, White",4.5,332,False,False,9,50+ bought in past month,69.28,89.99,Home Kitchen,6,50,23.0,225.0,True
B09TFTM5M3,"ClearSpace Modern Plastic Storage Bins with Lids Perfect Kitchen Organization or Pantry Fridge Organizer, 8 Pack, Transparent, Rectangular, 12.5"" x 6"" x 7"", 9L Capacity, 8 Compartments",4.7,2246,False,False,10,50+ bought in past month,69.99,,Home Kitchen,6,50,,235.0,False
B0D1G33YS8,"FEIALNDUO Wicker Shelf Baskets with Lid,Seagrass Storage Basket Bins Rectangular Handwoven Basket Boxes for Shelves Desktop Home Organizer (Coffee, X-Small)",4.5,463,False,False,11,400+ bought in past month,13.79,15.99,Home Kitchen,6,400,13.8,1800.0,True
B091SHX1MV,"RYB HOME Blackout Curtain Tiers - Thermal Insulting Small Window Decor for Bedroom Bathroom Kitchen Boho Privacy Drapes, Light Grey, W 42 x L 36, 2 Panels",4.6,4154,False,False,12,,19.95,,Home Kitchen,6,,,,False
B0DSC8HNV6,"GENIMO Kitchen Mats for Floor 2PCs, Washable Anti Fatigue Mat for Cushioned, 17.3""x47""+17.3""x30"", Waterproof Kitchen Rugs, Non Slip Comfort Standing Mat Rug for Home, Sink, Laundry, Multi",4.3,2061,False,False,13,100+ bought in past month,33.99,,Home Kitchen,6,100,,430.0,False
B0BHMYH8GR,"2 Pack Under Sink Organizer, Under Bathroom Cabinet Organizer with Hooks Hanging Cup, Multi-Purpose Storage Shelf for Kitchen Bathroom, Black",4.6,7803,False,False,14,2K+ bought in past month,14.99,,Home Kitchen,6,2000,,9200.0,False
B00SRGPELO,"OTOTO The Original Nessie Ladle - Soup Ladle, Cute Gifts, Funny Kitchen Gadgets, Loch Ness design, Cooking Gifts for Mom - Cute and Practical Kitchen Utensils - Unique Gifts for Women",4.6,15460,False,False,15,400+ bought in past month,16.95,19.95,Home Kitchen,6,400,15.0,1840.0,True
B0BLVBYKLS,"Paper Towel Holder Under Cabinet - Stainless Steel Paper Towel Holder Wall Mount, Self-Adhesive or Drilling, Matte Black Towel Rack for Kitchen Organization and Storage, Kitchen Paper Roll Holder",4.3,1013,False,False,16,600+ bought in past month,5.99,,Home Kitchen,6,600,,2580.0,False
B0CND8Z9M2,"Shower Caddy Bathroom Shelves, The Athena Silken 4 Set, 40LB Capacity, Adhesive Tape No Drill - Rustproof -Gorgeous Powder Coated 304 Stainless Steel Shower Organizer for kitchen & Home Decor - Black",4.7,947,False,False,17,400+ bought in past month,14.99,,Home Kitchen,6,400,,1880.0,False
B0C32RXJ4P,"Rnivvi Coffee Mat, 12"" x 19"" Coffee Bar Mats for Espresso Machine Station Accessories and Organizer, Hide Stain Rubber Backed Absorbent Dish Drying Pad for Kitchen Counter, Cute Bar Decor Pad, Pink",4.6,1854,False,False,18,400+ bought in past month,7.99,9.99,Home Kitchen,6,400,20.0,1840.0,True
B0D1G58BWV,"Orighty Microfiber Cleaning Cloth, 24 Pack Highly Absorbent Cleaning Rags, Household Cleaning Supplies, Reusable Lint Free Cloths Microfiber Rag for House, Kitchen, Car Care, 12x11 inch",4.3,4624,False,False,19,5K+ bought in past month,7.99,9.99,Home Kitchen,6,5000,20.0,21500.0,True
B0CKWLZSKJ,"Oakridge Products Sharps Container for Home Use and Professional 5 Quart (3-Pack), Biohazard Needle and Syringe Disposal, Horizontal Drop Style Lid with levers, CDC Certified",4.7,3895,False,False,20,50+ bought in past month,29.97,,Home Kitchen,6,50,,235.0,False
B0F47J1BHC,"Microfiber Cleaning Cloths 16 Pack 8 Color Cleaning Rags for Housekeeping Home Kitchen Bathroom Car,11.5""X11.5"" Soft Lint Free Wet and Dry Use Dusting Cleaning Supplies Towels",4.6,465,False,False,21,600+ bought in past month,7.99,8.99,Home Kitchen,6,600,11.1,2760.0,True
B0FBRPPT5L,"Under Cabinet Lighting Wireless, Rechargeable Motion Sensor Light Indoor, 3 Color Dimmable Closet Light Battery Operated with LED Power Display, Magnetic Under Counter Lights for Kitchen, Home (3Pack)",4.6,1006,False,False,22,8K+ bought in past month,23.99,29.99,Home Kitchen,6,8000,20.0,36800.0,True
B0BC34MQKZ,"Olive Oil Dispenser Bottle, 2 Pcs Glass Olive Oil Dispenser and Vinegar Dispenser Set with 2 Stainless Steel Pourers, 4 Labels,1 Brush and 1 Funnel Oil Bottles for Kitchen (500ml)",4.5,4434,False,False,23,2K+ bought in past month,9.99,12.99,Home Kitchen,6,2000,23.1,9000.0,True
B0798S775M,"Magnetic Dry Erase Board Fridge White Board Sheet 20x13 inch, Flexible Large Refrigerator Magnets Whiteboard Planner for Home Kitchen, 2 Markers and Eraser",4.6,8477,False,False,24,2K+ bought in past month,11.96,,Home Kitchen,6,2000,,9200.0,False
B0DQKK514C,1400W Touchless Automatic Vacuum Dustpan – Motion Sensor Hands-Free Electric Dustpan for Pet Hair Dirt & Debris – Powerful and Energy Efficient Cleaning Solution for Home Kitchen & Office,4.7,301,False,False,25,900+ bought in past month,129.98,,Home Kitchen,6,900,,4230.0,False
B0B1ZLVFKJ,"KOCWELL Bag Organizer and Plastic Wrap Dispenser with Cutter, 6 In 1 Bamboo Foil and Plastic Wrap Organizer for Kitchen Drawer, Food Storage Bag Organizer for Gallon,Quart,Sandwich,Snack(Yellow)",4.2,2253,False,False,26,700+ bought in past month,28.44,39.99,Home Kitchen,6,700,28.9,2940.0,True
B07G2M4WQ5,"Kitchen Utensils Set 35 PCS Cooking Utensils Set, Nonstick and Heat Resistant Nylon Stainless Steel Silicone Spatula Set - Kitchen Gadgets Home Essentials Kitchen Accessories, Apartment Must Haves",4.5,9578,False,False,27,600+ bought in past month,16.99,29.99,Home Kitchen,6,600,43.3,2700.0,True
B09N4ZKCH6,JoyJolt 24pc Borosilicate Glass Storage Containers with Lids | 12 Airtight/Freezer Safe Food Storage Containers for Pantry and Kitchen | Meal Prep Container for Lunch | Glass Tupperware Set,4.5,18834,False,False,28,1K+ bought in past month,42.95,,Home Kitchen,6,1000,,4500.0,False
B0D8TS4WLC,"32 Pcs Dinner Spoon Set,Premium Food Grade Stainless Steel Spoons,Durable Metal Spoon,Tablespoon,Spoons Silverware Only,Mirror Finish & Dishwasher Safe,Use for Home,Kitchen and Restaurant - 7.3 inch",4.5,9348,False,False,29,100+ bought in past month,21.99,,Home Kitchen,6,100,,450.0,False
B002JGIY3S,"United Solutions 7 Gallon/28 Quart Efficient Recycle Wastebasket | Fits Under Desk | Small, Narrow Spaces in Commercial, Kitchen, Home Office, Dorm | Easy to Clean, 1 Pack, Blue, Model Number: WB0084",4.7,8087,False,False,30,400+ bought in past month,18.92,20.68,Home Kitchen,6,400,8.5,1880.0,True
B085CMXR3V,"GREENER CHEF Organic Bamboo Cutting Board Set of 3 with Lifetime Replacements – Premium Extra Large Wood Cutting Boards for Kitchen with Juice Grooves for Carving & Serving, Non Toxic & Durable",4.5,3864,False,False,31,1K+ bought in past month,39.99,49.99,Home Kitchen,6,1000,20.0,4500.0,True
B08NCZCGLL,"Talented Kitchen Minimalist Bathroom Labels for Organizing - 174 Labels, 2.5"" x 2.5"" & 2.5"" x 0.75"", Black on White - Stickers for Jars & Bottles - Water-Resistant for Medicine Cabinet",4.6,572,False,False,32,,12.99,,Home Kitchen,6,,,,False
B07FNRXFTD,"YouCopia StoraLid Food Container Lid Organizer for Kitchen Cabinet Storage with 5 Adjustable Dividers, 10.5''D × 13.4''W × 3.3''H, Large Classic Edition, White",4.6,36774,False,False,33,1K+ bought in past month,18.95,19.99,Home Kitchen,6,1000,5.2,4600.0,True
B0F8Q9HK6M,"Under Sink Organizer 2 Pack,Bathroom Under Cabinet Storage with Pull Out Sliding Drawers for Kitchen Organization,12.8 Inch,Black",4.5,2998,False,False,34,100+ bought in past month,17.99,,Home Kitchen,6,100,,450.0,False
B0D53YQMSM,"Qinyoung Acrylic Straw Holder for Cabinet Door with Double Sided Adhesive Tape Reusable Straw Organizer Tumbler Storage Kitchen Accessories Container for Counter Cupboard(Classic,Large,Transparent)",4.5,859,False,False,35,900+ bought in past month,8.99,13.99,Home Kitchen,6,900,35.7,4050.0,True
B0BBR3D13T,"Utopia Kitchen Soda Can Organizer and Dispenser for Refrigerator/Pantry - Durable Can Storage Organizer Fridge & Kitchen Organization - (Clear, Set of 2)",4.7,5710,False,False,36,3K+ bought in past month,9.99,,Home Kitchen,6,3000,,14100.0,False
B0DKT9Z5T3,"Trivets for Hot Dishes, Pots and Pans, Hot Pads with Storage Basket, Pot Holders for Kitchen, Heat Resistant Mat Protect Counter Home Essentials, Farmhouse Decor (Mix Brown 5 PCS)",4.7,1918,False,False,37,400+ bought in past month,19.99,,Home Kitchen,6,400,,1880.0,False
B0GFJWHN8B,"ecozy Ice Cube Makers Countertop, 45 lbs Per Day Portable Ice Machine, 24 Cubes Ready in 13 Mins, Self-Cleaning Function, Perfect for Home Kitchen Bar Office, Stainless Steel",4.4,74,False,False,38,,179.99,,Home Kitchen,6,,,,False
B07YWM9ZZK,"Natural Gas Leak Detector, Plug-in Propane Natural Gas Detector for Home Kitchen RV, Combustible & Explosive Gas Alarm for LPG, LNG, Methane (AC Power)",4.3,3330,False,False,39,500+ bought in past month,23.99,,Home Kitchen,6,500,,2150.0,False
B0BW91HX7D,"Knife Set, Astercook 21 Pieces Knife Sets for Kitchen with Block, Dishwasher Safe Kitchen Knife Set with Built-in Sharpener, German Stainless Steel Black Knife Block Set",4.6,2182,False,False,40,3K+ bought in past month,49.97,79.99,Home Kitchen,6,3000,37.5,13800.0,True
B0B6TK767D,"REALINN Under Sink Organizer, Pull Out Cabinet Storage 2 Tier Slide Out Sink Shelf, Kitchen Organizers and Storage, Black, 1 Pack",4.4,14523,False,False,41,2K+ bought in past month,25.19,27.99,Home Kitchen,6,2000,10.0,8800.0,True
B0DTG3J1HV,"Versatile Kitchen Grinder | 500W Electric Mill | Grinds Spices, Nuts, Grains, Coffee | 3 Stainless Steel Blades | Dry Use (Green)",4.0,288,False,False,42,200+ bought in past month,54.99,62.99,Home Kitchen,6,200,12.7,800.0,True
B0F99KD5K2,"Airversa Waterless Essential Oil Diffuser Starter Kit with 4 x 10mL Hotel Scent Fragrance Oil, Battery Operated Mini Scent Air Machine Portable Diffuser for Home Car Office, AN8 Kit Black",4.4,615,False,False,43,4K+ bought in past month,39.99,45.99,Home Kitchen,6,4000,13.0,17600.0,True
B08PCZDV3G,"Jetec 10 Pieces Cabinet Locks for Babies, U-Shaped Proofing Drawers Safety Child Locks Adjustable, Easy to Use Childproof Latch for Knob Handle on Kitchen Door Storage Cupboard Closet (White)",4.5,5958,False,False,44,4K+ bought in past month,13.99,15.99,Home Kitchen,6,4000,12.5,18000.0,True
B0FRMWXP3P,"Kitchen Sink Faucet Mat, 2025 New Foldable Faucet Mat for Kitchen Sink, 30in Silicone Faucet Guard & Draining Mat Keep Countertops Dry Splash Guard (Black, 30in)",4.0,151,False,False,45,200+ bought in past month,16.99,,Home Kitchen,6,200,,800.0,False
B0F8QPP579,"Handheld Steam Cleaner, Pressurized 15s Instant Heat Steam Cleaner for Home, Upgrade 650ML Tank, Lightweight Portable Steamer for Cleaning Kitchen, Grout, Furniture, Couch, Car and Bathroom",4.2,412,False,False,46,3K+ bought in past month,59.99,69.99,Home Kitchen,6,3000,14.3,12600.0,True
B0FJ7YT3XZ,Homde 2-Tier Under Sink Organizer: 2pcs Set Adjustable Pull Out Drawer Undersink Cabinet Storage Rack for Home Kitchen Bathroom,4.7,62,False,False,47,300+ bought in past month,26.99,29.99,Home Kitchen,6,300,10.0,1410.0,True
B0DFZG4CR3,Martha Stewart 16 Piece Lockton High Carbon Stainless Steel Cutlery Kitchen Knife Block Set W/ABS Tripe Riveted Forged Handle Acacia Wood Block - Linen White W/Gold,4.4,298,False,False,48,1K+ bought in past month,84.99,,Home Kitchen,6,1000,,4400.0,False
B08PDQDBFL,"Amazon Basics Rectangular Commercial Office Wastebasket, Easy to Clean, Lightweight, 10 Gallon, Blue, Recycle Logo",4.7,12369,False,False,1,3K+ bought in past month,21.47,,Home Kitchen,7,3000,,14100.0,False
B0FF4515N3,"15pcs Crevice Cleaning Brush, Hard Bristle Scrub Brushes Tools, Multifunctional Grout Brush for Home, Bathroom, Ktichen, Window and Corners",4.7,379,False,False,2,5K+ bought in past month,5.99,,Home Kitchen,7,5000,,23500.0,False
B07H7ZDBV4,OTOTO Splatypus Jar Spatula for Scooping and Scraping - Unique Fun Cooking Kitchen Gadgets for Foodies - BPA-free & 100% Food Safe - Crepe Spreader,4.7,5130,False,False,3,500+ bought in past month,14.95,17.95,Home Kitchen,7,500,16.7,2350.0,True
B0CZDRB15F,"NIIMBOT D110 Upgraded Version Mini Label Maker Machine with Tape, Portable Bluetooth Thermal Printer, Sticker Labeler with Multiple Templates for Office Organization Home Kitchen School, Blue",4.6,2987,False,False,4,200+ bought in past month,18.99,29.99,Home Kitchen,7,200,36.7,920.0,True
B0BZCTXKPZ,"Vtopmart 4 Pack Large Stackable Storage Drawers,Easily Assemble Acrylic Bathroom Closet Undersink Organizers and Storage,Plastic Bins for Kitchen Cabinets,Pantry,Makeup,Medicine Organization",4.7,5040,False,False,5,10K+ bought in past month,34.99,38.99,Home Kitchen,7,10000,10.3,47000.0,True
B0DN6TVSMJ,"40pc Set Glass Food Storage Containers & Bowls with Airtight Lids - Leakproof BPA-Free Meal Prep Airtight Stackable Lunch Boxes, Kitchen Pantry & Storage Organizers - Microwave Freezer Dishwasher Safe",4.5,509,False,False,6,1K+ bought in past month,54.99,69.99,Home Kitchen,7,1000,21.4,4500.0,True
B0CQ21LGF1,Funny Chicken Gifts Chicken Tin Sign for Home Farm Chicken Coop Farmhouse Kitchen Garden Decor 8 X 12 Inch (3021),4.8,1524,False,False,7,200+ bought in past month,9.99,13.99,Home Kitchen,7,200,28.6,960.0,True
B016RZF24A,"Full Circle Be Good - Bamboo Handle Dish Brush – Sustainable Kitchen Cleaning with Tough Bristles - Natural Dish Scrubber, Nonstick & Cast Iron Cleaner - Long Handle Brush for Dishes, Pots, and Pans",4.6,10922,False,False,8,2K+ bought in past month,9.22,,Home Kitchen,7,2000,,9200.0,False
B0C3LPD8FZ,"Wood Risers for Decor Display, Bathroom Counter Sink Decor, Dish Soap Tray Wood Tray for Kitchen Counter, Small Wooden Soap Stand, Wood Soap Pedestal, Soap Dispenser Stand Modern Farmhouse",4.7,1140,False,False,9,2K+ bought in past month,8.98,11.98,Home Kitchen,7,2000,25.0,9400.0,True
B0CDV36NF6,"360 Count Clear Plastic Spoons Disposable, BPA-Free, Heat Resistant, Solid and Durable Disposable Spoons Heavy Duty Bulk, Premium Spoons plastic disposable for Party Supply",4.8,1499,True,False,10,10K+ bought in past month,25.99,29.98,Home Kitchen,7,10000,13.3,48000.0,True
B08WHLDMNX,"No Peeling Required Garlic Press Stainless Steel with Detachable Handle for Fine Mincing-Premium Garlic Mincer Tool, Rust-Proof, Easy to Clean, Dishwasher Safe Garlic Crusher with Lifetime Replacement",4.4,6361,True,False,11,1K+ bought in past month,29.99,,Home Kitchen,7,1000,,4400.0,False
B0B6RHR6C1,"12Pcs Steel Wool Scrubber Pads for Cleaning Dishes, Pans, Pots, Ovens, Grills, Sinks - Stainless Steel Scrubbers for Kitchen, 12 Pack",4.6,1267,True,False,12,3K+ bought in past month,12.98,,Home Kitchen,7,3000,,13800.0,False
B077LHQ5QH,"Vgo... 10-Pairs Reusable Household Gloves, Rubber Dishwashing gloves, Extra Thickness, Long Sleeves, Kitchen Cleaning, Working, Painting, Gardening, Pet Care (Size M, Yellow, HH4601)",4.4,16665,True,False,13,50+ bought in past month,64.98,,Home Kitchen,7,50,,220.0,False
B0CS3TLL78,"Magic Sponge Erasers, 20 Pack 2X Density Stronger Melamine Sponge Foam Pads, Multi-Functional Household Cleaning Supplies Cleaner for Kitchen, Bathroom, Bathtub, Sink, Wall Cleaner",4.5,1569,True,False,14,4K+ bought in past month,14.99,,Home Kitchen,7,4000,,18000.0,False
B09QZNS8LR,"DINDON 2 Tier Pull Out Cabinet Organizer (11""W X 21""D), Double Tier Wire Basket Slide Out Shelf Storage for Kitchen Base Cabinet Organization ​for Kitchen, Pantry, Bathroom, Chrome",4.6,1409,False,False,15,100+ bought in past month,78.99,,Home Kitchen,7,100,,460.0,False
B0DFZG4CR3,Martha Stewart 16 Piece Lockton High Carbon Stainless Steel Cutlery Kitchen Knife Block Set W/ABS Tripe Riveted Forged Handle Acacia Wood Block - Linen White W/Gold,4.4,298,False,False,16,1K+ bought in past month,84.99,,Home Kitchen,7,1000,,4400.0,False
B0084M695G,"Command Large Caddy, Holds up to 4 lb, 8.6"" x 3.1"" x 3"", 1 Caddy with 4 Strips, Damage-Free Organization Wall Mount to Cabinet, Kitchen, Pantry, Closet, or Under Sink",4.4,10639,False,False,17,2K+ bought in past month,6.39,8.99,Home Kitchen,7,2000,28.9,8800.0,True
B0912RHSW3,"UUJOLY Plastic Storage Baskets with Handles, Shower Caddy Shelf Organizers Basket for Bathroom, Kitchen, Dorm Room, Yellow",4.7,1229,False,False,18,300+ bought in past month,15.99,17.99,Home Kitchen,7,300,11.1,1410.0,True
B0CVVNWPZ1,"4 PACK Magnetic Dry Erase Board Sheet for Fridge, 12""x8"" Erasable Refrigerator WhiteBoard w/ 6 Markers & 1 Eraser- Smooth and Flexible Small Magnet Blank Notepad for Home Kitchen Organizer and Planner",4.7,2539,False,False,19,6K+ bought in past month,9.99,11.99,Home Kitchen,7,6000,16.7,28200.0,True
B0C9H8QK29,"Pull-out Home Organizer, 2 Pack 2 Tier Clear Bathroom Organizer with Dividers, Multipurpose Vanity Counter Tray, Kitchen, Closet Organizers, Cabinet & Storage Container Bins",4.3,1449,False,False,20,,21.64,28.99,Home Kitchen,7,,25.4,,True
B08NCZCGLL,"Talented Kitchen Minimalist Bathroom Labels for Organizing - 174 Labels, 2.5"" x 2.5"" & 2.5"" x 0.75"", Black on White - Stickers for Jars & Bottles - Water-Resistant for Medicine Cabinet",4.6,572,False,False,21,,12.99,,Home Kitchen,7,,,,False
B0FPH7CYQ5,"Ceramic Foaming Soap Dispenser, 12 oz Bathroom Foam Hand Soap Dispenser, Refillable Lotion Soap Dispenser with Removable Pump for Kitchen Hand Wash Dispenser, Modern Home Decor(2Pack-White)",4.5,526,False,False,22,100+ bought in past month,25.99,,Home Kitchen,7,100,,450.0,False
B072J8Z2VF,STANLEY HOME PRODUCTS Original Degreaser - Removes Stubborn Grease & Grime - Powerful Multipurpose Cleaning Solution for Home & Commercial Use (1 Pack),4.6,3674,False,False,23,200+ bought in past month,19.99,,Home Kitchen,7,200,,920.0,False
B08CDRDRGC,SunnyPoint NeverRust Deluxe Kitchen & Bathroom Sink Sponge Holder Organizer with Adhesive Mount - Additional Suction Cup Included – Sponge & Brush NOT Included – 7.4 x 3.3 x 2.75 Inch,4.3,6888,True,False,24,4K+ bought in past month,12.99,14.89,Home Kitchen,7,4000,12.8,17200.0,True
B0CF78YMFW,"S’well Stainless Steel 64oz Salad Bowl Kit, Pink Topaz Color, Comes with 2oz Mini Canister and Removable Tray for Organization, Leakproof and Dishwasher Safe",4.6,2183,True,False,25,400+ bought in past month,40.0,49.99,Home Kitchen,7,400,20.0,1840.0,True
B0D5D489XK,"Yofidra Kitchen Sink Caddy: Sink Sponge with Instant Drying Stone, Metal Stainless Steel Dish Sponge Holder Basket for Sponges, Scrubbers, Soap, 9.5"" X 5.5"" X 5.7"" Home Decor Storage and Organization",4.6,1171,True,False,26,100+ bought in past month,19.99,24.99,Home Kitchen,7,100,20.0,460.0,True
B0G4XWP56S,"Le'raze 13-in-1 Vegetable Chopper Pro with Glass Container, Stainless Steel Blades, BPA-Free, Mandoline Slicer, Manual",4.0,44,True,False,27,100+ bought in past month,26.95,39.99,Home Kitchen,7,100,32.6,400.0,True
B0BZZDCNK3,"All-Purpose Stainless Steel Shower Squeegee for Shower Doors with 2 Adhesive Hooks, Bathroom Cleaner Tool Household Window Mirror Squeegee for Home Cleaning, Glass Door, Tile Wall, Car, 10 Inch Black",4.6,16019,True,False,28,3K+ bought in past month,12.99,18.98,Home Kitchen,7,3000,31.6,13800.0,True
0736076115,The Outdoor Athlete,4.2,69,False,False,1,,27.33,,Sports Outdoors,1,,,,False
B071DNYSPB,Tough Outdoors Cooling Towels for Neck Face - Neck Cooling Towel for Hot Weather Yoga Sports Golf Sweat - Instant Cold Towel,4.5,8744,False,False,2,50+ bought in past month,6.83,9.49,Sports Outdoors,1,50,28.0,225.0,True
B0C9D6VTTH,NORTHYARD Men's Sun Protection Shirts UPF 50+ Long Sleeve Swim Rash Guard Shirt Running Workout Athletic Hiking UV Fishing,4.6,2006,False,False,3,,19.99,,Sports Outdoors,1,,,,False
B0DK79V8DV,Water Shoes for Women Men Slip-on Barefoot Aqua Yoga Socks Non-Slip Quick-Dry Lightweight Footwear for Swim Pool Beach Surf River,4.3,596,False,False,4,,9.89,,Sports Outdoors,1,,,,False
B07WG2XZK6,"TRENDOUX Merino Wool Winter Gloves for Men Women, Cold Weather Warm Touchscreen Unisex, Non-slip, Knit Elastic Cuff",4.4,5109,False,False,5,50+ bought in past month,6.99,9.99,Sports Outdoors,1,50,30.0,220.0,True
B0CHW7TCTW,Women Men Ski-Snow-Gloves Warm Winter-Gloves-Mittens Non Slip Waterproof-Gloves for Skiing-Snowboarding Outdoor Sports,4.3,81,False,False,6,,7.98,8.98,Sports Outdoors,1,,11.1,,True
B0DKXC3SC1,Sport Sunglasses for Men Women Running Cycling Sunglasses Polarized for Outdoors,3.5,4,False,False,7,,5.17,,Sports Outdoors,1,,,,False
B09JNFX6LC,Under Armour Men's Tech 2.0 Short-Sleeve T-Shirt,4.6,104257,False,False,8,500+ bought in past month,19.99,25.0,Sports Outdoors,1,500,20.0,2300.0,True
B074MBYR1B,"Running Speed Chute Resistance Parachute 56 inch Powerchute Umbrella Training Sprint Power Soccer Trainer for Runner, Football, Soccer Drilling",4.3,1498,False,False,9,300+ bought in past month,8.99,,Sports Outdoors,1,300,,1290.0,False
B0CSS4528F,Spesoul Womens Mens Water Shoes Quick Dry Beach Swim Shoes Barefoot Aqua Socks Outdoor Sand Socks for Pool River Diving,4.4,657,False,False,10,,12.69,13.99,Sports Outdoors,1,,9.3,,True
B0CBMCTMMF,Camo Balaclava Face Mask for Man and Women-Hunting，Skiing，Motorcycle Windproof，UV Protection&Military Training,4.6,257,False,False,11,,9.99,,Sports Outdoors,1,,,,False
B0F6LK8PZT,"5 Pack Neck Gaiter Face Cover for UV Sun Protection, Dustproof Breathable Cooling Gator for Men Women Outdoor Sports",4.6,364,False,False,12,,7.99,8.99,Sports Outdoors,1,,11.1,,True
B0877BHB75,adidas Men's Team Base T-Shirt,4.4,674,False,False,13,,19.99,25.0,Sports Outdoors,1,,20.0,,True
B0DJ6X8MTJ,NORTHYARD Quarter Zip Pullover Men Running Shirt Long Sleeve Moisture Wicking Quick Dry Athletic Workout Shirts,4.5,2231,False,False,14,,23.99,,Sports Outdoors,1,,,,False
B09F9FDC6B,Compression Shirts Men Long Sleeve Athletic Thermal Shirt Workout Cool Dry Running Tops Sports Gym Undershirt Base Layer Tops,4.5,258,False,False,15,,8.98,,Sports Outdoors,1,,,,False
B0DQXJ1V1R,"Folding Backpack Cycling Sports Backpack Lightweight, Gray",3.6,14,False,False,16,,6.18,,Sports Outdoors,1,,,,False
B0DPFZK7HD,"Polarized Mens Sports Sunglasses, Sports Sunglasses for Men Sun Glasses for Running Cycling Outdoor",4.2,41,False,False,17,,6.96,,Sports Outdoors,1,,,,False
B08B5PFDTH,BASSDASH UPF 50+ UV Sun Protection Neck Gaiter Fishing Mask Hunting Kayaking Hiking Cycling Ski Sports,4.6,11427,False,False,18,,8.48,,Sports Outdoors,1,,,,False
1422237079,Mountain Sports (Adventurous Outdoor Sports),,,False,False,19,,,,Sports Outdoors,1,,,,False
B0BQYL9575,"EAZYRUN S24 Activate your Life! Small Polarized Baseball Sunglasses for Kids Youth, Running Softball Cycling Outdoor Sports",4.2,101,False,False,20,,9.99,,Sports Outdoors,1,,,,False
B0FG2PG9S2,"Set of 10 Extra Loud Whistles for Camping Hiking Hunting Outdoors Sports and Emergency Situations, Sturdy but Light Aluminium Key Chain Signals",5.0,3,False,False,21,,3.97,,Sports Outdoors,1,,,,False
B0FDGW2P1Q,"Shuffle Up American Football Card Game – Kids Outdoor Garden Games with 70+ Fun & Active Fitness Workout Cards, American Football Gifts for Boys & Girls, Fun Family Games",5.0,27,False,False,22,,29.99,35.99,Sports Outdoors,1,,16.7,,True
B0DNSL3QY6,"1pcs Portable Disposable Emergency Raincoats Keychain, Rain Poncho In A Ball For Traveling Hiking Fishing Camping",4.2,89,False,False,23,50+ bought in past month,2.39,,Sports Outdoors,1,50,,210.0,False
0917895177,The Outdoor Athlete: Total Training for Outdoor Performance,4.4,5,False,False,24,,25.0,,Sports Outdoors,1,,,,False
B0F59L8YWD,"Tri-Frequency Survival Sports Whistle - 120dB Loud Emergency Safety Whistle for Outdoor Sports, Hiking, Camping, Referee, Coaching, Storm Warning, Earthquake Survival Gear",4.2,7,False,False,25,,2.85,,Sports Outdoors,1,,,,False
B0CKF2C3HL,"4-in-1 Large Camping Blankets - Waterproof, Windproof Fleece Outdoor Blankets for Stadium, Sports, Car, Concert - 81""x57"", Portable (Royal Blue)",4.5,116,False,False,26,,24.99,,Sports Outdoors,1,,,,False
B0DJ33CJN4,"Sports Sunglasses for Men Women, 80s Cycling Outdoor Shield Baseball Sunglasses",4.1,50,False,False,27,,7.34,,Sports Outdoors,1,,,,False
B0FNN173RJ,"Multi-Function Heavy Duty Combat Belt - Adjustable Nylon Webbing Tactical Belt for Outdoor Sports, Hiking & Work - Durable Canvas Waistband with Buckle for Men & Women - Army Style Gear Accessories",1.3,6,False,False,28,50+ bought in past month,2.83,,Sports Outdoors,1,50,,65.0,False
B0DQXGSZ6Z,Lightweight Folding Backpack Waterproof Sports Outdoor Backpack Green,4.2,6,False,False,29,,14.02,,Sports Outdoors,1,,,,False
B0DT79NPQX,"24-Tooth Steel Spikes Shoe Covers - Non-Slip Ice & Snow Grip for Hiking, Climbing, Walking, Running & Hunting",4.5,6,False,False,30,,6.02,,Sports Outdoors,1,,,,False
B0F52TJKYL,Tatuo Unisex Neck Gaiter UV Face Cover Sun Protection Neck Drape Multifunctional 2 in 1 Face Covering for Outdoor Sports Fishing,4.1,410,False,False,31,,7.99,,Sports Outdoors,1,,,,False
B0FXV4KBFB,Men’s Fleece Lined Compression Shirt Thermal Long Sleeve Base Layer Top for Winter Running Training Gym Workout Cold Weather,3.9,30,False,False,32,100+ bought in past month,12.75,,Sports Outdoors,1,100,,390.0,False
B0CP62YJ1S,56inch Running Speed Training Speed Chute Resistance Parachute,4.4,60,False,False,33,,9.97,12.99,Sports Outdoors,1,,23.2,,True
B0DJ2TPQ1F,"5 Pack Sports Headbands for Men, Sweatband Sports Headband for Running, Cycling, Basketball, Football, Yoga, Hairband for Women and Men",4.3,98,False,False,34,,4.56,,Sports Outdoors,1,,,,False
B0DJTJVQ55,Under Armour Men's Project Rock Brahma Bull Long Sleeve,4.6,124,False,False,35,,23.44,40.0,Sports Outdoors,1,,41.4,,True
B0DPY992NB,"Porous Canvas Belt, Men's Pin Buckle Belt, Adjustable Buckle Nylon Waist Belt Cloth, Outdoor Sports Belt for Men Women-Black",4.4,22,False,False,36,,5.98,,Sports Outdoors,1,,,,False
B0DKJR4S28,Insulated Thermal Winter Gloves with Touchscreen Compatibility - Waterproof Design for Outdoor Sports,3.9,20,False,False,37,,8.85,,Sports Outdoors,1,,,,False
B0FCMLRRQ7,"Set of 5 Extra Loud Whistles for Camping Hiking Hunting Outdoors Sports and Emergency Situations, Sturdy but Light Aluminium Key Chain Signals",4.8,5,False,False,38,,3.04,,Sports Outdoors,1,,,,False
B0FJQCDBHD,"Outdoor Sports Backpack for Men and Women – Ultra-Lightweight, Foldable, Waterproof with Multiple Compartments and Zipper Closure – Perfect for Running, Hiking, Gym – A Stylish Gift Choice(Black)",3.1,2,False,False,39,,15.12,,Sports Outdoors,1,,,,False
B0DQX89GF5,"Waterproof Backpack Outdoor Sports Backpack for Camping Hiking,Large capacity Green",3.9,2,False,False,40,,5.35,,Sports Outdoors,1,,,,False
B0FN6ZH693,"Sukeen Winter Gloves Men Women, Touchscreen Thermal Waterproof Gloves for Cold Weather, Runing Cycling Hiking Driving Outdoor Gloves",4.1,43,False,False,41,,6.99,,Sports Outdoors,1,,,,False
B0F8HY51B5,Molle Dump Pouch Roll-Up Drawstring Magazine Utility Pouch Folding Dump Bagl,4.6,9,False,False,42,50+ bought in past month,8.12,,Sports Outdoors,1,50,,230.0,False
B0FSK324WW,Thermal Gloves Cold Weather Touchscreen Insulated Gloves with Anti-Slip for Men Women Outdoor Running Cycling Sports,4.1,34,False,False,43,,9.68,,Sports Outdoors,1,,,,False
B0G6KQBRJ4,"Men's Breathable Ice Shreds Quick Drying T-Shirt, Cooling Athletic Top, Lightweight Short Sleeve Tee for Sports, 1 Piece",4.0,18,False,False,44,100+ bought in past month,9.56,,Sports Outdoors,1,100,,400.0,False
B0DKX9VD4Z,Polarized Mens Sunglasses Sports Sunglasses for Men Women for Running Cycling 3 Pack,3.6,49,False,False,45,,11.64,,Sports Outdoors,1,,,,False
B0F6MDWXYD,"2 Pieces UPF 50+ Balaclavas Ski Mask for Men and Women,UV Protector Helmets Face Mask,Suitable for Outdoor Sports",4.4,7,False,False,46,,5.79,,Sports Outdoors,1,,,,False
B0FX3K787Y,Half Finger Anti-Slip Gloves Premium Cool Dessert Gloves For Cycling Hiking Training Outdoor Sports,4.8,7,False,False,47,,4.97,,Sports Outdoors,1,,,,False
B0B2KHLTP4,Quick Dry Hiking Shorts Men's Cargo Casual Outdoor 4-Way Stretchy Lightweight Summer Short with Multi Pockets 30-46 (No Belt),4.2,2654,False,False,48,,29.88,,Sports Outdoors,1,,,,False
B0DS1VPS23,"Toss and Catch Ball Game - Ideal Outdoor Beach, Pool & Yard Toy for Toddlers and Kids Ages 4, 5, 6, 7, 8+, Perfect for Boys Girls - Great Birthday Gift & Stocking Stuffers",4.8,257,True,False,1,50+ bought in past month,24.29,26.99,Sports Outdoors,2,50,10.0,240.0,True
B0CHMHCK3V,"unenow Merino Wool Ski Socks Kids 2 Pairs, Winter Warm Snowboarding Thermal Socks for Boys Girls Toddlers",4.7,228,True,False,2,50+ bought in past month,18.99,,Sports Outdoors,2,50,,235.0,False
B0B7RY8BJQ,"Mythinglogic Sports Equipment Garage Organizer,Garage Ball Storage for Sports Gear and Toys, Rolling Ball Cart with Wheels for Indoor/Outdoor Use",4.7,1528,True,False,3,500+ bought in past month,89.99,119.99,Sports Outdoors,2,500,25.0,2350.0,True
B0FQV5KCFQ,"SKEO 3.0LBS Weighted Basketball, 29.5"" Trainer Heavy Basketballs Made of Composite, Indoor Outdoor Training Ball for Improving Ball Handling Dribbling and Rebounding Skills (Deflated, Size 7)",5.0,1,True,False,4,,29.88,,Sports Outdoors,2,,,,False
B0CGZXGCRX,"Hylaea Merino Wool Ski Socks, Cold Weather Socks for Snowboarding, Snow, Winter, Thermal Knee-high Warm Socks, Hunting",4.5,7104,False,False,5,50+ bought in past month,22.6,30.99,Sports Outdoors,2,50,27.1,225.0,True
B07RS1F675,GADIEMKENSD Reflective Folding Outdoor Hat Unstructured Design UPF 50+ Sun Protection Sport Hats for Womens and Mens,4.5,8631,False,False,6,200+ bought in past month,12.99,,Sports Outdoors,2,200,,900.0,False
B0009KF59W,"WILSON NCAA Final Four Basketball - 29.5"" and 28.5""",4.7,9178,False,False,7,3K+ bought in past month,19.99,26.95,Sports Outdoors,2,3000,25.8,14100.0,True
B0B7RY8BJQ,"Mythinglogic Sports Equipment Garage Organizer,Garage Ball Storage for Sports Gear and Toys, Rolling Ball Cart with Wheels for Indoor/Outdoor Use",4.7,1528,True,False,8,500+ bought in past month,89.99,119.99,Sports Outdoors,2,500,25.0,2350.0,True
B0D2XSBD28,"Compression Socks for Women Men Circulation Knee High 8 Pairs for Nurses, Running, Travel, Athletic",4.6,3549,True,False,9,50+ bought in past month,19.99,26.99,Sports Outdoors,2,50,25.9,230.0,True
B088H5DWV3,WEERTI Thermal Underwear for Women Long Johns with Fleece Lined Base Layer Women Cold Weather Top Bottom,4.5,12643,True,False,10,4K+ bought in past month,24.99,39.99,Sports Outdoors,2,4000,37.5,18000.0,True
B07CNZ95WV,"Move2Play, Hilariously Interactive Toy with Music & Sound Effects for Boy & Girl | Ball for Toddler & Baby | 6, 12, 18+ Months | 1, 2, 3+ Year Old",4.4,9071,True,False,11,900+ bought in past month,24.99,,Sports Outdoors,2,900,,3960.0,False
B0D74R6Y89,"Compression Running Socks, Bamboo Viscose Coolmax Moisture-Wicking Anti-Blister Athletic Hiking Workout Gym Padded",4.4,930,True,False,12,50+ bought in past month,24.99,,Sports Outdoors,2,50,,220.0,False
B0DSG82X9M,"KOREA (Type G) UV Sun Protection Balaclava Half Face Mask - For Golf, Hiking, Running, Cycling & Outdoor Sports",4.4,80,False,False,13,,25.99,,Sports Outdoors,2,,,,False
B0CVWZ425J,"Polarized Sport Sunglasses for Men and Women, Lightweight TR90 Sun Glasses with UV Protection for Cycling Running",4.5,947,False,False,14,,24.99,,Sports Outdoors,2,,,,False
B07HHQYV45,Franklin Sports Kids Soccer Goal with Ball & Pump - 24 X 16,4.4,6153,False,False,15,1K+ bought in past month,26.48,29.99,Sports Outdoors,2,1000,11.7,4400.0,True
B0DR8NSJ5K,"Sports Equipment Organizer, Garage Storage with Basket and Hooks, Rolling Cart with Wheels for Toy Sports Gear Storage, Ball Rack for Indoor/Outdoor",3.8,67,False,False,16,300+ bought in past month,59.99,89.99,Sports Outdoors,2,300,33.3,1140.0,True
B0F635LK8F,Men's Digital Watch Sports Outdoor Waterproof Watches for Men with LED Backlight Alarm Stopwatch Mens Watches Digital Chronograph Military Date,4.5,209,False,False,17,100+ bought in past month,16.99,,Sports Outdoors,2,100,,450.0,False
B07BHJFSV7,Sport-Brella Versa-Brella SPF 50+ Adjustable Umbrella with Universal Clamp,4.2,28553,False,False,18,400+ bought in past month,34.57,54.99,Sports Outdoors,2,400,37.1,1680.0,True
B0GCKQFSV6,ANLUKE Kids Boys Girls Water Shoes Barefoot Aqua Socks Fast Dry Beach Swim Outdoor Sports Shoes for Toddler,4.1,2348,False,False,19,,8.99,9.99,Sports Outdoors,2,,10.0,,True
B0F31KRF24,"8.5” Sports Balls for Kids & Toddlers - (Pack of 4) Rubber Inflatable Multi-Sport Ball Set - Football, Soccer Ball, Basketball, Playground Ball & Pump - Birthday Gift Toys for Boys & Girls",4.6,1374,False,False,20,300+ bought in past month,16.99,24.99,Sports Outdoors,2,300,32.0,1380.0,True
B0GBW5YX63,TBMPOY Men's Lightweight Hiking Travel Pants Athletic Outdoor Sports Elastic Waist Water Resistant Sweatpants 2 Pockets,4.3,7611,False,False,21,50+ bought in past month,24.28,26.98,Sports Outdoors,2,50,10.0,215.0,True
B0002BY55S,"Champion Sports Rubber Volleyballs – Durable Official Size Balls for Game & Practice Use, Indoor/Outdoor Play",4.2,3051,False,False,22,,44.19,51.99,Sports Outdoors,2,,15.0,,True
B0BNMG595X,"Rainbow Sports Balls Pack of 4, 1 Each of 8.5"" Football, Basketball, Soccer and Volleyball for Playground, Inflatable Multi-Sport Ball Set with 1 Pump for Kids Outdoor Activities",4.5,349,False,False,23,300+ bought in past month,23.99,,Sports Outdoors,2,300,,1350.0,False
B0DLKGBC8J,"Pickleball Balls, Outdoor Pickleballs USAPA Approved, Enhanced Durability Pickle Ball with Roto-Molded & Seamless Design, 40 Holes Green Pickleballs for Beginners Professionals",4.4,215,False,False,24,400+ bought in past month,4.99,,Sports Outdoors,2,400,,1760.0,False
B0F4QX8HMS,"iPlay, iLearn Toddler Baseball Toy, Boy Toss Catching Ball Game Toy W/ 2 Gloves 6 Soft Balls, Sport Outdoor Yard Beach Play for Family Activities, Fun Birthday Gifts 3 4 5 6 7 8-12 Year Old Girl Kids",4.9,28,False,False,25,100+ bought in past month,19.99,23.99,Sports Outdoors,2,100,16.7,490.0,True
B0FXGLBDC7,Heated Oversized Camping Chair 3 Level Heating Heavy Duty Padded Folding Camping Chairs for Adults with Cup Holder for Outdoor Sports Lawn Garden,4.5,269,False,False,26,50+ bought in past month,99.99,129.99,Sports Outdoors,2,50,23.1,225.0,True
B0DR56ZF25,LN LENQIN Mens Watches Digital Military Watch for Men Stopwatch Army Survival Tactical Sports Outdoor Big Face Waterproof Men's Wrist Watches with LED Backlight/Timer/Alarm/Date,4.3,248,False,False,27,300+ bought in past month,9.99,15.99,Sports Outdoors,2,300,37.5,1290.0,True
B0C1SXKZCG,8 Pcs Sports Balls Set Include Basketball Football Soccer Volleyball with 2 Sport Equipment Bags 2 Pumps for Adult Outdoor Sports Gifts,4.4,25,False,False,28,50+ bought in past month,64.39,77.99,Sports Outdoors,2,50,17.4,220.0,True
B00SV0KLNM,Kijaro Portable Camping Chairs - Enjoy the Outdoors with a Versatile Folding Sports Chair for Outdoor & Lawn - Dual Lock Feature Locks Position – Hallet Peak Gray,4.7,19104,False,False,29,50+ bought in past month,45.0,55.0,Sports Outdoors,2,50,18.2,235.0,True
B0FMPRLCCZ,"Sling Bag Small Crossbody Bags for Women, Cross Body Bag Sling Backpack for Outdoors Sports Hiking - Beige",4.3,6730,False,False,30,300+ bought in past month,12.85,16.95,Sports Outdoors,2,300,24.2,1290.0,True
B09ZKSPHGY,Jefoo Polarized Aviator Sunglasses for Women Men Retro Trendy Sports Sunglasses for Outdoor UV400 Protection,4.6,1671,False,False,31,50+ bought in past month,23.99,,Sports Outdoors,2,50,,230.0,False
B09P9WR7NF,"Wicked Big Sports Amazon Exclusive Updated Soccer Ball-Supersized Soccer Ball Outdoor Sport Tailgate Backyard Beach Game Fun for All, (99959)",3.8,717,False,False,32,,12.14,,Sports Outdoors,2,,,,False
B0C9BLDRYS,"3-in-1 Baseball Set for Kids 3-5 - Tee Ball Stand, Hanging Tee, Ball Launcher and 6 Softballs - Adjustable Height, Indoor/Outdoor Sport Gifts for Boys Girls, Blue",4.2,2306,False,False,33,2K+ bought in past month,29.99,36.99,Sports Outdoors,2,2000,18.9,8400.0,True
B074K23YG7,OutdoorMaster Ski Goggles PRO Replacement Lens - 20+ Choices,4.7,3637,False,False,34,100+ bought in past month,24.99,,Sports Outdoors,2,100,,470.0,False
B0DC462Z6N,"Collapsible Water Bottles, Silicone Foldable Water Bottle 610ml, BPA-Free Portable Reusable Leakproof Bottle for Gym Travel Camping Hiking Sports Outdoor, 1 Pack (Dark Blue)",4.0,3034,False,False,35,100+ bought in past month,7.99,,Sports Outdoors,2,100,,400.0,False
B0DBPLRVRS,"rivmount Winter Waterproof Ski Snow Warm Gloves for Women Men, Windproof Cold Weather Thermal with Touchscreen Fingers, for Running Driving Cycling Hiking Biking Outdoor Sports Daily Work",4.4,3801,False,False,36,1K+ bought in past month,16.99,19.99,Sports Outdoors,2,1000,15.0,4400.0,True
B0CRV2GLG3,ziitop Womens Hiking Water Shoes for Women Quick Dry Outdoor Sport Sneakers Non Slip Lightweight Breathable Summer Trekking and Walking Climbing Shoe,4.4,312,False,False,37,,32.38,35.98,Sports Outdoors,2,,10.0,,True
B07XMM6WHB,"Franklin Sports Kids Foam Football - Mini Soft Foam Youth Football - Indoor + Outdoor Toy Ball for Kids - Probrite 9"" Mini Ball - Soft Backyard + Practice Toy - Yellow",4.6,2980,True,False,38,1K+ bought in past month,10.1,14.99,Sports Outdoors,2,1000,32.6,4600.0,True
B0CG2LW9RN,"Little Tikes T-Ball Set, Red, 5 Balls, for Toddlers Ages 18+ Months – Amazon Exclusive",4.8,1536,False,False,39,3K+ bought in past month,22.99,,Sports Outdoors,2,3000,,14400.0,False
B09GNQD678,"Nerf Mini Foam Sports Ball Set - Foam Football, Soccer Ball + Basketball Soft Sports Toy for Kids",4.7,994,False,False,40,1K+ bought in past month,19.99,29.99,Sports Outdoors,2,1000,33.3,4700.0,True
B0B5MBBK54,"Crocodile Creek Playground Ball - Durable Rubber Ball for Kids Ages 3 and Up - Bouncy Inflatable Ball for Kickball, Indoor Games, and Outdoor Sports - PVC-Free - Bugs and Spiders - 5-inch Diameter",4.1,3448,False,False,41,100+ bought in past month,12.99,,Sports Outdoors,2,100,,410.0,False
B0FW5FY7TB,"4 PACK Polarized Sport Sunglasses for Women Men UV Protection,Running Cycling Fishing Sunglasses Outdoor",4.5,54,False,False,42,,15.99,,Sports Outdoors,2,,,,False
B0CZPF3278,"YardPong – Giant Yard Pong and Basketball Game with 12 Buckets, 2 Balls, Carrying Bag, and Air Pump – Outdoor Game for Lawn, Backyard, Beach, and Family Fun",4.7,79,True,False,43,50+ bought in past month,139.95,,Sports Outdoors,2,50,,235.0,False
B0CVXCD5QT,"Finger Tape, White Extra Strong 0.6-Inch x 32-feet Athletic Tape for Fingers Feet Sweat Volleyball Finger Tape for Outdoor Sports Climbing Football (2)",4.6,274,False,False,44,1K+ bought in past month,5.99,,Sports Outdoors,2,1000,,4600.0,False
B08BC4HDS2,Workout Shirts for Men Short Sleeve Quick Dry Athletic Gym Active T Shirt Moisture Wicking,4.5,13038,False,False,45,700+ bought in past month,26.99,29.99,Sports Outdoors,2,700,10.0,3150.0,True
B07VLJW7SC,"Best Outdoor Adventures Chattanooga: A Guide to the Area's Greatest Hiking, Paddling, and Cycling (Best Adventures Near)",4.9,9,False,False,46,,21.99,26.95,Sports Outdoors,2,,18.4,,True
B0F6LK8PZT,"5 Pack Neck Gaiter Face Cover for UV Sun Protection, Dustproof Breathable Cooling Gator for Men Women Outdoor Sports",4.6,364,False,False,47,,7.99,8.99,Sports Outdoors,2,,11.1,,True
B0F2WZ34JS,"EastPoint Spring Fling Bounce Game - Black/Blue Durable PVC Construction - 6 Balls, 20in Trampoline & 29.5in x 24in Target - Dynamic Reflex Game, Sports Activities for Boys, Organizer for Easy Storage",4.3,121,True,False,48,400+ bought in past month,37.48,,Sports Outdoors,2,400,,1720.0,False
B0CNTVH4LN,"AND1 Fantom Graffiti Rubber Basketball - Streetball for Indoor and Outdoor Use, Deep Channel Construction and Durability",4.5,3112,True,False,49,100+ bought in past month,16.99,17.99,Sports Outdoors,2,100,5.6,450.0,True
B08HVPBQJT,VULKIT 2 Pack Neck Gaiter Face Mask Scarf Reusable Bandanas Tube UV Protection Balaclava Outdoor Sport for Men and Women,4.5,3227,False,False,50,50+ bought in past month,8.99,9.99,Sports Outdoors,2,50,10.0,225.0,True
B09PYKNTMT,Women's Original Sport Sandals Hiking Sandals with Arch Support Yoga Mat Insole Light Weight Outdoor Water Shoes,4.5,2973,False,False,51,300+ bought in past month,18.99,23.45,Sports Outdoors,2,300,19.0,1350.0,True
B0B5941S8R,MAGCOMSEN Women's UPF 50+ Lightweight Athletic Jacket Sun Protection Full Zip Long Sleeve Shirts Hiking Outdoor Pockets,4.4,3069,False,False,52,900+ bought in past month,19.98,39.99,Sports Outdoors,2,900,50.0,3960.0,True
B0F2T75QDV,"ATHVOTAR Workout Gym Shorts Women, High Waisted Seamless Butt Lifting Scrunch Butt Sports Shorts",4.4,406,False,False,53,100+ bought in past month,8.99,,Sports Outdoors,2,100,,440.0,False
B08NT1NVSH,American Trends Womens Athletic Knee High Socks Outdoor Sport Thigh High Stockings Casual Stripes Tube Socks,4.5,3333,False,False,54,100+ bought in past month,5.99,,Sports Outdoors,2,100,,450.0,False
B003WY73FQ,"Champion Sports Extreme Series Soccer Ball – Sizes 3, 4, 5, Soft Touch, All Weather, High Air Retention, Youth & Adult League Balls for Training, Games, Outdoor & Indoor Play, Multiple Colors",4.4,9639,False,False,55,50+ bought in past month,11.04,12.99,Sports Outdoors,2,50,15.0,220.0,True
B09RRYJZGF,"FROGG TOGGS Ultra-lite2 Waterproof, Breathable Rain Poncho, Adult and Youth Sizes",4.5,11405,False,False,56,400+ bought in past month,12.99,21.99,Sports Outdoors,2,400,40.9,1800.0,True
B0CCVK7QXY,"Crossbody Small Sling Backpack Sling Bag for Women, Chest Bag Daypack Crossbody for Travel Sport Running Hiking Beige",4.4,4118,False,False,57,300+ bought in past month,9.65,12.65,Sports Outdoors,2,300,23.7,1320.0,True
B0FSKLX151,"6x6 Ft Outdoor All Weather Pop Up Tent, 2-3 Person Instant Tent Shelter, Rainproof Camping Sun Shelter Coldproof & Windproof for Patio, Backyard, Deck, Sports Events, Beige",3.8,16,False,False,58,200+ bought in past month,,,Sports Outdoors,2,200,,760.0,False
B0013OIHMU,"Champion Sports Skip Ball Ankle Toy for Kids, Pack of 6, Assorted Colors - Durable Hopper/Swingball Set with 18-Inch Cord, 5.5-Inch Diameter Ankle Ring - Fun Jumper and Exercise Equipment",4.0,2165,False,False,59,700+ bought in past month,15.28,17.99,Sports Outdoors,2,700,15.1,2800.0,True
B0DXSV3D48,Home Prefer UPF50 Sun Hat for Men Women Reflective Water Repellent Quick Dry Baseball Cap Golf Running Outdoor Sport Hat,4.6,133,False,False,60,50+ bought in past month,13.49,14.99,Sports Outdoors,2,50,10.0,230.0,True
B0BF9PJM6K,"Outdoor Camping Blanket, Fleece Waterproof Stadium Blanket with Portable Bag, Lightweight for Cold Weather, Sports, Pet, Beach, Picnic, Stadium, Travel, Car, 79 * 54inch",4.6,297,False,False,61,100+ bought in past month,34.99,,Sports Outdoors,2,100,,460.0,False
B0G4CPV7HN,"Garage Sports Equipment Organizer, Golf Bag Storage Rack, Organizer for 2 Golf Bag , Indoor/Outdoor Ball Storage Bins for Toy Sports Gear Storage, Ideal for Home, Garage, Club, Shed, Basement",5.0,3,True,False,62,,69.99,79.99,Sports Outdoors,2,,12.5,,True
B07CNZ95WV,"Move2Play, Hilariously Interactive Toy with Music & Sound Effects for Boy & Girl | Ball for Toddler & Baby | 6, 12, 18+ Months | 1, 2, 3+ Year Old",4.4,9071,True,False,63,900+ bought in past month,24.99,,Sports Outdoors,2,900,,3960.0,False
B0CN7PNBFR,"Wave Runner Glow in The Dark LED Football - Junior Size Waterproof Light Up Football, Type-C Rechargeable with Pump, Outdoor Sports Toy for Kids, Teens, and Adults",4.0,743,True,False,64,100+ bought in past month,24.75,,Sports Outdoors,2,100,,400.0,False
B07664V683,Speedo Men's Water Shoe Tidal Cruiser,4.5,2405,True,False,65,,42.0,,Sports Outdoors,2,,,,False
B0B2KHLTP4,Quick Dry Hiking Shorts Men's Cargo Casual Outdoor 4-Way Stretchy Lightweight Summer Short with Multi Pockets 30-46 (No Belt),4.2,2654,False,False,1,,29.88,,Sports Outdoors,3,,,,False
B0BTMNL6G6,Outdoor Sports Review,,,False,False,2,,0.0,,Sports Outdoors,3,,,,False
B0CLV1VZVF,ZHONGLE Sports & Outdoors,,,False,False,3,,,,Sports Outdoors,3,,,,False
B0DH4BJDLB,2Pcs Hockey Hanger Portable Hanging Dryig Rack Hockey Gifts for Home and Outdoor Using in Ice Hockey Skating Football Camping Fishing 5 Hooks,4.6,508,False,False,4,,16.88,,Sports Outdoors,3,,,,False
B07F5XJ1WR,Columbia Unisex Adult PFG Logo Mesh Ball Cap,4.7,20463,False,False,5,,27.99,30.0,Sports Outdoors,3,,6.7,,True
B0F64WHVQM,"1PC Emergency Rain Poncho Keychain - Disposable & Portable Compact Ball Design, Waterproof Raincoat for Travel",3.4,5,False,False,6,,2.39,,Sports Outdoors,3,,,,False
B09W8KHZFQ,adidas Men's Entrada 22 Jersey,4.6,2875,False,False,7,,7.2,20.0,Sports Outdoors,3,,64.0,,True
B0DPFV9FTY,"Sport Polarized Sunglasses for Men Women, Sport Sun Glasses for Cycling Fishing",3.6,16,False,False,8,,5.17,,Sports Outdoors,3,,,,False
B0DSBQLBBT,Touchscreen Running Gloves - Lightweight Thermal Anti-Slip Gloves with Portable Buckle for Outdoor Sports and Winter Activities,4.0,25,False,False,9,,8.98,,Sports Outdoors,3,,,,False
B0FJDT3Q6D,"1Pairs Toe Socks for Men Women, Five Finger Crew Socks Athletic Sock, Toe Socks Sports Running Walking Cycling",4.4,30,False,False,10,,2.54,,Sports Outdoors,3,,,,False
B0FC1SVSFP,Baseball Cap for Men Summer Full Mesh Trucker Hats Breathable Running Hat Outdoor Sports,3.4,16,False,False,11,,9.15,,Sports Outdoors,3,,,,False
7303090053,Outdoor sports [jycx](Chinese Edition),,,False,False,12,,,,Sports Outdoors,3,,,,False
B085QDPMK1,"Upgraded Sports Water Bottles Pouch Bag, Tactical Drawstring Molle Water Bottle Holder Tactical Pouches, Travel Mesh Water Bottle Bag Tactical Hydration Carrier",4.6,4783,False,False,13,,19.99,,Sports Outdoors,3,,,,False
B01948IW5I,Outdoortraining,4.0,8,False,False,14,,,,Sports Outdoors,3,,,,False
7564419105,Outdoor Sports (National General Institutes of Higher Education Sports Specialty Textbook Series) (Chinese Edition),,,False,False,15,,14.99,,Sports Outdoors,3,,,,False
B009SN9WMC,World Outdoor Trials Review,4.5,4,False,False,16,,,,Sports Outdoors,3,,,,False
B0FHB4PCBM,"Emergency Whistles, Lifeguard Safety Whistle with Lanyard and Keychain, High Pitch Double Tubes for Outdoor Sports, Camping, Hiking, Boating, 1 Pack",,,False,False,17,,2.11,,Sports Outdoors,3,,,,False
B0DQXHNXWJ,"Generic Folding Unisex Green Large Modern Outdoor Backpack, Suitable for Hiking, Camping, and Sports",3.6,17,False,False,18,,14.83,,Sports Outdoors,3,,,,False
B0F26C8YG8,"Beach Blanket, Extra Large Beach Mat, Sandproof Waterproof Picnic Blanket, Lightweight, Compact, Ideal for Hiking, Camping, Festivals, Sports, Travel",3.8,30,False,False,19,,7.62,,Sports Outdoors,3,,,,False
B0G19FD7J3,"It is What It is Embroidered Washed Baseball Cap ，Adjustable Size, Suitable for Outdoor Sports and Daily wear",4.8,13,False,False,20,,8.36,,Sports Outdoors,3,,,,False
B0DK38TK8P,"Microfiber Camping Towel,Quick Dry Towel for Camping,Absorbent Soft Compact Lightweight Travel Towel Fast Dry Large Microfiber Towels for Body,Backpack,Fitness,Beach,Gym,Sport",4.4,68,False,False,21,,14.29,,Sports Outdoors,3,,,,False
B0DRNFGZPR,Men's Cargo Shorts with Zipper Pockets Lightweight Breathable Hiking,3.7,525,False,False,22,,,,Sports Outdoors,3,,,,False
B0FN323P4M,Winter Waterproof Ski Snow Warm Gloves for Women Men Thermal with Touchscreen Fingers for Sports Outdoor Daily Work,4.6,6,False,False,23,,7.98,,Sports Outdoors,3,,,,False
B0FG2QS8WJ,"Set of 5 Extra Loud Whistles for Camping Hiking Hunting Outdoors Sports and Emergency Situations, Sturdy but Light Aluminium Key Chain Signals",3.2,7,False,False,24,,2.51,2.57,Sports Outdoors,3,,2.3,,True
B0FSL68VYT,Thermal Gloves Cold Weather Touchscreen Insulated Gloves with Anti-Slip for Men Women Outdoor Running Cycling Sports,4.1,34,False,False,25,,9.11,,Sports Outdoors,3,,,,False
B0DPFXZ16Q,"Microfiber Towel Perfect Travel & Gym & Beach Towel,Quick Dry Towel for Camping,Beach,Backpacking,Hiking & Sport",4.6,23,False,False,26,,7.26,,Sports Outdoors,3,,,,False
B0DK767BBK,Ice Silk Cooling Neck Gaiter Men's Houndstooth Floral Pattern Windproof Sun Protection Breathable Balaclava for Outdoor,4.0,12,False,False,27,,3.93,,Sports Outdoors,3,,,,False
B0FLJC4QZ4,4 Pcs Headbands for Mens Headbands Men Running Headband for Athletic Cycling Basketball Yoga Workout Outdoor Sports Gym Jogging Exercise,3.6,3,False,False,28,,6.34,,Sports Outdoors,3,,,,False
B0F5WTRJNY,"Sun Hats for Men Women, Breathable Wide Brim Hat with Detachable Mesh Face Cover and Neck Flap, 3in1 Waterproof Foldable Fishing Hat for Cycling Driving Climbing Outdoor Sports Beach, Grey",3.6,3,False,False,29,,8.41,,Sports Outdoors,3,,,,False
B0FS7KMBW3,Cooling and Warming Arm Sleeves for Outdoor Sports and Running,,,False,False,30,,1.69,,Sports Outdoors,3,,,,False
B0DPQPPWDN,"Cooling Towel,Cooling Towels for Neck and Face,Soft Breathable Ice Towel for Instant Cooling Relief-40 x12 Super Absorbent Chilly Towel Sweat Workout Cool Towels for Sport Gym Yoga",4.5,34,False,False,31,,4.02,,Sports Outdoors,3,,,,False
B0D15MHXSG,Under Armour Unisex Adult Magnetico Over the Calf Socks 1 Pack,4.7,668,False,False,32,,12.42,15.0,Sports Outdoors,3,,17.2,,True
B0FX3KP3G7,"Sporty Camo Half-Finger Gloves for Men & Women - Thickened, Convertible to Five-Finger Glove with Grip Control for Fitness & Cycling, Outdoor Sports",3.6,4,False,False,33,,7.18,,Sports Outdoors,3,,,,False
B0FQ5Z8TDX,"Thermal Cycling Beanie, Windproof Fleece Winter Cap for Outdoor Sports and Biking Black",3.4,10,False,False,34,,3.5,,Sports Outdoors,3,,,,False
B0G1JX76RR,"Mini Monocular Telescope, 2000X25 Portable Monocular Focus Optics Telescopes for Sporting Events, Concerts, Camping, Bird Watching, Fishing, Scope, Travelling",2.9,9,False,False,35,,6.25,,Sports Outdoors,3,,,,False
B0F8HVC3G7,Outdoor Men's Workout Gloves Training Cycling Fingerless Gloves,4.1,13,False,False,36,,5.54,,Sports Outdoors,3,,,,False
B0FWQ8ZBJF,"Unisex Beanie 2-Pack, Breathable & Fast-Drying Cap, Cuffed Knit Hat for Sports & Outdoor",3.3,3,False,False,37,,4.57,,Sports Outdoors,3,,,,False
B0DB7X1P92,"40 oz Insulated Water Bottle, Sports Stainless Steel Water Bottle with Handle Lid Outdoor Wide Mouth Metal Flask (Green)",3.9,3,False,False,38,,24.99,,Sports Outdoors,3,,,,False
B0DKJTLY6F,Tiger Pattern Multi-Purpose Neck Gaiter Cooling Breathable Headband for Outdoor Sports Running Cycling,4.3,31,False,False,39,,1.56,,Sports Outdoors,3,,,,False
B0FSK21V85,"Mini Monocular Telescope – Waterproof, Non-Slip, Adjustable Focus, Compact Optical Monocular for Adults – Ideal for Outdoor Activities, Black",3.0,2,False,False,40,,4.52,,Sports Outdoors,3,,,,False
B0G14D8HRX,"Overstimulated. Embroidered Washed Baseball Cap，Adjustable Size, Lightweight Sun hat, Suitable for Daily Outdoor Sports wear",4.6,5,False,False,41,,9.88,,Sports Outdoors,3,,,,False
B0DKT9HWKD,Sun Protection Sports/Biking Sunscreen Open Three Finger Spring Summer Gloves Cycling Gloves Driving Mittens Anti-Slip Fishing Gloves(Black-Universal),4.2,4,False,False,42,,1.33,,Sports Outdoors,3,,,,False
B0DPCG35ZJ,Polarized Mens Sunglasses Sports Sunglasses for Men Sport Sun Glasses for Running Cycling Fishing,4.4,21,False,False,43,,5.57,,Sports Outdoors,3,,,,False
B0DRL3VHBC,Lightweight Ski Mask for Men and Women - Versatile Summer Balaclava Face Mask with UV,3.8,40,False,False,44,50+ bought in past month,3.8,,Sports Outdoors,3,50,,190.0,False
B0DK77GFBP,Camo Neck Gaiter Windproof Sun Protection Camouflage Face Cover for Outdoor Sports and Tactical Activities,4.0,16,False,False,45,,2.83,,Sports Outdoors,3,,,,False
B09TZKHB6N,Outdoor Sports Accessories Black,3.6,17,False,False,46,,45.99,,Sports Outdoors,3,,,,False
6310263552,World Outdoor Trials Review,4.5,4,False,False,47,,,,Sports Outdoors,3,,,,False
B0DKC2DWY4,"Women's Fisherman Hat - Outdoor Sports & Tourism Sun Hat, Lightweight & Packable, Cotton Bucket Hat",3.8,117,False,False,48,,9.14,,Sports Outdoors,3,,,,False
B0CCVK7QXY,"Crossbody Small Sling Backpack Sling Bag for Women, Chest Bag Daypack Crossbody for Travel Sport Running Hiking Beige",4.4,4118,False,False,1,300+ bought in past month,9.65,12.65,Sports Outdoors,4,300,23.7,1320.0,True
B015CN1KFI,"G4Free Outdoor Tactical Bag Backpack, Military Sport Bag Pack Sling Shoulder Backpack Tactical Pack for Every Day Carry",4.6,14211,False,False,2,,18.99,19.99,Sports Outdoors,4,,5.0,,True
B0C65MXQ5T,"coowoz Travel Backpack For Women Men,Carry On Backpack,Hiking Backpack Waterproof Outdoor Sports Rucksack Casual Daypack travel essentials（Pink Purple）",4.6,13922,False,False,3,100+ bought in past month,29.99,,Sports Outdoors,4,100,,460.0,False
B0DGLJ992H,"Garage Ball Storage Wall-Mounted & Floor Sports Equipment Organizer: Sports Ball Rack with Elastic Rope, Holder for Basketball, Soccer, Volleyball, Football, Garage, Gym, Black(Patent Pending)",4.4,158,False,False,4,,34.99,36.99,Sports Outdoors,4,,5.4,,True
B001GJXJ5M,"Champion Sports Training Volleyball, Indoor and Outdoor, with Soft, Hand-Sewn Nylon Panels - Multiple Styles",4.3,30,False,False,5,,13.99,,Sports Outdoors,4,,,,False
B0CVWP6W7C,"Polarized Sport Sunglasses for Men and Women, Lightweight TR90 Sun Glasses with UV Protection for Cycling Running",4.5,947,False,False,6,,24.99,,Sports Outdoors,4,,,,False
B0BZRW9NLS,"Leyndo 8 Pcs 26 Inch Throw and Catch Balls with Rainbow Tail, Fun Colorful Sports Comet Balls Playground Toys for School Classroom Beach Outdoor Camping Healthy and Fun Games (Multi Color)",4.2,86,False,False,7,100+ bought in past month,24.99,,Sports Outdoors,4,100,,420.0,False
B00Y8CXBDO,"AppleRound 8.5-inch Dodgeball Playground Balls, Pack of 4 Balls with 1 Pump, Official Size for Dodge Ball, Handball, Camps and Schools",4.6,3453,False,False,8,600+ bought in past month,18.99,22.9,Sports Outdoors,4,600,17.1,2760.0,True
B071F8DC5N,TBMPOY Men's Hiking Shorts Quick Dry Athletic Gym Workout Short with Zipper Pockets,4.5,6419,False,False,9,,16.99,,Sports Outdoors,4,,,,False
B0000BW8FU,"Champion Sports Competition Plastic Discs, Assorted Color",3.8,1491,False,False,10,,6.99,,Sports Outdoors,4,,,,False
B0G58KW9R7,PINSPARK Workout Tops for Women Short Sleeve Athletic Shirts UPF 50+ Quick Dry Running Outfits for Exercise Gym Hiking S-3XL,4.5,79,False,False,11,100+ bought in past month,9.99,13.49,Sports Outdoors,4,100,25.9,450.0,True
B0DRY7BRBL,"East Oak Weather Sports Tent for Fishing, Sports Event | Pop Up Bubble Tent Instant Sun & Rain Shelter | No Condensation, Spacious Interior, Ultra Visibility | All Weather Protection",4.3,200,False,False,12,50+ bought in past month,109.83,139.99,Sports Outdoors,4,50,21.5,215.0,True
B0F1ZZBPRJ,Connectyle Foldable Sports Cap Reflective Performance Running Hat Quick Dry Workout Hat Athletic Fitted Cap for Men & Women,4.2,62,False,False,13,,12.99,,Sports Outdoors,4,,,,False
B08QZ4JFFF,MOREOK Cycling Gloves Bike Gloves for Men/Women-[5MM Gel Pad] Half Finger Bicycle Biking Gloves for Cycling/Weight Lifting/Gym/Motorcycle/Rowing/Outdoor Sports,4.6,17319,False,False,14,,14.44,16.99,Sports Outdoors,4,,15.0,,True
B0B9371SP9,MAGCOMSEN Women's 3-in-1 Winter Coats Snow Ski Jacket Waterproof Windproof Fleece Lined Winter Jacket Parka,4.5,4917,False,False,15,100+ bought in past month,58.38,72.98,Sports Outdoors,4,100,20.0,450.0,True
B09CYH326N,"HopeRock 3-in-1 Hover Soccer Ball Hockey Bowling Set, Indoor and Outdoor Toys for Kids Ages 3-12, Outside Toys with LED Lights, Christmas Birthday Gifts for 3 4 5 6 7 8 9+ Year Old Boys Girls",4.3,2361,False,False,16,100+ bought in past month,39.99,42.99,Sports Outdoors,4,100,7.0,430.0,True
B0BNPTZXWX,60 Pieces Red Drawstring Backpack Bags Sports Sackpack Bulk Cinch Gym Bag For Women Men Outdoor Sports Backpack,4.6,3414,False,False,17,,39.99,,Sports Outdoors,4,,,,False
B07P1FXBS3,"SUITEDNOMAD Large Waterproof Outdoor Stadium Blanket, Windproof and Warm Extra Thick Fleece or Quilted Sherpa, Great for Cold Weather Camping, Picnic, Sports, Festivals",4.7,891,False,False,18,50+ bought in past month,37.95,49.95,Sports Outdoors,4,50,24.0,235.0,True
B0F9T8D5PN,"IBSO Women Digital Watch Sport Resistant Outdoor Waterproof Electronic Watch with Alarm, Stopwatch, Luminous Night Light Men Military",4.0,37,False,False,19,,9.99,,Sports Outdoors,4,,,,False
B0DHX3NPQ9,"Rainbow Playground Ball - 8.5Inch (Pack of 1) Rubber Bouncy Inflatable Balls for Kids and Adults, Indoor and Outdoor Games, Kickball, Dodgeball, Four Square, and More",4.6,956,False,False,20,1K+ bought in past month,9.98,14.99,Sports Outdoors,4,1000,33.4,4600.0,True
B075WVMDTV,"Be Smart Get Prepared 73-Piece Coach’s and Team Sports First Aid Kit in Roll up Bag: Clean, Treat, Protect Cuts, Scrapes. Home, Office, Car, School, Travel, Hunting, Outdoor, Camping, FSA HSA",4.6,670,False,False,21,500+ bought in past month,29.75,,Sports Outdoors,4,500,,2300.0,False
B008J4EW1C,"Outdoor Research Swift Cap – Lightweight UPF Sun Hat with Breathable Mesh for Men & Women, Hiking, Running and Travel",4.7,2361,False,False,22,50+ bought in past month,29.95,,Sports Outdoors,4,50,,235.0,False
B0D75L1LN2,GoSports WOVN Beach Backpack Chair - 9 Styles Available - Premium Folding Camping Chair,4.4,195,False,False,23,,129.99,,Sports Outdoors,4,,,,False
B0CLCDYXGT,NORTHYARD Quarter Zip Pullover Men Running Shirt Long Sleeve Moisture Wicking Quick Dry Athletic Workout Shirts,4.5,2231,False,False,24,100+ bought in past month,22.99,,Sports Outdoors,4,100,,450.0,False
B0DT3PNKBP,Men's Casual Shorts Elastic Waist Drawstring Lightweight Outdoor Summer Beach Shorts with Pockets Hiking Shorts,4.5,700,False,False,25,100+ bought in past month,5.99,,Sports Outdoors,4,100,,450.0,False
B0DN1F4N89,DREAM PAIRS Men’s Arch Support Hiking Sandals Sport Outdoor Athletic Comfortable Summer Beach Water Sandals,4.4,481,False,False,26,,34.99,39.99,Sports Outdoors,4,,12.5,,True
B08TQWJQD8,"KEMIMOTO Motorcycle Gloves for Men, Touchscreen Cycling Gloves for Outdoor Sports On-Road Off-Road Mountain Motorcycle Motorcross Motorbike Dirt Bike Bicycle Racing ATV UTV",4.4,4402,False,False,27,,18.99,19.99,Sports Outdoors,4,,5.0,,True
B0DFBMCDX8,"4 in 1 Kids Basketball Hoop and Tball Set for Toddlers 3-5, Adjustable Hanging Tee Ball Stand with Automatic Baseball Pitching Machine, Indoor Outdoor Sport Toys Birthday for Boys",4.1,269,False,False,28,100+ bought in past month,44.99,55.99,Sports Outdoors,4,100,19.6,410.0,True
B0FWV76FT5,"Premium Stadium Seat Cushions for Bleachers – Extra Thick for Long Sitting Hours, Waterproof 2-Pack Bleacher Cushions, Portable, Lightweight Stadium Seat Pads, Suitable for Outdoor Use (Grey)",4.5,150,False,False,29,50+ bought in past month,37.95,44.99,Sports Outdoors,4,50,15.6,225.0,True
B0F2MHFG7G,Sports Sunglasses for Men Women Unbreakable UV400 Protection Goggles Baseball Running Cycling Glasses,4.4,101,False,False,30,,25.99,,Sports Outdoors,4,,,,False
B09HXDQZJM,WateLves Womens-Sport-Sandals Hiking Sandals with-Arch-Support Webbing-Outdoor-Beach-Water-Sandals for Travel-Walking-Trekking-Camping,4.4,960,False,False,31,,20.39,23.99,Sports Outdoors,4,,15.0,,True
B07CTHK5LJ,"BOSONER Kids/Youth Knee Pads Elbow Pads Wrist Guards Set for 3-15 Years, Child Protective Gear Set for Roller Skates, Cycling, BMX Bike, Skateboard, Inline Skating, Scooter Riding Sports…",4.6,15917,False,False,32,200+ bought in past month,19.99,23.99,Sports Outdoors,4,200,16.7,920.0,True
B0FPD1X2W1,40 Pcs 17 oz Plastic Water Bottles Bulk and Drawstring Backpack Set Reusable Flip Top Leakproof Water Bottles with Handle for Adults Sports Gym Travel Party Outdoor (Chic),4.5,38,False,False,33,,54.99,,Sports Outdoors,4,,,,False
B09QRJ8PFY,GIISAM Mens Windproof Jacket Waterproof Lightweight Mountain Sport Jacket for Men Hooded Windbreaker Raincoat,4.4,2911,False,False,34,,35.99,,Sports Outdoors,4,,,,False
B0DYYK8YXJ,Women's Outdoor Hiking Pants Lightweight Breathable Quick Dry Stretchy Running Athletic Pants with Zipper Pocket,4.3,840,False,False,35,100+ bought in past month,19.99,29.99,Sports Outdoors,4,100,33.3,430.0,True
B0FXM5MVY2,"8 Pack Headbands for Women Non Slip - Stylish Sports Hair Bands for Women's Hair - Soft Cotton Cloth Stretchy Headbands for Women for Yoga, Outdoor Exercise Running",4.4,1992,False,False,36,200+ bought in past month,7.99,9.99,Sports Outdoors,4,200,20.0,880.0,True
B09XXH7RD9,Boladeci Men's UPF 50+ Sun Shirts 1/4 Zip Long Sleeve SPF UV Protection Lightweight Quick Dry Quarter Zip Golf Shirts,4.4,519,False,False,37,50+ bought in past month,19.99,24.98,Sports Outdoors,4,50,20.0,220.0,True
B0G2S7GL9C,"Wettarn 4 Pcs 16.5"" Foam Baseball Bat with Balls Kids Soft Mini Foam Baseballs T Ball Bat Gift Set for Outdoor Indoor Sport Game Beginners Practice Playing Training (Red, Blue, Orange)",4.3,21,False,False,38,,35.99,,Sports Outdoors,4,,,,False
B0FG7XWB72,Lamicall 24g Polarized Sports Sunglasses for Men Women - UV400 Protection Sun Glasses Gifts for Running Cycling Baseball,4.6,606,False,False,39,500+ bought in past month,23.99,29.99,Sports Outdoors,4,500,20.0,2300.0,True
B0FCSG9HPQ,"MammyGol Roller Skates for Girls Kids Boys, 4 Sizes Adjustable Quad Toddler Skates Indoor Outdoor Ages 3-8, Pink Blue Purple Green",4.7,153,False,False,40,,29.99,,Sports Outdoors,4,,,,False
B07KK6QFY3,DREAM PAIRS Womens Closed Toe Hiking Summer Outdoor Sport Athletic Sandals,4.4,14854,False,False,41,,35.98,39.99,Sports Outdoors,4,,10.0,,True
B0D6G6F248,"Large Outdoor Waterproof Blanket Extra Thick Fleece Stadium Blanket for Camping, Car, Pet, Picnics - Windproof, Wearable, Machine Washable 80"" x 58"" (Dark Blue)",4.7,272,False,False,42,,41.95,,Sports Outdoors,4,,,,False
B0F4QXGYZW,"32 Gallon Indoor Outdoor Storage Box, Resin Rattan Small Deck Box for Patio Furniture, Cushions, Garden Tools, Sports Equipment,Black",4.1,178,False,False,43,50+ bought in past month,24.99,,Sports Outdoors,4,50,,205.0,False
B0DF7P9Z7G,4 in 1 Toddler Basketball Hoop and T Ball Set - Adjustable Kids Basketball Goal Baseball Tee with Pitching Machine - Christmas Birthday Indoor Outdoor Sport Toy Games Gifts for Boys Girls Age 3-5,4.3,116,False,False,44,,30.99,35.99,Sports Outdoors,4,,13.9,,True
B09VLC234S,"YGR Floral Laptop Backpack for Women, Female, School, Travel, Business, Outdoor Sports, Office, Work",4.7,1732,False,False,45,,14.99,29.99,Sports Outdoors,4,,50.0,,True
B0BPCMG9HT,"VINSGUIR Workout Gloves for Women and Men, Breathable Weight Lifting Gloves for Gym Exercise, Fitness, Training, and Cycling, with Excellent Grip and Cushion Pads",4.5,4880,False,False,46,100+ bought in past month,9.99,11.99,Sports Outdoors,4,100,16.7,450.0,True
B0F24HJBWD,Kids Sunglasses Youth Baseball Sunglasses for Boys Girls Softball Sports Sun Glasses UV Protection,4.6,357,False,False,47,500+ bought in past month,9.99,,Sports Outdoors,4,500,,2300.0,False
B0B8J3F1NR,"Vinsot 56 Pcs Flying Discs Bulk Flying Discs for Kids Soft Rubber Flyer Disk Dog Toys Game Outdoor for Children Adults Sports Favors, 7 Colors",4.4,195,False,False,48,,40.99,,Sports Outdoors,4,,,,False
B00BF2Y6RK,"MAGID G138 Grayt Shadow Cotton/Polyester High Density Glove with Knit Wrist Cuff, Work, 9-1/2"" Length, Men's Size, Gray (Case of 12)",4.0,2,True,False,1,,15.09,,Sports Outdoors,5,,,,False
B0DS1VPS23,"Toss and Catch Ball Game - Ideal Outdoor Beach, Pool & Yard Toy for Toddlers and Kids Ages 4, 5, 6, 7, 8+, Perfect for Boys Girls - Great Birthday Gift & Stocking Stuffers",4.8,257,True,False,2,50+ bought in past month,24.29,26.99,Sports Outdoors,5,50,10.0,240.0,True
B0FF6G5RT9,"Wave Runner Glow in The Dark LED Football - Junior Size Waterproof Light Up Football, Type-C Rechargeable with Pump, Outdoor Sports Toy for Kids, Teens, and Adults",4.0,743,True,False,3,50+ bought in past month,25.75,27.75,Sports Outdoors,5,50,7.2,200.0,True
B0DY5ZYCYH,"Winter Fashion Genuine Leather Gloves for Men, Cashmere Warm Lined Finger Touchscreen Texting Driving Gloves",4.5,662,True,False,4,100+ bought in past month,19.99,29.99,Sports Outdoors,5,100,33.3,450.0,True
B09QRJ8PFY,GIISAM Mens Windproof Jacket Waterproof Lightweight Mountain Sport Jacket for Men Hooded Windbreaker Raincoat,4.4,2911,False,False,5,,35.99,,Sports Outdoors,5,,,,False
B08JHPH5CX,"PLKOW Sports Equipment Storage for Garage, Indoor/Outdoor Sports Rack for Garage, Ball Storage Garage Organizer with Basket and Hooks,Toy/Sports Gear Storage",4.6,982,False,False,6,50+ bought in past month,86.99,109.99,Sports Outdoors,5,50,20.9,230.0,True
B0F5HMS2DC,Women's Outdoor Hiking Pants Lightweight Breathable Quick Dry Stretchy Running Athletic Pants with Zipper Pocket,4.3,840,False,False,7,,19.99,29.99,Sports Outdoors,5,,33.3,,True
B0BPCMG9HT,"VINSGUIR Workout Gloves for Women and Men, Breathable Weight Lifting Gloves for Gym Exercise, Fitness, Training, and Cycling, with Excellent Grip and Cushion Pads",4.5,4880,False,False,8,100+ bought in past month,9.99,11.99,Sports Outdoors,5,100,16.7,450.0,True
B07KK6QFY3,DREAM PAIRS Womens Closed Toe Hiking Summer Outdoor Sport Athletic Sandals,4.4,14854,False,False,9,,35.98,39.99,Sports Outdoors,5,,10.0,,True
B06XPFXKJG,Little Tikes 3-in-1 Sports Zone,4.6,1904,False,False,10,700+ bought in past month,32.89,48.99,Sports Outdoors,5,700,32.9,3220.0,True
B0DKJDTSBT,"Pilotfish Wire Sunglasses Strap, No-Tail Eyewear Retainer for Glasses, Secure Eyeglass Holder for Sports and Outdoors",4.4,1122,False,False,11,100+ bought in past month,11.99,,Sports Outdoors,5,100,,440.0,False
B0FNN5PN6D,"rivmount Water-Resistant Winter Gloves Touch Screen, Women Men Thermal Warm Gloves Suit for Cold Weather Running, Cycling, Hiking, Bike, Ski, Snow, Driving, Work, Outdoor Size S M L XL XXL Black Gray",4.2,362,False,False,12,200+ bought in past month,9.99,16.98,Sports Outdoors,5,200,41.2,840.0,True
B0DR2B7HVY,"Nattork Girls Roller Skates for Kids, 4 Size Adjustable Rainbow Quad Skates with All Light Up Wheels - Best Birthday Gift for Outdoor Sports",4.7,668,False,False,13,,39.99,49.99,Sports Outdoors,5,,20.0,,True
B0D5XT5FTN,"Roadbox Mens UPF 50+ Fishing Shirts, Long Sleeve UV Sun Hoodie, Hiking Running Swim Athletic Workout Shirt",4.7,2399,True,False,14,50+ bought in past month,14.37,29.99,Sports Outdoors,5,50,52.1,235.0,True
B08R1CWKN4,"CS CELERSPORT Women's Merino Wool Ski Socks, 2/3 Pack Thermal Warm Winter Thick Knee High Snowboarding Skiing Socks",4.7,1932,True,False,15,100+ bought in past month,16.99,29.99,Sports Outdoors,5,100,43.3,470.0,True
B0DSKTGCXY,"Men's UPF 50+ Sun Protection Dry Fit Workout T-Shirts Rash Guard Swim Shirts Moisture Wicking Tee for Athletic, Beach, Hiking",4.5,369,True,False,16,50+ bought in past month,19.99,,Sports Outdoors,5,50,,225.0,False
B0CT2GGQX3,NORTHYARD Quarter Zip Pullover Men Running Shirt Long Sleeve Moisture Wicking Quick Dry Athletic Workout Shirts,4.5,2231,True,False,17,100+ bought in past month,22.99,,Sports Outdoors,5,100,,450.0,False
B0FL2FFQS2,Moozava Mens Compression Shirt Long Sleeve Quick Dry Athletic Workout Gym T-Shirt SPF Running Top Sport Undershirt Base Layer,4.6,166,True,False,18,,9.98,14.99,Sports Outdoors,5,,33.4,,True
B0F1YP9JPJ,G4Free Women's UPF 50+ Long Sleeve Rash Guard Athletic Shirt,4.5,162,False,False,19,,18.99,23.99,Sports Outdoors,5,,20.8,,True
B0G3TXSHG8,Cargo Pants Women - Lightweight Breathable Drawstring Ankle Trousers for Casual Outdoor Sports,4.3,27,False,False,20,,14.99,,Sports Outdoors,5,,,,False
B0D76Z7ZGP,"Ball Storage Bin for Garage, Balls Holder for Soccer, Basketball, Ball Cart, Rolling Basketball Rack for Outdoor, Indoor",4.4,120,False,False,21,,46.39,57.99,Sports Outdoors,5,,20.0,,True
1493011642,Best Outdoor Adventures Near Minneapolis and Saint Paul (Best Adventures Near),4.7,3,False,False,22,,13.36,26.95,Sports Outdoors,5,,50.4,,True
B076TF7ZZW,Wireless Bluetooth Headphones-Wireless in-Ear Headphones-Running Headphones for Women Men-Sport Bluetooth Earphones-Best Sport Wireless Earbuds-Outdoor Portable for Smart Phones (26),4.4,223,False,False,23,,,,Sports Outdoors,5,,,,False
B00FPQQDMI,"Franklin Sports Fun 5 Combo Outdoor Game Set - Backyard, Beach + Camping Games for Kids - Badminton, Volleyball, Flip Toss, Flying Disc - Horseshoes or Ring Toss",4.2,6136,False,False,24,,30.99,64.99,Sports Outdoors,5,,52.3,,True
B09QKVZXVH,MAGCOMSEN Men's Short Sleeve UPF 50+ T-Shirt Quick Dry Workout Athletic Running Swim Tops Tee Rash Guard Performance Shirts,4.5,2904,False,False,25,,14.98,29.99,Sports Outdoors,5,,50.1,,True
B08H8WXHV8,The Best of The Total Outdoorsman: 501 Essential Tips and Tricks (Field & Stream),4.8,119,False,False,26,,0.0,,Sports Outdoors,5,,,,False
B0GHNT66DS,"Portable Camping Chair with Canopy - Folding Chair with Canopy, Durable 600D Oxford Canopy Chair for Camping, Beach, Picnics, Fishing & Sports",4.6,846,False,False,27,200+ bought in past month,79.99,,Sports Outdoors,5,200,,920.0,False
B0C6W74QHV,"HUK Mens Fishing Graphic Tee, Performance Short Sleeve, Quick-Dry",4.7,1349,False,False,28,100+ bought in past month,16.8,28.0,Sports Outdoors,5,100,40.0,470.0,True
B0F6GHRDLB,"3 Wheel Scooter for Kids, Smooth Light Up LED Front Wheels, Wide Anti Slip Deck, Rear Foot Brake, Easy Lean to Steer Maneuvering, Indoor & Outdoor Ride On Toys for Ages 2 Up,",4.4,249,False,False,29,,25.99,32.99,Sports Outdoors,5,,21.2,,True
B0D8S943BJ,"RIGWARL Winter Gloves Men Women for Cold Weather, Warm Plush Gloves with Touchscreen Fingers, Thermal Glove Early Spring and Late Fall Gift for Runing Hiking Driving Walking Skiing Snow(Black,S)",4.2,37,False,False,30,50+ bought in past month,11.99,14.99,Sports Outdoors,5,50,20.0,210.0,True
B09GCQPCFS,Nickelodeon Girls Paw Patrol Light Up Shoes- Summer Sandals- Kids Water Shoes - Skye Everest Beach Adjustable Strap Closed Open Toe Outdoor Sport Hero Character Lights (Toddler/Little Kid),4.8,280,False,False,31,,36.49,39.99,Sports Outdoors,5,,8.8,,True
B0F1L59LRS,KevaMolly Womens Travel Outfits Summer Lounge Set Two Pieces Mineral Wash Cotton Tank Top Lined Split Athletic Skirt Set,4.1,621,False,False,32,300+ bought in past month,38.99,,Sports Outdoors,5,300,,1230.0,False
B094VBHBBS,CRZ YOGA Women's Lightweight Mid Rise Hiking Shorts 4'' - Stretch for Athletic Summer Travel Outdoor Golf with Zip Pockets,4.6,1145,False,False,33,,32.0,,Sports Outdoors,5,,,,False
B0F9Y9Z1T1,MAGCOMSEN Women's Hiking Pants Lightweight Quick Dry UPF 50 Water Resistant Elastic Waist Golf Travel Pants Zip Pockets,4.5,89,False,False,34,50+ bought in past month,19.98,26.98,Sports Outdoors,5,50,25.9,225.0,True
B08YX4W5TX,"Best Outdoor Adventures Colorado Front Range: A Guide to the Region's Greatest Hiking, Climbing, Cycling, and Paddling (Best Adventures Near)",5.0,4,False,False,35,,19.99,24.95,Sports Outdoors,5,,19.9,,True
B0B6KZJVQC,Savage Outdoors,,,False,False,36,,,,Sports Outdoors,5,,,,False
B08FVQBL4X,"Best Outdoor Adventures Asheville: A Guide to the Region's Greatest Hiking, Cycling, and Paddling",4.0,1,False,False,37,,19.99,24.95,Sports Outdoors,5,,19.9,,True
B0B8K4RQLM,Outdoor Outtakes,,,False,False,38,,,,Sports Outdoors,5,,,,False
B000064GMQ,"スラップ・ショット [VHSAntier Amplified Indoor Outdoor Digital Tv Antenna – Powerful Best Amplifier Signal Booster up to 275+ Miles Range Support 8K 4K Full HD Smart and Older Tvs with 16ft Coaxial Cable [2022 Release] """,4.6,6087,False,False,39,,,,Sports Outdoors,5,,,,False
B07J1DW4JM,Outdoors in the Heartland,,,False,False,40,,,,Sports Outdoors,5,,,,False
B0CV4HLPBL,The Sporting Chef - Recipes,,,False,False,41,,,,Sports Outdoors,5,,,,False
B00G4PW6XO,180 South,4.8,796,False,False,42,,9.99,2.99,Sports Outdoors,5,,-234.1,,True
B07K9BJLG4,GoSports Soft Touch Recreational Volleyballs - Single or 6 Pack - Regulation Size for Indoor or Outdoor Play - Includes Ball Pump,4.4,1305,False,False,43,,15.23,,Sports Outdoors,5,,,,False
B0D5VDLN77,"Garage Ball Storage Rack - Wall-Mounted Vertical Ball Holder for Basketball, Soccer, Volleyball, Football - Space-Saving Sports Organizer for Garage, Home, Basement, Kids' Room, Outdoor Use",4.4,161,False,False,44,400+ bought in past month,26.99,,Sports Outdoors,5,400,,1760.0,False
B0F1Y7X6J8,KuaiLu Womens Orthopedic Walking Sandals with Comfortable Arch Support Recovery Sport Relief Plantar Fasciitis Summer Outdoor Hiking Adjustable Strap Platform Cushion Shoes,4.4,2788,False,False,45,,49.99,69.99,Sports Outdoors,5,,28.6,,True
B077GF564J,DREAM PAIRS Boys Girls Summer Outdoor Athletic Sport Sandals Hiking Beach Casual Closed Toe Adjustable Multicolor for Toddler/Little/Big Kids,4.6,5342,False,False,46,,27.79,33.99,Sports Outdoors,5,,18.2,,True
B0CNRJ74KL,"Professional Cycling Glasses for Men Women, Sports Sunglasses UV Protection for Baseball Cycling Running Driving Glof",4.5,505,False,False,47,400+ bought in past month,9.99,,Sports Outdoors,5,400,,1800.0,False
B0GD7HD1HP,"Sports Tent for 2-3 People, All-Weather Shelter with Clear View & Extra Headroom - Ideal for Sunbathing, Outdoor Games & Events",2.0,1,False,False,48,,99.95,,Sports Outdoors,5,,,,False
B0D6G6F248,"Large Outdoor Waterproof Blanket Extra Thick Fleece Stadium Blanket for Camping, Car, Pet, Picnics - Windproof, Wearable, Machine Washable 80"" x 58"" (Dark Blue)",4.7,272,False,False,49,,41.95,,Sports Outdoors,5,,,,False
B08FX9GJFL,"Complete Sports Balls w/Bag, Pump for Boys - Kickball, Volleyball, Soccer Ball, Football, Basketball - Outdoor Play",4.7,236,False,False,50,50+ bought in past month,74.59,,Sports Outdoors,5,50,,235.0,False
B0CCDB7CY8,"Whistle, Outdoor Sports Whistles with Lanyard, Very Loud Sound Whistles Bulk Perfect for Referees, Coaches, Emergencies",4.6,2226,False,False,51,300+ bought in past month,16.99,,Sports Outdoors,5,300,,1380.0,False
B09XXH7RD9,Boladeci Men's UPF 50+ Sun Shirts 1/4 Zip Long Sleeve SPF UV Protection Lightweight Quick Dry Quarter Zip Golf Shirts,4.4,519,False,False,52,50+ bought in past month,19.99,24.98,Sports Outdoors,5,50,20.0,220.0,True
B07NRBHXPZ,Wicked Big Sports Football Ball-Supersized Football Ball Outdoor Sport Tailgate Backyard Beach Game Fun for All,4.6,316,False,False,53,,14.99,,Sports Outdoors,5,,,,False
B0CHSKF7ZR,"Light Up Football - Glow in the Dark Ball - NO 6 - Boys Gifts - Outdoor Sports, Birthday Gifts for Boys 8-15+ Year Old - Kids Teenage Youth Gift Ideas - Boy Toys Stuff Ages 8 9 10 11 12 13 14 15",4.6,2296,False,False,54,1K+ bought in past month,27.99,34.99,Sports Outdoors,5,1000,20.0,4600.0,True
B0FVL6XHR4,"Sports Equipment Garage Organizer,Garage Ball Storage Rack with Elastic Straps,Small Rolling Ball Holder Cart with Wheels for Sports Gear,Indoor/Outdoor Toy Storage with Hooks and Baskets,BK",4.0,18,False,False,55,50+ bought in past month,42.99,49.99,Sports Outdoors,5,50,14.0,200.0,True
B0FBH1JJLS,Waboba Gradient Moon Ball 2 Pack - Super Bouncy Wall Balls for Kids and Teens - Outdoor Sports Toy Gift - Rainbow & Undersea,4.9,125,False,False,56,800+ bought in past month,19.99,,Sports Outdoors,5,800,,3920.0,False
B09G61MGQB,NORTIV 8 Men's Sandals Hiking Sports Lightweight Summer Water Arch Support River Open Toe Athletic Trail Outdoor Walking Sandals Longdo,4.4,1708,False,False,57,50+ bought in past month,23.99,29.99,Sports Outdoors,5,50,20.0,220.0,True
B0FPRP6J45,Spyder Womens Insulated Winter Ski Mitten,4.4,55,True,False,58,,39.23,69.0,Sports Outdoors,5,,43.1,,True
B0FN65QJS1,"Gaiam Men's Power Long Sleeve Crewneck Top, Standard Fit, Stretch Heavyweight Fleece Material",4.6,44,True,False,59,,25.93,,Sports Outdoors,5,,,,False
B08QR8BV2P,"EVERICH TOY Upgraded Toss and Catch Ball Game Set, Kids Toy Stocking Stuffers for Boys Girls Ages 3-12, Includes 4 Paddles 4 Sticky Balls, Water-Resistant Indoor Outdoor Toy for Beach Pool Yard",4.6,4698,True,False,60,200+ bought in past month,27.99,,Sports Outdoors,5,200,,920.0,False
B0DNV7QTZD,"Astral Brewer 3.0 Shoes - Barefoot, Quick-Drying Men’s & Women’s Sneaker for Casual Wear, Water Sports, Travel, & Hiking",4.6,40,True,False,61,,150.0,,Sports Outdoors,5,,,,False
B0D5XT5FTN,"Roadbox Mens UPF 50+ Fishing Shirts, Long Sleeve UV Sun Hoodie, Hiking Running Swim Athletic Workout Shirt",4.7,2399,True,False,62,50+ bought in past month,14.37,29.99,Sports Outdoors,5,50,52.1,235.0,True
B0FWQZ6J4W,Soothfeel Mens Workout Shirts Quick Dry Athletic Running T-Shirts Short Sleeve Cooling Moisture Wicking Gym Active Tee Tops,4.6,49,True,False,63,,16.99,18.99,Sports Outdoors,5,,10.5,,True
B08R1CWKN4,"CS CELERSPORT Women's Merino Wool Ski Socks, 2/3 Pack Thermal Warm Winter Thick Knee High Snowboarding Skiing Socks",4.7,1932,True,False,64,100+ bought in past month,16.99,29.99,Sports Outdoors,5,100,43.3,470.0,True
B0DG98GL7Z,SWOOC Games - Replacement Balls for Giant Kick Darts - 2 Red and 2 Black (7-inch) - Inflatable Easy-Stick Balls - Giant Outdoor Games - Soccer Yard Activity - Inflatable Soccer Dart Board,3.6,14,True,False,65,,39.99,,Sports Outdoors,5,,,,False
B00BF2Y6RK,"MAGID G138 Grayt Shadow Cotton/Polyester High Density Glove with Knit Wrist Cuff, Work, 9-1/2"" Length, Men's Size, Gray (Case of 12)",4.0,2,True,False,1,,15.09,,Sports Outdoors,6,,,,False
B0BCNZFGV2,INTO THE AM Men's T-Shirts Soft Cotton Blend Crew Neck Tee S - 4XL Athletic Fit Plain & Logo Basic T-Shirt for Men,4.4,38869,True,False,2,50+ bought in past month,27.95,,Sports Outdoors,6,50,,220.0,False
B0DS1VPS23,"Toss and Catch Ball Game - Ideal Outdoor Beach, Pool & Yard Toy for Toddlers and Kids Ages 4, 5, 6, 7, 8+, Perfect for Boys Girls - Great Birthday Gift & Stocking Stuffers",4.8,257,True,False,3,50+ bought in past month,24.29,26.99,Sports Outdoors,6,50,10.0,240.0,True
B01C4CGRYY,Denali Performance Men’s Teaser UPF 50+ ProtectUV Mega Solar Long Sleeve T-Shirt,4.5,1764,True,False,4,,27.95,,Sports Outdoors,6,,,,False
B0FMS3VZH4,Academy Sports + Outdoors eGift Card - Email Delivery,4.9,308,False,False,5,,15.0,100.0,Sports Outdoors,6,,85.0,,True
1493087800,Best Easy Day Hikes Rocky Mountain National Park (Best Easy Day Hikes Series),,,False,False,6,,12.95,,Sports Outdoors,6,,,,False
B0D75L1LN2,GoSports WOVN Beach Backpack Chair - 9 Styles Available - Premium Folding Camping Chair,4.4,195,False,False,7,,129.99,,Sports Outdoors,6,,,,False
B08R1CWKN4,"CS CELERSPORT Women's Merino Wool Ski Socks, 2/3 Pack Thermal Warm Winter Thick Knee High Snowboarding Skiing Socks",4.7,1932,True,False,8,100+ bought in past month,16.99,29.99,Sports Outdoors,6,100,43.3,470.0,True
B0D5XT5FTN,"Roadbox Mens UPF 50+ Fishing Shirts, Long Sleeve UV Sun Hoodie, Hiking Running Swim Athletic Workout Shirt",4.7,2399,True,False,9,50+ bought in past month,14.37,29.99,Sports Outdoors,6,50,52.1,235.0,True
B0D1YBC8ZQ,"Aolesy Mens Workout Shorts with Zip Pocket 5"" Lightweight Gym Running Shorts Linerless Bodybuilding Athletic Shorts",4.3,884,True,False,10,50+ bought in past month,16.99,17.99,Sports Outdoors,6,50,5.6,215.0,True
B0DSKTGCXY,"Men's UPF 50+ Sun Protection Dry Fit Workout T-Shirts Rash Guard Swim Shirts Moisture Wicking Tee for Athletic, Beach, Hiking",4.5,369,True,False,11,50+ bought in past month,19.99,,Sports Outdoors,6,50,,225.0,False
B0B4JX7PLM,TBMPOY Mens Sun Protection Hiking Shirts Long Sleeve Water UPF 50+ SPF UV Shirts Lightweight Fishing Hiking Swimming,4.5,828,True,False,12,100+ bought in past month,14.99,,Sports Outdoors,6,100,,450.0,False
B0FPM7MGL2,SANTINY Lightweight Long Sleeve Workout Tops for Women Breathable Gym Yoga Athletic Running Hiking Top UPF 50+ Sun Shirts,4.4,165,False,False,13,,14.98,18.99,Sports Outdoors,6,,21.1,,True
B0DPJRJ1J5,"6/12/30PCS Sport Foam Hockey Pucks, 3 Inch Mini Soft Foam Hockey Pucks with Mesh Bag Colored for Adult Indoor Outdoor Use Sport Game Classic Training and Practicing",4.7,61,False,False,14,,31.99,,Sports Outdoors,6,,,,False
B0F9F5XTBR,"Outdoor Waterproof Camping Blanket, Foldable Fleece Stadium Blanket for Outdoor Sports Event, Camping, Picnics",4.4,49,False,False,15,100+ bought in past month,22.99,,Sports Outdoors,6,100,,440.0,False
B0FX8JJD46,20x52 Binoculars for Adults High Powered - HD Large View Binoculars with Low Light Vision - Professional Binocular for Hunting Bird Watching Travel Cruise Outdoor Sports Gifts for Men - Green,4.5,896,False,False,16,50+ bought in past month,33.99,45.99,Sports Outdoors,6,50,26.1,225.0,True
B0F93LFY1K,Fanshen Kids Baseball Sunglasses Youth - Sports Polarized Sunglasses Softball Cycling for Boys Girls Ages 3-12 UV Protection,4.7,109,False,False,17,1K+ bought in past month,14.99,24.99,Sports Outdoors,6,1000,40.0,4700.0,True
B000KIBRVI,"Champion Sports Rhino Playground Ball Set, 8.5""D -Two-Ply, Nylon Wound - Set of 6 Colors",4.4,655,False,False,18,300+ bought in past month,38.69,44.99,Sports Outdoors,6,300,14.0,1320.0,True
B0CCDB7CY8,"Whistle, Outdoor Sports Whistles with Lanyard, Very Loud Sound Whistles Bulk Perfect for Referees, Coaches, Emergencies",4.6,2226,False,False,19,300+ bought in past month,16.99,,Sports Outdoors,6,300,,1380.0,False
B08GJ6T6XL,"unanscre 31PCS 3 in 1 Carnival Outdoor Games Combo Set for Kids, Soft Plastic Cones Bean Bags Ring Toss Game, Gift for Birthday Party/Xmas",4.6,3480,False,False,20,1K+ bought in past month,22.99,,Sports Outdoors,6,1000,,4600.0,False
B08JGNRJ8P,"BooTaa 29"" Large Dart Board for Kids, Kids Dart Board with Sticky Balls, Boys Toys, Indoor/Sport Outdoor Fun Party Play Game Toys, Birthday Gifts for 3 4 5 6 7 8 9 10 11 12 Year Old Boys Girls",4.5,11104,False,False,21,3K+ bought in past month,16.99,,Sports Outdoors,6,3000,,13500.0,False
B0CHSKF7ZR,"Light Up Football - Glow in the Dark Ball - NO 6 - Boys Gifts - Outdoor Sports, Birthday Gifts for Boys 8-15+ Year Old - Kids Teenage Youth Gift Ideas - Boy Toys Stuff Ages 8 9 10 11 12 13 14 15",4.6,2296,False,False,22,1K+ bought in past month,27.99,34.99,Sports Outdoors,6,1000,20.0,4600.0,True
B0DR2B7HVY,"Nattork Girls Roller Skates for Kids, 4 Size Adjustable Rainbow Quad Skates with All Light Up Wheels - Best Birthday Gift for Outdoor Sports",4.7,668,False,False,23,,39.99,49.99,Sports Outdoors,6,,20.0,,True
B0G1YKRDSP,PINSPARK Soft Workout Tops for Women Short Sleeve V Neck Moisture Wicking UPF 50+ Sun Protection Quick Dry Gym Shirts,4.5,92,False,False,24,,12.99,19.99,Sports Outdoors,6,,35.0,,True
B0777SZMV3,Sports Illustrated Swimsuit,,,False,False,25,,,,Sports Outdoors,6,,,,False
B09FPSTKKQ,"ihuan Winter Waterproof Gloves for Men Women Warm Running Cycling Snow Ski Gloves for Cold Weather, Thermal Windproof Material and Touch Screen Finger for Driving Snowboarding",4.2,6662,False,False,26,300+ bought in past month,11.99,14.97,Sports Outdoors,6,300,19.9,1260.0,True
B0CWLJ1DR1,"Professional Volleyball Net Outdoor Heavy Duty, All Weather Enhanced, Extended Stainless Steel Cable, Extra Thick Borders, for Backyard Beach Pool Indoor Outdoor- Regulation 32x3FT (Net Only)",4.5,212,False,False,27,100+ bought in past month,24.99,,Sports Outdoors,6,100,,450.0,False
B0DFBMCDX8,"4 in 1 Kids Basketball Hoop and Tball Set for Toddlers 3-5, Adjustable Hanging Tee Ball Stand with Automatic Baseball Pitching Machine, Indoor Outdoor Sport Toys Birthday for Boys",4.1,269,False,False,28,100+ bought in past month,44.99,55.99,Sports Outdoors,6,100,19.6,410.0,True
B0DCK7J995,"KOREA (Type E) UV Sun Protection Balaclava Half Face Mask - For Golf, Hiking, Running, Cycling & Outdoor Sports",4.4,108,False,False,29,,19.99,,Sports Outdoors,6,,,,False
B0CPXVQ6J4,"Fleece Waterproof Outdoor Blanket - Windproof Stadium Blanket for Camping, Picnics, and Sports Stay Dry and Comfortable 80""x 58""(Red)",4.6,221,False,False,30,50+ bought in past month,27.95,34.95,Sports Outdoors,6,50,20.0,230.0,True
B0DR8NSJ5K,"Sports Equipment Organizer, Garage Storage with Basket and Hooks, Rolling Cart with Wheels for Toy Sports Gear Storage, Ball Rack for Indoor/Outdoor",3.8,67,False,False,31,300+ bought in past month,59.99,89.99,Sports Outdoors,6,300,33.3,1140.0,True
B09Z4KK13W,"Refresh Sports Boomerang for Kids & Adults - Soft, Durable, Easy to Throw & Catch - Ages 4-8 - Outdoor, Beach, Pool Play - Jet Black",4.2,4755,False,False,32,1K+ bought in past month,14.95,22.99,Sports Outdoors,6,1000,35.0,4200.0,True
B01GR91KHY,"30 Pack Soccer Cones, 7 Inch Colored Cones for Sports, Traffic Cones Training Agility Field Marker Plastic Cone for Skating, Football, Games, Indoor Outdoor Activity & Festive Events, 6 Colors",4.8,1786,False,False,33,400+ bought in past month,15.99,17.99,Sports Outdoors,6,400,11.1,1920.0,True
B0D5XT5FTN,"Roadbox Mens UPF 50+ Fishing Shirts, Long Sleeve UV Sun Hoodie, Hiking Running Swim Athletic Workout Shirt",4.7,2399,True,False,34,50+ bought in past month,14.37,29.99,Sports Outdoors,6,50,52.1,235.0,True
B0BQC1J556,"8 Tier Detachable Wall Mounted Basketball Rack,Vertical/Horizontal Football Holder,Holds 14 Balls DIY1/2/3/4 Soccer Stand,Height-Adjustable Ball Rack with Basket for Garage,Tool Room",4.5,284,False,False,35,200+ bought in past month,28.49,29.99,Sports Outdoors,6,200,5.0,900.0,True
B0DGLJ992H,"Garage Ball Storage Wall-Mounted & Floor Sports Equipment Organizer: Sports Ball Rack with Elastic Rope, Holder for Basketball, Soccer, Volleyball, Football, Garage, Gym, Black(Patent Pending)",4.4,158,False,False,36,,34.99,36.99,Sports Outdoors,6,,5.4,,True
1493050575,Best Climbs Los Angeles,,,False,False,37,,19.83,24.95,Sports Outdoors,6,,20.5,,True
B0F2FKKVS4,"Realspring 6 Pcs Multi Sport Ball Set for Kid Teen Official Size Football, Basketball, Soccer, Volleyball, Playground Ball, Baseball with Sports Equipment Bag Pump Back to School Gift",4.5,38,False,False,38,,43.99,48.99,Sports Outdoors,6,,10.2,,True
B087NBTMT5,Men's Cooling Ice Silk Running Shirts Quick Dry Short Sleeve Athletic Gym T-Shirts UPF 50+ Outdoor Workout Tshirts,4.4,1304,True,False,39,,16.99,,Sports Outdoors,6,,,,False
B00FPQQDMI,"Franklin Sports Fun 5 Combo Outdoor Game Set - Backyard, Beach + Camping Games for Kids - Badminton, Volleyball, Flip Toss, Flying Disc - Horseshoes or Ring Toss",4.2,6136,False,False,40,,30.99,64.99,Sports Outdoors,6,,52.3,,True
B08P286Q26,"Nerf Pro Grip Football, Blue, Classic Foam Ball, Easy to Catch & Throw, Sports Toys, Christmas Gifts or Stocking Stuffers for Kids",4.7,7896,False,False,41,2K+ bought in past month,14.97,,Sports Outdoors,6,2000,,9400.0,False
B017THBBUO,"GoSports Portable Cornhole Sets, 8 Styles – Choose 4 x 2 ft or 3 x 2 ft - Boards Include 8 Bean Bags, Travel Case, and Game Rules",4.2,29675,False,False,42,50+ bought in past month,99.99,,Sports Outdoors,6,50,,210.0,False
B0DF7P9Z7G,4 in 1 Toddler Basketball Hoop and T Ball Set - Adjustable Kids Basketball Goal Baseball Tee with Pitching Machine - Christmas Birthday Indoor Outdoor Sport Toy Games Gifts for Boys Girls Age 3-5,4.3,116,False,False,43,,30.99,35.99,Sports Outdoors,6,,13.9,,True
B0FPM8KT48,Overmont 2PCS Oversized Camping Chair for Adults - 400lbs Support Heavy Duty Padded Folding Chair with Cooling Bag Cup Holder Side Pocket Carry Bag - Comfortable Portable for Outdoor Garden Sports,3.1,10,False,False,44,,109.99,,Sports Outdoors,6,,,,False
B0FBX37VQN,"Tactical Military Watch for Men - Field-Tested Analog Quartz with Luminous Dial, 30M Water Resistant Nylon Band & Second Hand | Unisex Army Sport Wristwatch",4.2,241,False,False,45,50+ bought in past month,7.99,19.99,Sports Outdoors,6,50,60.0,210.0,True
B0CY224V2K,NORTHYARD Men's Athletic Running T-Shirts Quick Dry Workout Shirts Short-Sleeve Sports Gym Tee Tops Performance Activewear,4.4,827,True,False,46,,19.99,,Sports Outdoors,6,,,,False
B0CXXLS6QR,BIRCEN Mens Sports Baseball Sunglasses: TR90 Lightweight Cycling Glasses Wrap Around Running Glasses for Outdoor MTB Bike,4.7,292,False,False,47,100+ bought in past month,19.59,24.59,Sports Outdoors,6,100,20.3,470.0,True
B0FG6LR471,"Oversized Camping Chair, Portable Folding Padded Camp Chairs with Side Pocket, Cup Holder, Heavy Duty Support 500LBS Outdoor Lounge Chair for Adults, Fishing, Sports, Trip, Black",4.3,245,False,False,48,50+ bought in past month,65.99,,Sports Outdoors,6,50,,215.0,False
B0DCN1WDM1,"EMERIT Oversized Fully Padded Camping Chair, Heavy Duty 650LB Folding Camping Loveseat, Quad Fold Double Camping Couch with Cup Holders & Carry Bag for Outdoor, Lawn, Sports Events | HIgh Back, Rip resistance, Extra Wide Design, Cross-bracing Hubs, Easy Setup",4.7,393,False,False,49,600+ bought in past month,68.79,85.99,Sports Outdoors,6,600,20.0,2820.0,True
B0D81J6PRL,Long Sleeve Shirts for Men - Quick Dry Moisture Wicking UV UPF Sun Protection T-Shirts for Fishing Workout Swim,4.6,1513,False,False,50,100+ bought in past month,8.99,9.99,Sports Outdoors,6,100,10.0,460.0,True
B0GCYXK236,"ehomful HD 1080P Cat Camera Collar with Video Record Wireless Mini Sport cam,Small Action Cameras,Body Camera for Pet Supplies/Stuff,Outdoor/Inoor Birthday Gift No WiFi",5.0,21,False,False,51,,49.99,,Sports Outdoors,6,,,,False
B01G93A54M,"Outdoor Sports Athlete's Sunglasses for Cycling Fishing Golf,100% UV Protection",4.2,575,False,False,52,100+ bought in past month,5.59,11.28,Sports Outdoors,6,100,50.4,420.0,True
B07HJSHT8P,Franklin Sports Kids Baseball Tee - MLB 2-in-1 Grow-with-Me Tee Ball,4.4,17947,False,False,53,9K+ bought in past month,23.99,49.99,Sports Outdoors,6,9000,52.0,39600.0,True
B0016P4ARW,"Champion Sports Rhino Playground Balls 8.5"" D - Two Ply, Nylon Wound, Red (Set of 1 Ball)",4.4,969,False,False,54,700+ bought in past month,7.64,8.99,Sports Outdoors,6,700,15.0,3080.0,True
B0D986JMNT,"55L Large Duffle Bag, 3-in-1 Tactical Backpack MOLLE Pack for Sports, Gym, Outdoor, Olive Green",4.6,493,False,False,55,50+ bought in past month,35.99,39.99,Sports Outdoors,6,50,10.0,230.0,True
B08QGKLXSH,Kekeou 42000LM Stadium Lights Outdoor LED Flood Light 300W 6500K IP67 Waterproof 1500 Watt Equivalent with 3 Adjustable Heads Wider Lighting Angle for Sports Fields and Court,4.3,255,False,False,56,,99.99,,Sports Outdoors,6,,,,False
B0FY1PGB95,"1 Pack Men's Waffle Henley Long Sleeve Shirt, 3 Button Thermal Top for Casual & Outdoor Multi-Season Wear",2.0,184,False,False,57,50+ bought in past month,19.13,,Sports Outdoors,6,50,,100.0,False
B07MWPDS3V,"WeatherPod® The Original Shark Tank MyPod™ 1-2 Person Pop-Up Pod - Stay Warm, Dry, and Out of The Sun - Weather Pod for Sports, Rain, or Wind",4.4,2761,False,False,58,50+ bought in past month,119.99,,Sports Outdoors,6,50,,220.0,False
B08NT1NVSH,American Trends Womens Athletic Knee High Socks Outdoor Sport Thigh High Stockings Casual Stripes Tube Socks,4.5,3333,False,False,59,100+ bought in past month,5.99,,Sports Outdoors,6,100,,450.0,False
B0D1QZ7464,NIMOJIRO Men's 2 in 1 Running Shorts Workout Athletic Training Gym Outdoor Sports Shorts,4.2,1697,False,False,60,200+ bought in past month,9.99,,Sports Outdoors,6,200,,840.0,False
B0DQVLV7P4,"Rhone Atmosphere Tee - Ultra-Soft Everyday Mens Shirts, Lightweight, Moisture-Wicking, Anti-Odor",4.6,103,True,False,61,,58.0,,Sports Outdoors,6,,,,False
B0FF62FBS5,"Wave Runner Glow in The Dark LED Football - Junior Size Waterproof Light Up Football, Type-C Rechargeable with Pump, Outdoor Sports Toy for Kids, Teens, and Adults",4.0,743,True,False,62,,25.75,27.75,Sports Outdoors,6,,7.2,,True
B0DY5ZYCYH,"Winter Fashion Genuine Leather Gloves for Men, Cashmere Warm Lined Finger Touchscreen Texting Driving Gloves",4.5,662,True,False,63,100+ bought in past month,19.99,29.99,Sports Outdoors,6,100,33.3,450.0,True
B0FWQZ6J4W,Soothfeel Mens Workout Shirts Quick Dry Athletic Running T-Shirts Short Sleeve Cooling Moisture Wicking Gym Active Tee Tops,4.6,49,True,False,64,,16.99,18.99,Sports Outdoors,6,,10.5,,True
B0F5B4YVLC,Mens UPF 50+ Sun Hoodie UV Protection Long Sleeve Swimming Rash Guard SPF Quick Dry Fishing Shirt for Outdoor Sports,4.5,120,True,False,65,,21.99,,Sports Outdoors,6,,,,False
B01C4CGRYY,Denali Performance Men’s Teaser UPF 50+ ProtectUV Mega Solar Long Sleeve T-Shirt,4.5,1764,True,False,1,,27.95,,Sports Outdoors,7,,,,False
B0DY5ZYCYH,"Winter Fashion Genuine Leather Gloves for Men, Cashmere Warm Lined Finger Touchscreen Texting Driving Gloves",4.5,662,True,False,2,100+ bought in past month,19.99,29.99,Sports Outdoors,7,100,33.3,450.0,True
B00BF2Y6RK,"MAGID G138 Grayt Shadow Cotton/Polyester High Density Glove with Knit Wrist Cuff, Work, 9-1/2"" Length, Men's Size, Gray (Case of 12)",4.0,2,True,False,3,,15.09,,Sports Outdoors,7,,,,False
B0DQVLV7P4,"Rhone Atmosphere Tee - Ultra-Soft Everyday Mens Shirts, Lightweight, Moisture-Wicking, Anti-Odor",4.6,103,True,False,4,,57.95,,Sports Outdoors,7,,,,False
B09WM8GJM9,"EighteenTek® Pod All Weather Sports Tent with Attached Floor, Instant Outdoor Bubble Tent, Rainproof Camping Sun Shelter for Sports Events Camping Fishing Cheering 1-4 Person",4.2,1136,False,False,5,100+ bought in past month,163.29,199.99,Sports Outdoors,7,100,18.4,420.0,True
B0BPX7P9FT,TACVASEN Men's Long Sleeve Athletic Shirts 1/4 Pullover Zip Sun Protection Rash Guard UPF 50+ Outdoor Running T-Shirts,4.5,1118,False,False,6,,14.99,24.98,Sports Outdoors,7,,40.0,,True
B0BMFYS141,GADIEMKENSD Reflective Folding Outdoor Hat Unstructured Design UPF 50+ Sun Protection Sport Hats for Womens and Mens,4.5,8631,False,False,7,500+ bought in past month,12.99,,Sports Outdoors,7,500,,2250.0,False
B0D5XT5FTN,"Roadbox Mens UPF 50+ Fishing Shirts, Long Sleeve UV Sun Hoodie, Hiking Running Swim Athletic Workout Shirt",4.7,2399,True,False,8,50+ bought in past month,14.37,29.99,Sports Outdoors,7,50,52.1,235.0,True
B0F1CZ3JQ5,"Boys Rash Guard Swim Shirt, UPF 50+ Sun Protection Short Sleeve Rashguard, Kids Quick Dry Beach Surfing Water Shirt",4.6,100,True,False,9,,12.99,,Sports Outdoors,7,,,,False
B0DSKTGCXY,"Men's UPF 50+ Sun Protection Dry Fit Workout T-Shirts Rash Guard Swim Shirts Moisture Wicking Tee for Athletic, Beach, Hiking",4.5,369,True,False,10,50+ bought in past month,19.99,,Sports Outdoors,7,50,,225.0,False
B07PLHM2LY,Roadbox Mens UPF 50+ UV Sun Protection Shirts Outdoor Long Sleeve SPF Rash Guard for Fishing Hiking Swimming Running,4.6,21583,True,False,11,300+ bought in past month,14.24,29.99,Sports Outdoors,7,300,52.5,1380.0,True
B0DQKYHG2X,Men's Sun Protection Long Sleeve Shirts UPF 50+,4.6,755,True,False,12,,19.99,,Sports Outdoors,7,,,,False
1892947757,Sportsman's Best: Offshore Fishing,4.4,46,False,False,13,,,,Sports Outdoors,7,,,,False
B0BNVPK15S,"Jerify 4 Pcs Sport Balls Set Official Size Athletic Balls Include Soccer, Football, Basketball, Volleyball for Indoor Outdoor Game Youth Adult Operation Christmas Ball Gifts",4.2,89,False,False,14,100+ bought in past month,46.99,49.99,Sports Outdoors,7,100,6.0,420.0,True
B0GFW9BCN6,JOINFREE Toddler Sandals Kids Wide Girls Boys Aqua Athletic Sneakers Barefoot Beach Sandals Quicky-Dry Non-slip Outdoor Water Sports Hiking Sandals Summer Water Shoes for Pool River Swim,4.8,11,False,False,15,,23.99,,Sports Outdoors,7,,,,False
B078W43BTR,Venture Pal 35L Ultralight Lightweight Packable Foldable Travel Camping Hiking Outdoor Sports Backpack Daypack,4.6,16667,False,False,16,100+ bought in past month,21.99,31.99,Sports Outdoors,7,100,31.3,460.0,True
B0DTJKYBHK,"Soft Flying Disc – Fun Outdoor Toy for Kids, Teens & Adults – Easy to Catch - Fun Christmass Gifts for Kids - Pool & Beach Games – Holiday Present Easter Stuffer for Boys & Girls Ages 3 4 5 6–12+",4.3,240,False,False,17,100+ bought in past month,13.97,19.99,Sports Outdoors,7,100,30.1,430.0,True
B0DF7P9Z7G,4 in 1 Toddler Basketball Hoop and T Ball Set - Adjustable Kids Basketball Goal Baseball Tee with Pitching Machine - Christmas Birthday Indoor Outdoor Sport Toy Games Gifts for Boys Girls Age 3-5,4.3,116,False,False,18,,30.99,35.99,Sports Outdoors,7,,13.9,,True
B0CS5Q7FTC,"STORAGE MANIAC Basketball Rack 3-Shelf Training Stand Ball Holder Sports Ball Cart Garage Organizer Ball Basket Storage, Ball Rack for Garage or Gym, Indoor & Outdoor Sports Equipment Organizer",4.7,106,False,False,19,100+ bought in past month,39.89,41.99,Sports Outdoors,7,100,5.0,470.0,True
B0C8NFSGRP,Boy's Cargo Joggers Pants Youth Quick Dry Hiking Lightweight Pants for Sports Outdoor with Zipper Pockets,4.3,1469,False,False,20,300+ bought in past month,14.99,,Sports Outdoors,7,300,,1290.0,False
B0FGZMZLFT,Hall of Games Outdoor Volleyball and Badminton Net with Carrying Bag Accessories Set and Adjustable Steel Poles Perfect for Parties,5.0,2,False,False,21,,54.99,,Sports Outdoors,7,,,,False
B0D8X8PVCB,"Nice C Chair with Canopy, Heated Camping Chair with Battery, Outdoor Sports Chairs with Shade, Heated Folding Umbrella Lawn Chairs, with Removable Footrest (1-Pack)",4.4,69,False,False,22,100+ bought in past month,105.99,,Sports Outdoors,7,100,,440.0,False
B0F227QHLB,"Li&Lu Sport Camera with WiFi, Camera Sunglasses for Outdoor Sports Supports iOS&Android (64GB TF Card Included)",3.5,57,False,False,23,,79.99,,Sports Outdoors,7,,,,False
B0DC4MQB45,"Sports Tent: Flycoop Portable Weather Pop Up Pod 1 Person to Provide Shelter from Wind Rain and Cold Weather Shelter for Outdoor Activities, Sports Events, Camping and Hiking",4.4,111,False,False,24,,69.99,92.99,Sports Outdoors,7,,24.7,,True
B0D229ZXTN,"BLUE CUT Sports Protection Goggles, Photochromic Lenses Safety Glasses for Basketball, Pickleball and Outdoor Sports",4.2,245,False,False,25,,32.97,,Sports Outdoors,7,,,,False
B0CKSQ1687,LOMON Women Long Sleeve Shirts Sun Protection 1/4 Zip Summer Quick Dry Hiking Shirts Quarter Zip Pullover for Women,4.5,2007,False,False,26,,19.99,,Sports Outdoors,7,,,,False
B0CH9FCGXX,"Liberry Toddler Golf Set, Retractable Toy Golf Clubs with Putting Mat & Storage Bag for Kids Ages 2 3 4 5, Indoor and Outdoor Sports Games Birthday Gift for Boys Girls",4.3,906,False,False,27,50+ bought in past month,21.99,,Sports Outdoors,7,50,,215.0,False
B0D5XT5FTN,"Roadbox Mens UPF 50+ Fishing Shirts, Long Sleeve UV Sun Hoodie, Hiking Running Swim Athletic Workout Shirt",4.7,2399,True,False,28,50+ bought in past month,14.37,29.99,Sports Outdoors,7,50,52.1,235.0,True
B07VB6SR2T,DOUSSPRT Men's Water Shoes Quick Drying Sports Aqua Shoes,4.4,31315,True,False,29,200+ bought in past month,23.79,27.99,Sports Outdoors,7,200,15.0,880.0,True
B0DNV4MP9Y,"Astral Brewer 3.0 Shoes - Barefoot, Quick-Drying Men’s & Women’s Sneaker for Casual Wear, Water Sports, Travel, & Hiking",4.6,40,True,False,30,,150.0,,Sports Outdoors,7,,,,False
B07MFWX42Y,DOUSSPRT Women's Water Shoes Quick Drying Sports Aqua Shoes,4.5,19290,True,False,31,50+ bought in past month,27.99,,Sports Outdoors,7,50,,225.0,False
B00WO7WI8Y,"Astral Men's Loyak Shoes - Barefoot, Quick-Drying, Minimalist Sneaker for Casual Wear, Water Sports, Travel, & Hiking",4.4,1057,True,False,32,,110.0,,Sports Outdoors,7,,,,False
B0F5B4YVLC,Mens UPF 50+ Sun Hoodie UV Protection Long Sleeve Swimming Rash Guard SPF Quick Dry Fishing Shirt for Outdoor Sports,4.5,120,True,False,33,,21.99,,Sports Outdoors,7,,,,False
B0GD7QG66Z,"Runhit Men's UPF 50+ Sun Protection Shirt Short Sleeve Quick Dry UV Swim Rash Guard for Beach, Fishing & Outdoor Sports",4.8,19,True,False,34,,9.99,19.99,Sports Outdoors,7,,50.0,,True
B0B9ZG2DGX,"Astral Women's Loyak Shoes - Barefoot, Quick-Drying, Minimalist Sneaker for Casual Wear, Water Sports, Travel, & Hiking",4.4,405,True,False,35,,110.0,,Sports Outdoors,7,,,,False
